Date,Open,High,Low,Close,Volume,Dividends,Stock Splits
2011-07-25,647.3300973194067,661.5886659352323,647.2945041897783,659.4703369140625,1897796,0.0,0.0
2011-07-26,660.057713902458,663.7959211360178,631.3804589262894,633.1071166992188,4202653,0.0,0.0
2011-07-27,634.4955911051381,639.1772606533272,617.7271704671426,626.164794921875,3477559,0.0,0.0
2011-07-28,622.6758009605272,624.3491179694062,614.8789993031733,619.5606689453125,2498379,0.0,0.0
2011-07-29,618.0476327406768,623.3879224561482,611.6926943351822,614.3272705078125,2020509,0.0,0.0
2011-08-01,618.0475926818135,629.1731833116892,618.0475926818135,628.01611328125,1771922,0.0,0.0
2011-08-02,625.8799396204083,627.2684137718196,612.3512760401929,617.3533325195312,1774575,0.0,0.0
2011-08-03,611.639227044438,611.639227044438,587.786014234749,590.545166015625,6375530,0.0,0.0
2011-08-04,593.8383701377808,595.3514692908789,584.7599218941785,586.931640625,2753907,0.0,0.0
2011-08-05,576.3400705448909,585.6499226579459,559.4113821630509,583.3892211914062,4570713,0.0,0.0
2011-08-08,566.0689649771771,596.010071173002,564.2888685111856,580.7546997070312,7153551,0.0,0.0
2011-08-09,557.7025924616001,589.9222494268143,557.7025924616001,573.9014282226562,6592207,0.0,0.0
2011-08-10,587.4300479670123,591.987093144115,579.7756670853528,590.0645751953125,3323326,0.0,0.0
2011-08-11,587.4300396780912,590.9902327003311,581.0217117947242,584.0122680664062,2138206,0.0,0.0
2011-08-12,591.7024576033542,593.8385349053159,578.8323596235764,586.3087768554688,2999376,0.0,0.0
2011-08-16,591.7734730667876,594.1943925713267,573.1893125540066,578.5296020507812,2738360,0.0,0.0
2011-08-17,582.4091466477056,594.1557505661779,576.2484866674162,590.3480224609375,3086698,6.444444,0.0
2011-08-18,592.0005343353604,592.485466487662,582.3194534303459,584.8160400390625,2878245,0.0,0.0
2011-08-19,574.7576816822901,575.8353852644539,553.2043006849063,555.197998046875,6431069,0.0,0.0
2011-08-22,556.1140772363001,565.4179667998392,545.3553418784347,561.1072998046875,3630177,0.0,0.0
2011-08-23,565.902923463059,574.6859175634424,561.3946332465797,572.1893310546875,2935183,0.0,0.0
2011-08-24,572.602260380666,578.2420736213415,553.5634261618944,559.6881713867188,2945610,0.0,0.0
2011-08-25,559.38293678462,563.5858625035465,547.492628707391,555.5392456054688,4280528,0.0,0.0
2011-08-26,557.335410284484,563.6218178691189,547.8159902659311,550.0970458984375,4128718,0.0,0.0
2011-08-29,559.3110879901587,588.2106225578699,554.1382489465274,579.8766479492188,4091377,0.0,0.0
2011-08-30,584.6363770194926,591.6412534772912,564.4839697717305,577.9727783203125,4570249,0.0,0.0
2011-09-02,583.6304736409938,583.7382637255827,570.2494076069502,578.0984497070312,3198474,0.0,0.0
2011-09-05,569.0101683108559,586.9713533474397,567.5732794277515,583.828125,3969778,0.0,0.0
2011-09-06,581.9781161003527,592.3597083096807,575.4223076578121,590.6713256835938,3606844,0.0,0.0
2011-09-07,590.6174153210167,608.4887653804257,590.6174153210167,603.5135498046875,4741474,0.0,0.0
2011-09-08,606.7287370602061,618.9423187471039,594.5510196349061,614.721435546875,5243762,0.0,0.0
2011-09-09,612.4940673227201,615.7091222874288,603.0105628827666,608.0037841796875,4400844,0.0,0.0
2011-09-12,598.1071827181906,599.9033058653272,584.09748136874,591.0843505859375,3986239,0.0,0.0
2011-09-13,590.9227896464095,600.9990180261696,583.379110623488,587.2766723632812,1956251,0.0,0.0
2011-09-14,588.120834960915,589.1266620280855,573.3567005591817,577.864990234375,4403047,0.0,0.0
2011-09-15,582.2655108937416,582.2655108937416,565.8309994935234,571.3989868164062,4613487,0.0,0.0
2011-09-16,575.5302210771134,586.3967486490108,573.71614034856,577.9190673828125,4003663,0.0,0.0
2011-09-19,574.0392170834413,574.0392170834413,560.3707439728535,560.8377685546875,4533997,0.0,0.0
2011-09-20,561.8256901458898,564.9150481955088,557.1557888133162,561.4305419921875,5632206,0.0,0.0
2011-09-21,562.7955897259912,570.806293370631,557.9281144377283,560.0296020507812,3408439,0.0,0.0
2011-09-22,554.138189382773,554.138189382773,531.6867245738521,535.7998657226562,7750496,0.0,0.0
2011-09-23,531.6508528170256,531.6508528170256,517.3178297673547,521.3231811523438,6487438,0.0,0.0
2011-09-26,522.311137471582,523.3887918639235,506.5053095019115,512.450439453125,4349502,0.0,0.0
2011-09-27,522.706195855112,525.1848251976853,518.0003815963465,519.3115234375,2792272,0.0,0.0
2011-09-28,522.2392742313992,522.4367989688225,502.93098448901054,504.24212646484375,4059875,0.0,0.0
2011-09-29,503.55956480124127,503.55956480124127,484.4668573580034,491.9566650390625,9596691,0.0,0.0
2011-09-30,492.4954584695319,502.3381977484008,485.23913855329556,487.6818542480469,6847715,0.0,0.0
2011-10-03,482.6887253010393,482.70668209465066,467.9425965210719,473.8877258300781,5427659,0.0,0.0
2011-10-04,472.738250955597,489.80134899912963,470.9959979644108,480.8926086425781,6583880,0.0,0.0
2011-10-05,484.9518476466575,491.23825500520456,481.05428593736593,482.45526123046875,3468762,0.0,0.0
2011-10-07,496.0876849253708,502.37409116173546,493.9323273210751,500.4522705078125,3980576,0.0,0.0
2011-10-10,500.39843392012335,503.18242767730266,491.47173656836543,497.6324462890625,3331874,0.0,0.0
2011-10-11,503.27233544335417,511.85775631062796,503.27233544335417,506.4334716796875,3042045,0.0,0.0
2011-10-12,510.09757577088305,519.9044047199577,504.13448822314604,518.5752563476562,3873584,0.0,0.0
2011-10-13,520.1557746155875,520.874243758506,507.5829592693562,509.77423095703125,2629665,0.0,0.0
2011-10-14,507.9421097564192,513.2765597316632,502.5537400720834,505.6250915527344,3309770,0.0,0.0
2011-10-17,509.1995151018722,509.702404085409,494.05823522645437,495.78253173828125,2715502,0.0,0.0
2011-10-18,489.6217705466383,490.51985697015033,481.0363504626234,484.4848937988281,3575472,0.0,0.0
2011-10-19,488.5441045143292,504.6372899220399,487.3227464729768,502.9309997558594,4050706,0.0,0.0
2011-10-20,496.7342933958769,498.96147823699437,492.5673310471159,497.5964660644531,3491086,0.0,0.0
2011-10-21,497.5246278161371,509.3431083484763,475.97124674972184,479.6712341308594,13013939,0.0,0.0
2011-10-24,484.91600026498855,484.9519138588697,463.7577136237199,464.9252014160156,9524337,0.0,0.0
2011-10-25,464.60178068111145,481.71879769940756,455.36976910160917,480.29986572265625,10888454,0.0,0.0
2011-10-28,497.488642833559,510.8158374085446,496.14153821079157,509.01971435546875,6231267,0.0,0.0
2011-10-31,509.01982881782857,513.3304955154368,503.7751621364044,507.6368103027344,3296135,0.0,0.0
2011-11-01,501.1169117672484,501.47614632254715,495.01012165458263,499.3387451171875,4145467,0.0,0.0
2011-11-02,493.93250301663755,502.733504477238,490.9509839572231,499.30291748046875,4977823,0.0,0.0
2011-11-03,497.2014390431553,498.9615997289197,489.0470309468885,495.81842041015625,4186282,0.0,0.0
2011-11-04,502.82313700833663,505.0323651068722,498.09936601096547,500.6498718261719,3629814,0.0,0.0
2011-11-08,503.2723648497625,504.7092540105738,495.207789285757,500.2548828125,3537020,0.0,0.0
2011-11-09,503.27215364387393,503.27215364387393,491.7949526400768,493.66290283203125,3021079,0.0,0.0
2011-11-11,491.05849551821996,491.70508792812547,475.0730558361134,477.9109191894531,4496253,0.0,0.0
2011-11-14,484.59249360888157,484.9158144936671,474.17503944943024,476.6357116699219,3099834,0.0,0.0
2011-11-15,476.33042186443384,481.28772999053007,458.189670539401,462.8236083984375,3474310,0.0,0.0
2011-11-16,458.6926040978064,458.6926040978064,439.68967820453275,444.1799621582031,7832115,0.0,0.0
2011-11-17,442.9227307585534,450.75381786249375,438.37852667661303,442.83294677734375,5588752,0.0,0.0
2011-11-18,441.4857900980625,450.08916642969075,431.463432374429,447.0896911621094,6318573,0.0,0.0
2011-11-21,448.67017644657915,453.91484228700705,438.25272126486266,440.9289245605469,5830969,0.0,0.0
2011-11-22,441.84501267936514,446.7663581053509,438.7197412737211,440.80322265625,3818682,0.0,0.0
2011-11-23,437.5343070369456,441.84502291480646,424.7818753396321,427.2066345214844,5963413,0.0,0.0
2011-11-24,427.4760274794637,441.77308686286455,421.818256817717,439.6896057128906,8078782,0.0,0.0
2011-11-25,437.17507244005674,461.8896367763627,434.66048024004607,454.7590637207031,8496528,0.0,0.0
2011-11-28,461.2430861438302,465.4819254195785,452.6935310857901,459.6804504394531,4008177,0.0,0.0
2011-11-29,459.80619431420075,463.2008176058106,451.95715158824936,458.764404296875,4489008,0.0,0.0
2011-11-30,454.7770692988391,458.9081185487938,449.06537819292777,456.9862976074219,4421153,0.0,0.0
2011-12-01,469.1461198162221,476.29465214925517,462.1412418694767,465.0509338378906,5102259,0.0,0.0
2011-12-02,466.2002990009744,472.09155736613957,459.17746675533454,470.6905822753906,3822012,0.0,0.0
2011-12-05,468.06825424586015,475.59402473890674,464.83524236133206,472.6124572753906,3181830,0.0,0.0
2011-12-07,472.3789960573337,479.56343990694404,469.7925765387344,478.4319152832031,3292254,0.0,0.0
2011-12-08,475.97128835445096,477.76736249043944,449.6401646878253,452.7295227050781,5225202,0.0,0.0
2011-12-09,447.1615075012422,450.5741369469286,437.64208823984376,440.71343994140625,5142129,0.0,0.0
2011-12-12,445.4911648297775,446.19162783302284,426.47028165763123,429.4697570800781,5179016,0.0,0.0
2011-12-13,425.7517952300969,426.30860385017024,414.54404231053593,420.52508544921875,5621775,0.0,0.0
2011-12-14,417.9925640642644,428.87699546473993,415.26244081854804,416.62750244140625,5109322,0.0,0.0
2011-12-15,413.7896311898204,415.46000760341803,399.6721385795165,407.0362243652344,6545531,0.0,0.0
2011-12-16,411.88575173066374,414.5440231500099,380.7769882677187,385.3211669921875,9478680,0.0,0.0
2011-12-19,383.2915714669761,383.2915714669761,368.24010267629603,371.04205322265625,7771565,0.0,0.0
2011-12-20,369.3896382196709,370.97023089278446,348.62652591903475,351.2129211425781,12356095,0.0,0.0
2011-12-21,358.86436975253974,363.1750610946659,348.14154877995526,359.1158142089844,14205451,0.0,0.0
2011-12-22,358.1459253703844,365.49205498133017,351.3566043881216,360.9478759765625,9982147,0.0,0.0
2011-12-23,366.3721234142266,374.9216539795445,358.8643582282402,362.4027099609375,8273101,0.0,0.0
2011-12-26,364.8813666917851,371.34739120876736,364.2527062346916,368.5454406738281,2640631,0.0,0.0
2011-12-27,369.4255483111092,377.0051654472319,366.4080668920945,369.49737548828125,5180217,0.0,0.0
2011-12-28,367.8449391129833,371.5449265432604,361.7740629610839,369.76678466796875,3220272,0.0,0.0
2011-12-29,368.1682158494745,369.19199968276456,357.104143067007,359.0439453125,4525890,0.0,0.0
2011-12-30,361.0196714272263,363.5342391007646,355.81094348383766,357.3017272949219,5552145,0.0,0.0
2012-01-02,359.94202382654197,364.6119247353045,355.8827772219861,362.47454833984375,3307961,0.0,0.0
2012-01-03,367.0905947972384,382.46538550874396,366.4080885781517,381.0823669433594,5295413,0.0,0.0
2012-01-04,382.357578998655,387.2070971883267,377.5439743958372,384.3153381347656,5844006,0.0,0.0
2012-01-05,384.369200274692,393.3497920629513,382.60901523586364,390.7633972167969,5904018,0.0,0.0
2012-01-06,387.6022130112106,392.4517311054153,381.15417034460233,388.5002746582031,3931557,0.0,0.0
2012-01-09,387.8896175071704,392.4876914250237,375.8556302263419,390.8711853027344,3845646,0.0,0.0
2012-01-10,393.43962179913484,409.5867261579444,393.43962179913484,407.2876892089844,6069096,0.0,0.0
2012-01-11,408.79644853635114,413.4663498232499,402.76148551984545,412.0653991699219,4396176,0.0,0.0
2012-01-12,410.59252205540827,421.24351467860953,403.9289240351486,406.5692138671875,5465009,0.0,0.0
2012-01-13,409.1556437583833,423.14738947902305,406.6410760766017,421.1896057128906,5014075,0.0,0.0
2012-01-16,418.4954497800258,434.12165848961104,411.742042888243,431.6968994140625,4925682,0.0,0.0
2012-01-17,434.6605656156534,458.01012235191706,434.6605656156534,455.2799987792969,6813906,0.0,0.0
2012-01-18,454.41779525752617,462.30275106686594,443.2998275051146,445.6527099609375,7361262,0.0,0.0
2012-01-19,450.8255653615834,460.32702749145136,447.59255329976185,458.7823486328125,4449406,0.0,0.0
2012-01-20,461.2071666101864,464.4761420076882,451.45425879933435,457.7945861816406,5514394,0.0,0.0
2012-01-23,455.85470553482605,465.91297635165563,440.42607090583454,458.8362731933594,11460876,0.0,0.0
2012-01-24,463.3266148327589,490.86109147671533,462.19504072471034,485.6164245605469,12254886,0.0,0.0
2012-01-25,485.6702361026065,491.16634626354033,472.81001614556897,478.0187683105469,6968337,0.0,0.0
2012-01-27,483.1557580709172,498.6024009665347,476.7436033697277,496.2674255371094,6682002,0.0,0.0
2012-01-30,491.77715575729053,493.4116188731976,465.7513941448468,468.8946228027344,4611111,0.0,0.0
2012-01-31,473.0974549529776,474.53434384188665,459.08775128722465,470.8702697753906,9500521,0.0,0.0
2012-02-01,470.22366538964695,484.17949832189345,464.8352951924003,483.0479736328125,7372667,0.0,0.0
2012-02-02,488.47216058455507,494.6328696574443,482.0780132107529,489.2983703613281,6649706,0.0,0.0
2012-02-03,488.5441057323096,490.3402292091035,479.86885252536666,486.6042785644531,3953160,0.0,0.0
2012-02-06,493.57311739813304,501.97891790261457,489.40610606073625,497.506591796875,5029398,0.0,0.0
2012-02-07,501.11685211080254,501.11685211080254,484.2513294645162,486.56829833984375,4848473,0.0,0.0
2012-02-08,486.7479366098704,495.6925902333829,484.95181330151115,491.23822021484375,3747699,0.0,0.0
2012-02-09,489.47808941494105,492.6751884326745,481.4315208141277,486.8377990722656,4724952,0.0,0.0
2012-02-10,483.15567737613355,493.9323676130195,480.10228263121337,485.31103515625,3808199,0.0,0.0
2012-02-13,486.7120103390152,486.7120103390152,473.0255796984787,477.138671875,5562740,0.0,0.0
2012-02-14,475.97139515263774,502.55391991119706,473.5106723972161,495.5490417480469,4569243,0.0,0.0
2012-02-15,503.3261213091408,525.5441018762589,503.3261213091408,522.7062377929688,8671513,0.0,0.0
2012-02-16,517.6410330351162,527.5735543413612,514.8749969588021,520.3531494140625,5016546,0.0,0.0
2012-02-17,523.6223403797296,550.2587830818879,517.0306170271923,519.8505249023438,9588433,0.0,0.0
2012-02-21,520.8741525258887,531.2018239893611,516.5634370871225,519.7066650390625,4853180,0.0,0.0
2012-02-22,521.2334422111785,526.1188741825521,507.960115437189,511.1751708984375,6779436,0.0,0.0
2012-02-23,508.40913919547813,513.3304848058704,497.524657912542,502.7154541015625,5664775,0.0,0.0
2012-02-24,505.0683631892447,509.181455540548,481.5930622422942,484.4488830566406,5436767,0.0,0.0
2012-02-27,479.6892118523779,484.88000795386364,462.9673420710365,467.67315673828125,5668177,0.0,0.0
2012-02-28,472.64840104883865,488.3285294230691,459.08771692611697,484.520751953125,9477146,0.0,0.0
2012-02-29,490.37615094308353,495.36937330486097,465.9130267271964,469.8824157714844,9253140,0.0,0.0
2012-03-01,468.5533125335778,468.5533125335778,453.35816404861146,459.0518493652344,7183536,0.0,0.0
2012-03-02,463.3983382484035,474.516305429449,456.6269999074568,466.8648376464844,5530313,0.0,0.0
2012-03-05,463.03928710487185,463.12907108828614,452.0829278760843,455.0465393066406,3785870,0.0,0.0
2012-03-06,452.2624641424565,469.8644136096302,442.2041932092572,443.6590881347656,6304637,0.0,0.0
2012-03-07,442.20410589193875,449.72987547826455,434.66042884753364,444.5570373535156,5709262,0.0,0.0
2012-03-09,453.6994176809059,470.5829498230154,452.7475101640053,467.8348693847656,6192355,0.0,0.0
2012-03-12,474.8936435549807,488.47228735030757,474.8936435549807,484.5926818847656,6440044,0.0,0.0
2012-03-13,489.29847004211706,493.9324580521502,487.1072476071391,489.1548156738281,3485542,0.0,0.0
2012-03-14,497.52454750952046,505.6969097213276,496.626510664978,501.6915588378906,6052284,0.0,0.0
2012-03-15,499.4823412684222,501.04497671524314,484.46681367552986,489.0827941894531,4040635,0.0,0.0
2012-03-16,492.7829808048653,496.39318481348363,472.0916704069698,474.1752014160156,7069088,0.0,0.0
2012-03-19,475.6121024293163,476.8334605925194,462.0693725223367,465.75140380859375,3823886,0.0,0.0
2012-03-20,466.27225741105514,472.7382822483002,459.80623257381,462.356689453125,3823713,0.0,0.0
2012-03-21,461.69203673318236,487.6998339549482,458.87212989539074,483.6585693359375,6648729,0.0,0.0
2012-03-22,481.37756894385234,489.9450813871522,463.129025445221,465.8771057128906,5477647,0.0,0.0
2012-03-23,469.1460094362621,475.6120339175219,462.2848368219541,467.2420959472656,3590799,0.0,0.0
2012-03-26,466.2003198951729,466.2003198951729,457.6508146323453,459.7163391113281,2872901,0.0,0.0
2012-03-27,465.19451312737255,474.89354953697114,459.17750735508076,468.1401672363281,3973146,0.0,0.0
2012-03-28,465.4819964658428,475.25286164423824,464.3504223006132,469.79266357421875,4141455,0.0,0.0
2012-03-29,463.3265189351994,466.1823394756379,457.68670502148206,460.00372314453125,4393489,0.0,0.0
2012-03-30,463.29072368080864,472.37908258082905,460.7940876703481,470.2237243652344,4765610,0.0,0.0
2012-04-02,469.1459386799822,480.24594898750547,465.78718005563843,478.64739990234375,2958588,0.0,0.0
2012-04-03,482.83234648616707,491.1304565023478,482.0780132107529,489.2983703613281,3980855,0.0,0.0
2012-04-04,485.3469088403631,486.1372049837056,479.3478606002063,483.263427734375,1984155,0.0,0.0
2012-04-09,477.42610325595683,478.4678439470895,464.9251162986637,466.3979187011719,2730296,0.0,0.0
2012-04-10,469.145990205243,471.1756011694703,458.3692502903306,461.7100524902344,3511278,0.0,0.0
2012-04-11,458.01012860710915,465.1945735481795,454.7771160506634,461.1712646484375,2918090,0.0,0.0
2012-04-12,463.4702749545798,469.3974475383102,462.71589228680557,463.9013366699219,2826650,0.0,0.0
2012-04-13,468.15810672351495,476.5100379901974,458.0280089811024,460.63238525390625,2981160,0.0,0.0
2012-04-16,459.80633437654126,469.1461391355708,458.3874019304748,467.5296325683594,2931918,0.0,0.0
2012-04-17,472.2711947617371,480.28189756254153,463.5779858442639,478.77313232421875,5571009,0.0,0.0
2012-04-18,481.7188840705604,485.29317450885515,473.6004388660267,475.8455810546875,3300639,0.0,0.0
2012-04-19,476.81544354557536,477.7134805919246,468.9664004597976,473.3848571777344,2114534,0.0,0.0
2012-04-20,469.8644663708485,472.73829362578704,458.04603369613164,463.8834228515625,2760441,0.0,0.0
2012-04-23,461.1712535866183,469.0382539073929,449.02949999536776,450.3945617675781,3341821,0.0,0.0
2012-04-24,450.46637861863957,452.44211938418,436.5824215386474,437.7319030761719,6388141,0.0,0.0
2012-04-25,438.97112954562425,444.64690623811146,428.1944401433149,442.3837585449219,6283737,0.0,0.0
2012-04-26,443.64109528765204,444.9701938871888,436.9954542944296,440.6415710449219,3780180,0.0,0.0
2012-04-27,440.4081337816928,445.078034869816,432.28964026076756,438.3425598144531,2763339,0.0,0.0
2012-04-30,438.25276722141496,444.7187915749574,438.25276722141496,440.71343994140625,1956827,0.0,0.0
2012-05-02,440.04884800820474,444.3595140496004,435.0197129606534,436.2231140136719,2470268,0.0,0.0
2012-05-03,432.25369171003524,436.1153394257157,428.91293897551026,430.8168029785156,2898213,0.0,0.0
2012-05-04,428.8052206153966,428.8052206153966,406.6590897888041,412.0833740234375,6363870,0.0,0.0
2012-05-07,406.9285313409265,436.42079331723767,399.40278374643844,432.1100769042969,7239073,0.0,0.0
2012-05-08,432.34360179322437,434.30133652176386,414.54407595540715,416.2503662109375,4396351,0.0,0.0
2012-05-09,412.747883709004,426.685784324911,410.30516775886974,415.6037292480469,4351851,0.0,0.0
2012-05-10,416.8969081091709,426.38041373267663,413.50226014118584,414.88525390625,3143418,0.0,0.0
2012-05-11,410.5925405678981,418.8367313669306,403.6595163476821,408.7964172363281,4564158,0.0,0.0
2012-05-14,411.993481360571,430.3498119304535,398.54056362299747,416.4837646484375,14932732,0.0,0.0
2012-05-15,412.3886551296241,443.2818869783226,410.68234046751155,439.0610046386719,11236882,0.0,0.0
2012-05-16,432.4692569922487,438.57604692047465,429.4517756162102,433.1697692871094,6503508,0.0,0.0
2012-05-17,436.49258455206046,440.0489179000513,414.56201023501166,417.9746398925781,7619402,0.0,0.0
2012-05-18,409.5148833000747,420.93819178761044,407.75469812821024,417.1124572753906,5787510,0.0,0.0
2012-05-21,418.4954325601322,432.1459494601404,417.4177783481807,428.2843017578125,4134312,0.0,0.0
2012-05-22,433.331427822912,434.6605265668232,414.54403348192324,416.60955810546875,4457585,0.0,0.0
2012-05-23,413.10711435909917,419.7527313179176,410.35905894108333,412.8736267089844,3707581,0.0,0.0
2012-05-24,416.0167972341955,422.0876729827535,409.9818350702124,419.7347412109375,3454017,0.0,0.0
2012-05-25,417.41773737018053,428.3022165038256,416.0885895293834,426.7575378417969,2922234,0.0,0.0
2012-05-28,426.11099422286725,434.6245859670283,425.3386548033202,432.7206726074219,4012173,0.0,0.0
2012-05-29,435.4509024610417,437.4805138678371,430.56546964694024,431.8406982421875,2939562,0.0,0.0
2012-05-30,428.3023047872879,430.1343418113049,423.2372554465521,426.6139221191406,2751655,0.0,0.0
2012-05-31,422.19548071986054,428.91299938392086,417.05860401449274,421.2256164550781,3397911,0.0,0.0
2012-06-01,418.6750771515725,420.9202190166284,405.9406024992102,407.6828308105469,3349428,0.0,0.0
2012-06-04,400.9653946988346,423.52462994867506,397.319277303593,421.54888916015625,5481600,0.0,0.0
2012-06-05,423.88381310546526,436.7979045134294,418.9265049402315,435.0736083984375,7028545,0.0,0.0
2012-06-06,437.3546981569729,456.93238926004113,435.9178092807302,455.190185546875,7566138,0.0,0.0
2012-06-07,458.09991581564657,463.6319409258626,450.5562362413779,458.0101318359375,5720737,0.0,0.0
2012-06-08,459.75233813422665,474.17519724565636,453.50184382577737,470.3853759765625,5932631,0.0,0.0
2012-06-11,474.1751947684591,478.4499481719341,458.06400225886233,460.97369384765625,5815503,0.0,0.0
2012-06-12,457.65079891340645,474.78577176777475,455.9624658028094,472.6124572753906,5188783,0.0,0.0
2012-06-13,472.3789934737258,492.71101632217665,467.4396421055252,484.9158935546875,9055959,0.0,0.0
2012-06-14,481.71884671091044,484.71837143921834,462.9494081642353,465.8771057128906,6869812,0.0,0.0
2012-06-15,467.3499619331069,479.54558699207394,462.3746958739845,475.52227783203125,10299271,0.0,0.0
2012-06-18,478.84496154638754,488.09497811857045,465.5536803875074,474.1571044921875,7539880,0.0,0.0
2012-06-19,471.22948046329486,481.3236650953997,468.4275300056895,477.8751220703125,6246220,0.0,0.0
2012-06-20,479.7430359130838,485.67025732471774,478.4678076692991,482.347412109375,4667064,0.0,0.0
2012-06-21,479.8866502111159,495.29732434764855,479.4196750348082,493.15997314453125,5802727,0.0,0.0
2012-06-22,484.95188817814153,492.4955677725158,482.1140237657742,489.2445983886719,4618579,0.0,0.0
2012-06-25,488.63385377212614,496.71638415737306,485.3110576501249,486.90960693359375,3390329,0.0,0.0
2012-06-26,487.2508334904504,491.48967272818953,480.8027660003555,484.4488830566406,3446338,0.0,0.0
2012-06-27,488.7057650497905,490.3402280367127,482.79649958584446,484.07177734375,3260709,0.0,0.0
2012-06-28,486.1193214623164,489.0828831146868,480.3537599715302,482.56298828125,4081792,0.0,0.0
2012-06-29,488.1848354600284,503.2722419623459,487.48437251456306,502.1227111816406,5414791,0.0,0.0
2012-07-02,503.1823128484238,508.28327455224,499.7517272849855,502.7512512207031,3378390,0.0,0.0
2012-07-03,505.1581800976832,509.93587144788836,501.8353837716422,504.33197021484375,2687593,0.0,0.0
2012-07-04,506.0742148353563,511.10330122714987,501.83537539198676,509.6664123535156,3753058,0.0,0.0
2012-07-05,508.3013011180673,515.3959601343188,505.78670907943854,513.1328125,3198705,0.0,0.0
2012-07-06,510.56451323953695,512.5402539963692,502.1945748812676,504.70916748046875,2555246,0.0,0.0
2012-07-09,501.5479562933298,503.4698265659436,495.7285244254491,498.88970947265625,2607086,0.0,0.0
2012-07-10,500.75756804405694,510.438646140896,498.7818277524893,509.01971435546875,3033297,0.0,0.0
2012-07-11,504.8347691831905,518.0003532425652,504.34983714943854,515.80908203125,3760461,0.0,0.0
2012-07-12,510.47472013030847,514.5699056574489,504.34997263369246,505.6431579589844,3059554,0.0,0.0
2012-07-13,507.5829041075749,511.13923718119605,503.4698117737389,504.6192932128906,1711581,0.0,0.0
2012-07-16,506.50540402376504,508.2655649710872,495.40538904971436,496.8961486816406,2996491,0.0,0.0
2012-07-17,501.18870938268856,502.80521545432924,493.4474567650739,495.1717529296875,2564183,0.0,0.0
2012-07-18,495.7464250643908,504.70908417028164,489.837209896051,503.4518127441406,3184132,0.0,0.0
2012-07-19,509.3969667040323,510.47462093236044,502.93094267036645,505.28387451171875,1640313,0.0,0.0
2012-07-20,508.66073142808864,509.8102625901807,497.2015307337263,499.4646301269531,2144160,0.0,0.0
2012-07-23,495.1896631391513,499.62607602205554,483.5148872018406,495.04595947265625,9061431,0.0,0.0
2012-07-24,496.80632201964846,499.96745833289714,485.4009437800668,486.6402587890625,4014294,0.0,0.0
2012-07-25,484.95180611547187,486.49648496405257,478.16246109711574,482.02410888671875,2753604,0.0,0.0
2012-07-26,483.1557256808381,484.2154232181699,472.37903436652545,473.51055908203125,3932214,0.0,0.0
2012-07-27,478.71924058971564,485.43670869630125,469.8284580177552,474.10321044921875,3398332,0.0,0.0
2012-07-30,477.8930975529984,492.1363380475292,476.7795296429842,490.80718994140625,2987266,0.0,0.0
2012-07-31,492.2261405466248,495.477109759051,481.0543007779801,491.9207763671875,3081606,0.0,0.0
2012-08-01,490.5557374880936,497.72222493847397,488.50816964512774,496.48291015625,2091730,0.0,0.0
2012-08-02,494.4174120779082,501.7096468103772,491.5975046108712,499.6620788574219,2932636,0.0,0.0
2012-08-03,495.62078546016585,501.06302601085787,486.04744631398717,496.57269287109375,3000912,0.0,0.0
2012-08-06,502.91313420755193,508.12188828913844,501.1170104093544,505.14031982421875,2442912,0.0,0.0
2012-08-07,506.18196210056817,510.45671518758826,503.3440979056307,509.2712707519531,1996521,0.0,0.0
2012-08-08,510.13354968792737,513.2946861754543,503.1825421113108,504.74517822265625,2109111,0.0,0.0
2012-08-09,506.50522470617807,511.8755883051202,500.03920077091556,509.50469970703125,2869107,0.0,0.0
2012-08-10,511.1752510181336,513.3305599716417,504.74513908780494,511.5164794921875,2133697,0.0,0.0
2012-08-13,510.74412921855765,518.0004502838073,507.6547711950745,517.3717651367188,2059618,0.0,0.0
2012-08-14,521.0964306397968,530.1084149712909,517.8259508451881,528.5822143554688,3716007,7.333333,0.0
2012-08-16,529.4543570213613,538.4300120353687,527.2922352091913,536.867431640625,3476083,0.0,0.0
2012-08-17,535.995402644947,538.3392736117706,525.2936814498055,527.5830078125,2852140,0.0,0.0
2012-08-21,527.6375650076644,534.9234873736973,519.6430617397459,532.99755859375,2794401,0.0,0.0
2012-08-22,528.7276070655786,532.8702016829885,526.4019013898959,529.5452270507812,1943563,0.0,0.0
2012-08-23,530.6172588655776,532.7793808773963,519.3522768146639,520.4242553710938,3005172,0.0,0.0
2012-08-24,518.8253243851233,520.1880410778002,511.4122493763789,516.2998046875,2935311,0.0,0.0
2012-08-27,513.5015996172128,516.008953869271,504.489616302376,507.5057373046875,2594868,0.0,0.0
2012-08-28,506.50657507930276,508.0509408943302,492.5707034264346,494.8236999511719,2949187,0.0,0.0
2012-08-29,499.94745406204487,499.94745406204487,489.0640340395323,490.33587646484375,2466006,0.0,0.0
2012-08-30,489.48187112740845,499.6566592814532,481.2511262877601,492.2617492675781,5589564,0.0,0.0
2012-08-31,489.8451814276492,493.0793314804784,482.41394218763395,487.9919128417969,3766646,0.0,0.0
2012-09-03,492.8976746091422,494.5874592695235,484.3944562270403,491.33514404296875,2290700,0.0,0.0
2012-09-04,490.68103458661517,497.78520614696083,487.51954400167426,496.3316650390625,2074734,0.0,0.0
2012-09-05,490.24495653925385,491.9529061180192,479.7431002001998,481.23297119140625,2469975,0.0,0.0
2012-09-06,479.63405824478156,484.3944592765848,475.69132715286946,477.8171691894531,2362430,0.0,0.0
2012-09-07,485.1574719839873,499.1842149792969,485.1574719839873,497.1855773925781,3860579,0.0,0.0
2012-09-10,500.0200362166603,504.32616483785205,494.5692695514041,501.0011901855469,2305743,0.0,0.0
2012-09-11,496.0227026677539,499.65652968562466,492.7885532057578,497.5125732421875,2163604,0.0,0.0
2012-09-12,498.92981756466384,515.6456125967406,498.92981756466384,512.1571044921875,3310427,0.0,0.0
2012-09-13,513.1747405985544,518.9344111663505,513.1747405985544,515.391357421875,2661750,0.0,0.0
2012-09-14,525.0938253349192,542.5363715723145,524.2580402998461,541.4462280273438,5950365,0.0,0.0
2012-09-17,545.5524809234328,580.3285831873906,545.5524809234328,565.2298583984375,7289304,0.0,0.0
2012-09-18,561.7957556759254,567.7553390565746,557.4351323788403,564.57568359375,3646172,0.0,0.0
2012-09-20,552.347650794205,558.6705813032008,548.7501532017014,552.9290771484375,3619476,0.0,0.0
2012-09-21,555.618215338567,580.1831457124397,555.618215338567,576.0587158203125,6232628,0.0,0.0
2012-09-24,573.7875990765982,587.5599362818666,566.8105810257009,573.5150756835938,4303343,0.0,0.0
2012-09-25,574.1509579943951,582.0546348920676,570.262721640572,572.1341552734375,3666741,0.0,0.0
2012-09-26,568.70014541447,571.2438799089797,563.7217656217897,567.75537109375,3299116,0.0,0.0
2012-09-27,569.2452839537511,582.926796844713,569.2452839537511,580.7464599609375,4454552,0.0,0.0
2012-09-28,583.3445792317523,588.6136965958859,576.9489887910688,580.2557983398438,3004535,0.0,0.0
2012-10-01,578.7113585136136,585.0524539983011,574.5505994091152,583.853271484375,1982324,0.0,0.0
2012-10-03,585.2523831540699,588.650067323227,579.2383549205733,584.7073364257812,2941420,0.0,0.0
2012-10-04,587.3237520559991,594.7913722177055,586.7423255585549,593.7920532226562,3029123,0.0,0.0
2012-10-05,596.8989120454346,599.5516357421875,596.8989120454346,599.5516357421875,6693144,0.0,0.0
2012-10-08,598.1343676306213,598.4614355512476,578.3297912229283,579.8742065429688,2771205,0.0,0.0
2012-10-09,584.7617807489416,596.4991479434103,584.7617807489416,593.3377075195312,4255211,0.0,0.0
2012-10-10,586.869393174683,590.9029980152935,581.8001397808831,587.4144897460938,2265230,0.0,0.0
2012-10-11,588.8861987375465,603.0400956423716,579.9650393126657,600.7326049804688,3877508,0.0,0.0
2012-10-12,597.7711345784608,605.0025613860955,592.7564244379192,599.5880737304688,2871666,0.0,0.0
2012-10-15,599.951400840172,601.6956801858306,592.5383259041469,594.518798828125,2385576,0.0,0.0
2012-10-16,597.1351076271611,599.224619719306,581.8910661954427,583.5263061523438,2023299,0.0,0.0
2012-10-17,589.776562771199,594.10085648404,583.2356025559784,590.9575805664062,2804280,0.0,0.0
2012-10-18,593.5193660072696,603.1491055974267,588.7953456368277,600.3510131835938,2749119,0.0,0.0
2012-10-19,596.7172337804309,600.3147817591215,589.1042952758784,593.4285888671875,1883747,0.0,0.0
2012-10-22,590.8667167609442,608.6363274901744,587.2328391268206,607.2191162109375,7509908,0.0,0.0
2012-10-23,609.0361963738441,619.5743840742423,609.0361963738441,618.248046875,6734607,0.0,0.0
2012-10-25,617.7573132807088,624.8978645040119,614.8502310792348,622.2633056640625,4807415,0.0,0.0
2012-10-29,621.1368167404326,625.0250528096059,611.7069397706175,613.2694702148438,2718108,0.0,0.0
2012-10-30,612.6699848244095,615.3954184558187,592.6837543143116,595.5181274414062,3702496,0.0,0.0
2012-10-31,596.4627577109462,599.9149359250463,585.2341085440265,591.1754760742188,3839613,0.0,0.0
2012-11-01,592.7564183858981,597.0080529639735,588.3594147041462,592.8109130859375,2708858,0.0,0.0
2012-11-02,600.296730623278,611.1438214040522,597.6258414312067,608.818115234375,4271015,0.0,0.0
2012-11-05,608.018719548829,614.123573582376,604.3303463247647,609.0906982421875,2214828,0.0,0.0
2012-11-06,610.8530712239277,611.4708275562358,601.1143390156511,605.23876953125,2187263,0.0,0.0
2012-11-07,603.2218090695161,611.9431049514726,599.9513293517274,606.6558227539062,2410272,0.0,0.0
2012-11-08,598.6977374047842,602.85849722834,591.4663611843853,594.264404296875,3092395,0.0,0.0
2012-11-09,595.954148485915,597.1351163247735,584.761827085899,589.0861206054688,2760979,0.0,0.0
2012-11-12,591.2300576731942,592.6836486326599,580.5101736720694,583.7443237304688,2372386,0.0,0.0
2012-11-15,583.3083426603465,590.4852243949175,576.3858194155096,583.2174682617188,4255229,0.0,0.0
2012-11-16,580.8555392825824,589.0499056814059,571.1530868896757,573.5514526367188,2771847,0.0,0.0
2012-11-19,574.9685950088033,578.1118710205336,563.9943014602995,566.3200073242188,2543694,0.0,0.0
2012-11-20,570.5170956743123,571.8071028935528,558.1983002358606,563.0313110351562,1554473,0.0,0.0
2012-11-21,565.0663294583268,569.7904011940929,559.5610173035692,568.9364013671875,2347933,0.0,0.0
2012-11-22,570.6079681336963,581.4186777263416,567.8462049118447,578.057373046875,2223366,0.0,0.0
2012-11-23,580.6919097784564,581.0553075416256,571.0621684758685,576.8218383789062,1344847,0.0,0.0
2012-11-26,577.9846611286713,586.596918187559,577.2760305370767,585.2886962890625,1710861,0.0,0.0
2012-11-27,586.1426783038714,592.2839103627514,586.1426783038714,589.921875,1671338,0.0,0.0
2012-11-29,592.6290917595211,605.9835841461826,589.1042535244028,604.275634765625,4426886,0.0,0.0
2012-11-30,606.2380204595048,609.3812964697321,601.4958341444895,606.0926513671875,2942887,0.0,0.0
2012-12-03,608.5455463585515,612.3066287505524,600.3330155813308,605.892822265625,1919475,0.0,0.0
2012-12-04,605.2750035953125,605.7656055455767,597.4803661200239,602.8221435546875,1902073,0.0,0.0
2012-12-05,605.5476143640411,610.9802669751741,603.2219581756517,605.6384887695312,2418570,0.0,0.0
2012-12-06,610.8530136311867,611.5798092023537,596.5174151316787,608.4910278320312,3161448,0.0,0.0
2012-12-07,610.852995528509,617.3939558608955,606.1289741666262,608.8362426757812,3069411,0.0,0.0
2012-12-10,609.853718229612,611.4162487944077,603.2218835917084,604.947998046875,1198100,0.0,0.0
2012-12-11,606.8556586664253,610.4531562487838,599.9513018226678,606.001708984375,2317025,0.0,0.0
2012-12-12,607.6189389915825,608.8544515924206,596.3539065793199,598.7159423828125,2670894,0.0,0.0
2012-12-13,599.6789183030005,601.2232840680584,589.068022129131,591.1211547851562,2170631,0.0,0.0
2012-12-14,592.8653964083697,599.2247082052145,590.9939626107877,595.6453247070312,2176062,0.0,0.0
2012-12-17,594.0645086331774,597.7710459886782,589.1224588258431,593.919189453125,1283602,0.0,0.0
2012-12-18,595.954188736213,604.094009491509,593.7738519801412,602.1135864257812,2879959,0.0,0.0
2012-12-19,606.4923851441274,608.1276252628214,591.2483422041411,593.5921630859375,2853315,0.0,0.0
2012-12-20,594.1372769036265,596.8808254448707,585.234280487814,587.7780151367188,4081158,0.0,0.0
2012-12-21,583.0540284120437,588.2323229593297,574.8778263937785,577.8212890625,2939395,0.0,0.0
2012-12-24,582.8723348618676,582.8723348618676,571.4619827119226,576.0769653320312,2381967,0.0,0.0
2012-12-26,578.1480991823173,590.3215733199521,576.1495115552855,589.540283203125,2145327,0.0,0.0
2012-12-27,591.829700942014,593.3196218255854,584.5075003296156,586.0881958007812,2741298,0.0,0.0
2012-12-28,588.6864388244402,592.1386179302885,584.8345321409598,588.6682739257812,1510569,0.0,0.0
2012-12-31,589.1042027717049,590.0308619189733,582.1998460663804,584.0167846679688,1331221,0.0,0.0
2013-01-01,587.3054895210571,593.3195673911407,587.1056257552732,590.4669799804688,1721670,0.0,0.0
2013-01-02,595.7360771580493,601.4049224677791,592.8835395092811,599.4244995117188,2631399,0.0,0.0
2013-01-03,601.4048410085292,603.6941667185843,592.3201977483382,594.8093872070312,2839403,0.0,0.0
2013-01-04,592.6837603195695,594.4643197540365,588.2867566264392,591.5935668945312,2227387,0.0,0.0
2013-01-07,593.1197040604287,593.4103923092541,575.9678497906845,577.1124877929688,4125613,0.0,0.0
2013-01-08,576.6945990610728,576.9671723186284,566.4107723533646,569.3905639648438,5971054,0.0,0.0
2013-01-09,567.2465847479288,575.1684263305513,561.6141191027926,563.1403198242188,5481434,0.0,0.0
2013-01-10,566.1563770619946,567.3918893782729,556.0723648740003,562.0137329101562,4787451,0.0,0.0
2013-01-11,562.1592287611309,563.0131786570964,554.1647266933554,556.6902465820312,3456486,0.0,0.0
2013-01-14,558.1620032652804,566.1565053414527,555.9816663704805,564.99365234375,2511222,0.0,0.0
2013-01-15,565.3205873502535,572.588292117212,563.1220860730306,566.8831176757812,4279311,0.0,0.0
2013-01-16,563.322121715134,570.1537712710103,558.5253901920852,561.1417846679688,2080365,0.0,0.0
2013-01-17,558.8886801151399,562.9767800995704,552.7656125871899,555.1458129882812,2456646,0.0,0.0
2013-01-18,556.472302016165,565.6114935625656,556.1816136748807,558.59814453125,2414625,0.0,0.0
2013-01-21,559.6154228069388,570.517005101976,557.9256383769139,569.5540161132812,2002873,0.0,0.0
2013-01-22,569.4632428298178,572.570188823345,562.5952149253352,564.48486328125,2733189,0.0,0.0
2013-01-23,565.6113890478159,570.4626147664923,561.5777833984189,567.282958984375,2191965,0.0,0.0
2013-01-24,567.6099362225742,582.5087939811065,544.7165779429986,575.9678344726562,14036971,0.0,0.0
2013-01-25,577.7666557734359,587.4508916553006,573.2788281908137,585.5249633789062,5253986,0.0,0.0
2013-01-28,585.7793077523695,586.669587327009,577.9665056421447,580.3284912109375,2286380,0.0,0.0
2013-01-29,579.9650767759935,584.2893701482955,575.9678513501221,579.4563598632812,2225565,0.0,0.0
2013-01-30,579.6017663699474,583.5989920539553,566.5561759204959,568.2459106445312,2282654,0.0,0.0
2013-01-31,565.5569606170734,567.5374338758236,559.1431536043333,560.287841796875,2437740,0.0,0.0
2013-02-01,562.4862575199389,565.2298059161077,555.2730462529106,557.198974609375,2228364,0.0,0.0
2013-02-04,557.1989080843958,563.176606129008,554.8914173310893,557.7803344726562,2350743,0.0,0.0
2013-02-05,556.435868651751,559.6155244296373,552.7838256933532,557.5260620117188,2281601,0.0,0.0
2013-02-06,561.3778499399032,561.3778499399032,546.7152351130451,549.8040161132812,2099310,0.0,0.0
2013-02-07,545.4434205526777,549.0591337832186,540.010818160772,543.7718505859375,2380275,0.0,0.0
2013-02-08,541.446153064488,554.8550914736741,541.446153064488,549.1135864257812,2011970,0.0,0.0
2013-02-11,550.1310745232876,550.54896698623,539.9926161206336,541.3916625976562,1560595,0.0,0.0
2013-02-12,539.9926422888813,546.1702050419897,536.9220258112861,543.2631225585938,1741970,0.0,0.0
2013-02-13,541.9912651450236,548.7138744871786,537.0855448768127,538.5572509765625,1381088,0.0,0.0
2013-02-14,538.6663849867385,541.0829159727184,520.8241083042606,523.6766967773438,3035481,0.0,0.0
2013-02-15,521.9685727761139,528.6003565622709,518.7525878085079,524.7302856445312,2598363,0.0,0.0
2013-02-18,523.6766406883295,535.4140114870544,523.6403108855587,533.7969360351562,2023089,0.0,0.0
2013-02-19,533.8151164726607,536.6313247525584,526.2384567469022,531.5984497070312,1894702,0.0,0.0
2013-02-20,534.1784730539034,535.9954122371408,528.4732969934668,529.5271606445312,1772408,0.0,0.0
2013-02-21,525.4570760205785,526.5472192603039,516.4268773637681,518.1348266601562,3276740,0.0,0.0
2013-02-22,518.298428639479,524.0036038326024,514.5555115353728,521.5689086914062,2206822,0.0,0.0
2013-02-25,521.9504597381442,524.3124954616226,508.0872981995116,509.41363525390625,2709407,0.0,0.0
2013-02-26,508.014559804871,508.014559804871,494.22405864693934,496.2771911621094,3774753,0.0,0.0
2013-02-27,501.4736768190051,516.5179075840405,499.2933896817346,512.2481079101562,4357989,0.0,0.0
2013-02-28,520.0062700702489,525.9113083814351,491.02617509650025,497.0402526855469,8570641,0.0,0.0
2013-03-01,498.5665646889401,512.3389022591188,497.14935318134167,508.9049377441406,4172217,0.0,0.0
2013-03-04,505.1075269091699,505.5617492119821,494.2059421238228,495.9320068359375,2519865,0.0,0.0
2013-03-05,500.6194497245132,508.3050948634848,493.49706591067354,507.1422424316406,3606358,0.0,0.0
2013-03-06,510.5582695060117,523.6220243974478,510.5582695060117,520.4786987304688,3393414,0.0,0.0
2013-03-07,520.8784620109514,533.7423540125295,520.242540855773,531.9254150390625,3992447,0.0,0.0
2013-03-08,533.4515878502812,548.3322804388587,530.6716601489263,544.1896362304688,5020121,0.0,0.0
2013-03-11,530.5446203948543,551.7118685926021,529.1819035936813,548.78662109375,8683071,0.0,0.0
2013-03-12,548.9136835854218,552.8927940217673,540.428630806484,545.3343505859375,6524122,0.0,0.0
2013-03-13,541.4461019830974,549.4406025601644,539.2294357047015,543.4265747070312,3694032,0.0,0.0
2013-03-14,541.1736446201539,556.6357159583856,537.1582039940239,553.0927124023438,5284833,0.0,0.0
2013-03-15,555.1458479286215,556.8174178223842,544.680321290502,548.0416259765625,4192744,0.0,0.0
2013-03-18,541.0826965064167,552.9291030808812,537.0672564273568,548.8410034179688,3248280,0.0,0.0
2013-03-19,549.5497151565447,551.4393137478933,531.2713357970407,534.4146118164062,5333843,0.0,0.0
2013-03-20,533.4516689006512,537.5579340378466,512.7385944223247,521.859619140625,4226015,0.0,0.0
2013-03-21,524.1125730400432,528.7276046726942,504.0173063535612,506.70635986328125,3304093,0.0,0.0
2013-03-22,506.9244591270829,513.64711878938,503.32691074604327,508.4324951171875,2869931,0.0,0.0
2013-03-25,515.9908314059946,516.3178993368784,494.6418889122801,496.5496520996094,2853411,0.0,0.0
2013-03-26,494.13319142935103,499.2569403426631,484.5761593528714,486.01153564453125,2805108,0.0,0.0
2013-03-28,486.70191722654016,498.27580114012943,486.70191722654016,496.4588623046875,3910230,0.0,0.0
2013-04-01,499.6566400494752,510.5219434270933,497.83975109100294,508.250732421875,2719021,0.0,0.0
2013-04-02,508.2507585849738,520.3697399214943,506.92442159244337,517.9713745117188,2553102,0.0,0.0
2013-04-03,514.1921066573926,518.7162635737271,496.62236077548994,501.3282165527344,4509895,0.0,0.0
2013-04-04,500.56518455211295,503.69029575401095,491.71673282799026,494.878173828125,3572840,0.0,0.0
2013-04-05,494.56917130553904,498.5482311788095,487.4831161640699,490.4992370605469,3272782,0.0,0.0
2013-04-08,489.8452275640093,489.8452275640093,479.6704392318898,481.72357177734375,2725339,0.0,0.0
2013-04-09,485.12116557806456,495.82293467908255,477.1266647493641,479.7793884277344,3731121,0.0,0.0
2013-04-10,483.41317952282265,494.20577117600686,480.03366096331905,491.9891052246094,4089033,0.0,0.0
2013-04-11,497.8397082110948,504.017269867794,491.60760196363077,501.3282165527344,3671361,0.0,0.0
2013-04-12,496.38618195369486,502.2003965491494,491.73487016161073,494.1150207519531,1853176,0.0,0.0
2013-04-15,491.498599103414,505.36175770735815,487.7375176218267,502.2003173828125,2290329,0.0,0.0
2013-04-16,501.43721053626933,519.6428776469204,499.94733974738483,518.552734375,2749925,0.0,0.0
2013-04-17,519.642881716533,526.0384721344868,511.64838121820054,517.51708984375,2613642,0.0,0.0
2013-04-18,517.8260599757148,539.5747851354879,516.1726548336393,536.158935546875,3434278,0.0,0.0
2013-04-22,537.8122899142954,559.2521099402775,537.1400389615576,557.3806762695312,3710067,0.0,0.0
2013-04-23,556.8173712594778,557.1080595152974,541.1008927662435,546.7879028320312,3519969,0.0,0.0
2013-04-25,549.0771779936268,555.2547395144145,545.4433006624957,552.0751342773438,3983744,0.0,0.0
2013-04-26,550.8942869469754,561.7050479018642,546.9697201737907,559.9244384765625,2805925,0.0,0.0
2013-04-29,558.9613868470753,562.159157325692,552.7474449592984,555.908935546875,1658495,0.0,0.0
2013-04-30,557.7986689547931,559.6156082566706,538.1939492805049,549.513427734375,2767410,0.0,0.0
2013-05-02,546.9333412730198,567.2466391658037,545.44342030025,563.9943237304688,4134078,0.0,0.0
2013-05-03,562.3228612283842,575.6046489013322,556.5995195489676,570.66259765625,3290397,0.0,0.0
2013-05-06,567.9734039690264,572.2432030526902,562.5589168688471,566.7197265625,1968574,0.0,0.0
2013-05-07,568.7001356462968,575.9678913302724,566.8831967253028,573.4423217773438,2863822,0.0,0.0
2013-05-08,574.1872163100644,575.5862626119216,560.6147455092323,567.7916259765625,2067439,0.0,0.0
2013-05-09,566.1563349503865,572.3338960722813,559.6153761381319,567.8460693359375,1721486,0.0,0.0
2013-05-10,564.5756009257391,572.3339072193145,563.3400886772966,567.6280517578125,2204757,0.0,0.0
2013-05-13,565.1571877290844,567.9734458285259,549.4952016352543,551.4030151367188,2508972,0.0,0.0
2013-05-14,552.3478988775355,555.7455841498634,545.7524420760088,552.8385009765625,2167638,0.0,0.0
2013-05-15,555.9816265472168,575.5863425858491,554.5280853559865,574.350830078125,3513449,0.0,0.0
2013-05-16,572.7338316614022,583.1993595830869,569.7722042834453,578.7842407226562,4613838,0.0,0.0
2013-05-17,581.0552597486511,592.5927635035455,574.3870959861607,589.921875,3439973,0.0,0.0
2013-05-20,589.9219540746532,596.8989719131552,585.9610579809564,589.5767211914062,3103076,0.0,0.0
2013-05-21,586.2699700133318,590.866837638731,578.075603715106,583.435546875,2417676,0.0,0.0
2013-05-22,586.4151596042377,600.3146977252428,545.1162727384552,550.1309814453125,15881609,0.0,0.0
2013-05-23,545.080104459821,546.0067139938853,510.55836001937746,515.3550415039062,9395635,0.0,0.0
2013-05-24,524.6759785283301,533.3972274550562,516.3725722519713,529.3818359375,6528521,0.0,0.0
2013-05-27,531.2712833511521,535.6137416739174,524.0035779851212,533.2880859375,2487939,0.0,0.0
2013-05-28,534.5418050490731,537.1581991469014,524.5668306218588,528.673095703125,3034244,0.0,0.0
2013-05-29,527.0379433592982,528.3461655777589,521.4599712643733,525.5299072265625,2239776,0.0,0.0
2013-05-30,524.0762507933302,528.2551752462739,515.2822946412732,518.71630859375,3493487,0.0,0.0
2013-05-31,514.91877028794,517.0445617863794,508.0144142858957,509.01373291015625,3592066,0.0,0.0
2013-06-03,506.1977015519616,509.9587842152971,499.74761470601067,504.12640380859375,2594994,0.0,0.0
2013-06-04,504.5441036974622,520.3696188562086,504.5441036974622,512.1934204101562,4358504,0.0,0.0
2013-06-05,510.5583311218869,518.1167756875597,507.2878507800436,515.9182739257812,3244873,0.0,0.0
2013-06-06,513.1019553216693,525.0755668972002,511.5030451381612,520.2061767578125,3316495,0.0,0.0
2013-06-07,517.2810566523004,523.204261802217,511.3214717954569,513.2111206054688,3320874,0.0,0.0
2013-06-10,516.0090904829297,520.1880652463011,508.74138422597554,510.35845947265625,2648724,0.0,0.0
2013-06-11,508.2691574717459,516.0092533549879,504.7442676733763,509.849853515625,3793911,0.0,0.0
2013-06-12,508.7412495364456,512.3205820682676,503.2904338591598,507.5057373046875,3626205,0.0,0.0
2013-06-13,502.56390428245766,510.92180528348354,502.56390428245766,506.4703063964844,2492048,0.0,0.0
2013-06-14,511.4848803422501,525.0937318984163,511.13969739151617,523.54931640625,2805099,0.0,0.0
2013-06-17,523.2767561718588,530.4536366925703,518.5527354457029,528.8002319335938,2701732,0.0,0.0
2013-06-18,528.3641921852022,531.9980697579663,520.0062937292696,522.4954833984375,2511767,0.0,0.0
2013-06-19,521.4598721598588,523.2768110764928,516.8448902286749,522.4773559570312,2169288,0.0,0.0
2013-06-20,515.2096389101473,515.2096389101473,503.6539196302996,507.215087890625,3549224,0.0,0.0
2013-06-21,505.47076151880657,513.4289313128777,501.47348677603145,506.1248474121094,3393816,0.0,0.0
2013-06-24,504.01733978459515,506.5428594848176,488.75508248303163,492.24359130859375,3094233,0.0,0.0
2013-06-25,494.13330013446785,503.89024804596465,487.13811602397993,496.8587341308594,3526535,0.0,0.0
2013-06-26,499.45668558140477,506.7789343918325,486.21128402707484,491.4985656738281,3969684,0.0,0.0
2013-06-27,497.8397632491094,498.63916846050677,485.1211909042464,490.7173767089844,6115081,0.0,0.0
2013-06-28,498.2030733921718,512.3751858085805,498.2030733921718,511.612060546875,3598170,0.0,0.0
2013-07-01,511.28494949746613,529.4542857506209,511.28494949746613,527.5101928710938,3219549,0.0,0.0
2013-07-02,526.8016580511908,526.8016580511908,516.0090636692771,519.4612426757812,2048301,0.0,0.0
2013-07-03,515.2095612338165,515.2095612338165,504.3806390987691,506.07037353515625,2235555,0.0,0.0
2013-07-04,513.8286189650369,520.0061795400555,505.6160913884178,509.5224914550781,2970258,0.0,0.0
2013-07-05,517.6443347371696,519.6429726875333,510.04956042935703,511.939208984375,1762148,0.0,0.0
2013-07-08,510.3404556563472,513.3929082188082,504.0175217700769,509.849853515625,2306263,0.0,0.0
2013-07-09,515.6456165890598,520.6239954060925,512.2842627199853,519.0250854492188,2004518,0.0,0.0
2013-07-10,521.0965334877824,523.1678311127017,511.0125687653368,513.7197875976562,2369364,0.0,0.0
2013-07-11,528.6186073639076,534.1784136989094,521.9141130024785,525.9204711914062,2623677,0.0,1.5
2013-07-12,531.452920237844,544.5348382744678,523.5492447895315,542.6270751953125,3020893,0.0,0.0
2013-07-15,542.3546003438037,551.0214025572552,540.7193602926127,548.5685424804688,2322480,0.0,0.0
2013-07-16,537.6124446500337,537.6124446500337,522.7589967085761,529.4089965820312,2565174,0.0,0.0
2013-07-17,536.9038759891506,537.8849801747599,523.2768578481647,527.7465209960938,3068145,0.0,0.0
2013-07-18,528.7548246298564,538.9478265250841,527.7736707221627,537.0672607421875,2181913,0.0,0.0
2013-07-19,537.0672334893092,539.3838564683905,526.410927476921,530.9078369140625,1872306,0.0,0.0
2013-07-22,533.0337099473855,538.4299816279835,490.3266914535667,491.38958740234375,12102994,0.0,0.0
2013-07-23,492.2345881314468,502.972689618408,483.9220997949396,491.17169189453125,9307068,0.0,0.0
2013-07-24,490.57197368525215,491.1170702905341,468.4144928352263,472.7751159667969,8819574,0.0,0.0
2013-07-25,468.90504150869396,473.86525589968744,463.372483171764,465.6890563964844,5297964,0.0,0.0
2013-07-26,468.76876295278197,476.12734263235006,459.5569146808194,461.0013732910156,3707046,0.0,0.0
2013-07-29,461.13762907205046,469.4228674453604,455.68681303951604,458.4939880371094,3961692,0.0,0.0
2013-07-30,463.29081653964926,470.37682399331266,460.72891699002946,463.2635192871094,5122897,0.0,0.0
2013-07-31,463.86304043826806,465.7708536130142,455.1417941383733,461.7644958496094,3893292,0.0,0.0
2013-08-01,461.13777863588155,471.439772878019,451.32633653724577,460.5926818847656,3165391,0.0,0.0
2013-08-02,460.72889459464466,464.3809374434067,450.5903860920047,452.4981994628906,2316699,0.0,0.0
2013-08-05,453.5065642535686,456.6135101880346,441.5692826373236,443.558837890625,3464776,0.0,0.0
2013-08-06,441.35129444279437,441.35129444279437,426.6341334949931,433.47491455078125,4088920,0.0,0.0
2013-08-07,428.9780137340601,432.73904609790173,420.4202503401458,424.6173400878906,5682076,0.0,0.0
2013-08-08,426.25252735774177,429.52300723492027,423.7724201046898,425.1623840332031,3485574,0.0,0.0
2013-08-12,430.5859756424243,439.5524985249861,426.252549655625,434.86480712890625,4671435,0.0,0.0
2013-08-13,437.3728229474765,449.331340143823,431.83644141826494,444.98529052734375,5736387,8.22,0.0
2013-08-14,446.23103199210453,448.390244898886,437.59433242579524,442.604736328125,2667424,0.0,0.0
2013-08-16,437.67731323033854,440.1410023286751,418.0232266056225,419.3519592285156,5721759,0.0,0.0
2013-08-19,420.21009155397485,420.21009155397485,392.1684070052924,408.3622741699219,4197307,0.0,0.0
2013-08-20,403.0473626665523,412.45916585568597,396.40372495965016,405.5387268066406,5477955,0.0,0.0
2013-08-21,411.9055282611646,426.82603768963503,390.3137062152164,392.74969482421875,5652478,0.0,0.0
2013-08-22,390.3137539093012,404.68061173495806,386.35525609630065,401.0542907714844,6076081,0.0,0.0
2013-08-23,402.7981934231425,411.3241913948399,399.2549235136162,409.1373291015625,5540469,0.0,0.0
2013-08-26,412.01630246970495,420.431576006183,406.92284810140166,413.2066345214844,3226623,0.0,0.0
2013-08-27,408.80518778799853,409.6910180140121,386.1614583411044,390.673583984375,6005872,0.0,0.0
2013-08-28,386.38281200157564,395.84998868243207,374.8948490915836,390.34130859375,6160429,0.0,0.0
2013-08-29,396.51443799121455,405.9816163546403,395.73933343347335,400.5006103515625,7195912,0.0,0.0
2013-08-30,400.22376288942445,405.81549420413944,393.7739018676044,401.13726806640625,4706265,0.0,0.0
2013-09-02,401.38641300848496,406.36914078923803,400.8327596927586,402.8535461425781,3400771,0.0,0.0
2013-09-03,405.9538929864679,408.0023290521899,382.5904389276094,384.4450988769531,3911592,0.0,0.0
2013-09-04,386.4382238427213,394.88117067394336,380.5696660513218,386.9918518066406,5312422,0.0,0.0
2013-09-05,398.78437185395404,404.15462719440177,396.95736130886945,402.9366455078125,4638228,0.0,0.0
2013-09-06,406.00928854751606,421.5388012224828,403.60097504086247,417.49725341796875,5137642,0.0,0.0
2013-09-10,426.3000392359795,448.80539079326775,426.3000392359795,446.8953552246094,7192485,0.0,0.0
2013-09-11,447.3382871857888,460.73626280253694,440.1409961394367,453.0960693359375,4813329,0.0,0.0
2013-09-12,456.7500918672927,459.352206953651,447.14451254272035,451.18603515625,3541308,0.0,0.0
2013-09-13,450.07871591937584,464.5009204143757,448.9991350820834,463.06146240234375,3311869,0.0,0.0
2013-09-16,469.48370753533874,477.6498792220952,456.7500856787275,458.6324462890625,3746242,0.0,0.0
2013-09-17,458.4109040560787,461.6773720821697,451.2690153183798,454.6738586425781,1891096,0.0,0.0
2013-09-18,455.7535698758399,467.8228391674946,453.53905760292696,463.3660888671875,1848907,0.0,0.0
2013-09-19,477.23460490885026,497.5253422751932,474.3833638653432,491.8505859375,5395239,0.0,0.0
2013-09-20,491.1861183468046,491.1861183468046,461.0683078503495,468.5977478027344,4464213,0.0,0.0
2013-09-23,460.6255898378275,470.5910469447497,446.78466029367905,449.5528259277344,2826306,0.0,0.0
2013-09-24,447.14447824510825,461.06843114397645,445.12369174987856,457.7466125488281,3117540,0.0,0.0
2013-09-25,458.0788286815507,465.49757144149805,452.3210461406512,460.2657165527344,2794282,0.0,0.0
2013-09-26,458.32799081093765,467.26921678997627,457.0269078825192,459.02001953125,3691578,0.0,0.0
2013-09-27,463.9474644202654,467.04783260385534,450.272634328047,451.6844177246094,1913719,0.0,0.0
2013-09-30,448.5562986311626,450.05110698604767,433.77416410248367,436.6807556152344,3285600,0.0,0.0
2013-10-01,437.53889892067133,445.12374256606074,429.92643089568855,442.9091796875,3170175,0.0,0.0
2013-10-03,448.4455105187587,460.29332680024913,445.70502031408546,458.7708435058594,2881162,0.0,0.0
2013-10-04,456.750049187683,462.2864303159038,451.82267150417437,453.9264831542969,1934352,0.0,0.0
2013-10-07,455.5320623029274,455.5320623029274,443.51814463238543,447.9749450683594,2332347,0.0,0.0
2013-10-08,453.9819202369248,462.2864672492653,451.32445505558934,458.6324462890625,2997115,0.0,0.0
2013-10-09,453.4282467719578,470.03734006030794,452.43169103727075,467.9058532714844,2702965,0.0,0.0
2013-10-10,467.93364782223966,473.3592795902785,465.1654817963068,468.21044921875,2064199,0.0,0.0
2013-10-11,473.9129522662335,489.91304682192845,470.59113262578546,488.8334655761719,4685206,0.0,0.0
2013-10-14,487.64304711690005,495.0340640976499,484.4319283326399,485.345458984375,2546866,0.0,0.0
2013-10-15,489.248525927769,492.5703444336457,475.8505009668334,482.6048889160156,2601645,0.0,0.0
2013-10-17,478.3418823390416,479.91976646180683,461.45598787896637,463.3383483886719,2502418,0.0,0.0
2013-10-18,463.44903183669317,487.08931363566455,458.2725279509914,482.7986145019531,7851892,0.0,0.0
2013-10-21,489.9682614545524,514.605100536329,489.9682614545524,512.418212890625,10203471,0.0,0.0
2013-10-22,512.1136786639009,519.8645712436706,507.21397632788853,517.8714599609375,3992478,0.0,0.0
2013-10-23,518.2036604890875,527.034184554098,512.2520524072729,525.5947265625,3742662,0.0,0.0
2013-10-24,523.601776463424,538.9651909988298,522.2176681681909,534.619140625,5472924,0.0,0.0
2013-10-25,529.8299627595375,531.3524457568849,518.0374989055621,524.5704345703125,3323959,0.0,0.0
2013-10-28,525.0688483386276,540.2661599849315,525.0134982056584,534.4806518554688,3632244,0.0,0.0
2013-10-29,534.2038182257932,542.5083651467942,520.9718932818165,540.9304809570312,4114273,0.0,0.0
2013-10-30,539.352561254883,542.5636285639091,534.8127362386996,537.830078125,2948908,0.0,0.0
2013-10-31,534.1484280108631,545.3042153874006,533.7055256332384,539.0758056640625,4199709,0.0,0.0
2013-11-01,538.6882492557784,545.8854888670438,537.0273400090359,543.7816772460938,3469186,0.0,0.0
2013-11-05,536.4736342516619,542.9511695433222,533.8161695792846,535.5878295898438,3314157,0.0,0.0
2013-11-06,535.6433104283676,542.1485223673824,532.3491665155371,533.5948486328125,1842012,0.0,0.0
2013-11-07,533.1519775419689,545.5811243789576,528.778252341055,530.0792846679688,2947050,0.0,0.0
2013-11-08,528.6121802886652,542.0102086833916,523.2418989028874,539.7402954101562,3992884,0.0,0.0
2013-11-11,532.7645461120677,538.0794782724915,519.2558151151861,522.439208984375,3367299,0.0,0.0
2013-11-12,523.1865269780678,531.3526489955714,511.2002824466565,514.2453002929688,2945373,0.0,0.0
2013-11-13,511.80925273371975,516.8196563048289,504.97183857363103,509.23486328125,4307623,0.0,0.0
2013-11-14,514.8819237154382,532.2384475477159,513.6362416419331,520.1691284179688,2848777,0.0,0.0
2013-11-18,526.6744318728803,543.0620762520836,526.6744318728803,541.4841918945312,3619893,0.0,0.0
2013-11-19,542.5636324089955,552.5290871921419,542.0100298234368,551.3388061523438,3666787,0.0,0.0
2013-11-20,549.5948766353677,549.982428896537,538.9097171375463,540.6259765625,2002276,0.0,0.0
2013-11-21,536.9166902360772,540.902863041935,523.7401647164762,524.9027709960938,3509820,0.0,0.0
2013-11-22,525.9545448785492,537.5532338148787,525.0964152465426,533.7885131835938,2229484,0.0,0.0
2013-11-25,537.1103168428324,556.2661215808986,537.1103168428324,555.103515625,4170087,0.0,0.0
2013-11-26,552.9720394348792,562.7160439257043,551.9755344161805,556.1278076171875,4268599,0.0,0.0
2013-11-27,555.8510341575909,559.1728531877895,547.5464865820944,557.2628173828125,2749060,0.0,0.0
2013-11-28,559.1728776958241,569.4151872791382,558.7853253670568,566.3148193359375,3786025,0.0,0.0
2013-11-29,566.5638792257002,580.6539340030082,562.6884070792368,579.0760498046875,3379231,0.0,0.0
2013-12-02,576.8892976461682,594.6056502169484,575.8927417262938,592.4187622070312,3499135,0.0,0.0
2013-12-03,589.6227964710549,600.141905510313,582.8684083880967,583.8926391601562,3915412,0.0,0.0
2013-12-04,579.159146305342,583.339095002137,571.7127288357648,575.36669921875,3999606,0.0,0.0
2013-12-05,589.7612256979301,603.40832656739,589.7612256979301,601.498291015625,5140780,0.0,0.0
2013-12-06,598.813172526364,609.0000798565446,598.813172526364,607.0070190429688,4490938,0.0,0.0
2013-12-09,622.2873656220539,639.1179106668914,622.2873656220539,634.9656372070312,10248993,0.0,0.0
2013-12-10,632.8065551560315,632.8065551560315,605.1524205602225,609.2216186523438,5716003,0.0,0.0
2013-12-11,602.9101085365,604.3495667202155,595.7404926828301,598.2595825195312,3671109,0.0,0.0
2013-12-12,592.3910030708552,597.2630310157598,586.2733437615516,589.6505126953125,2607294,0.0,0.0
2013-12-13,581.346060588465,585.8305369801009,577.9135409641506,581.2907104492188,2455011,0.0,0.0
2013-12-16,582.1487050523511,592.3356119661025,579.4358899295715,585.9411010742188,2871384,0.0,0.0
2013-12-17,591.8926611137917,594.6054760144314,585.52582580645,589.345947265625,1781410,0.0,0.0
2013-12-18,588.8200410560589,608.9724045054207,588.8200410560589,604.9585571289062,3677757,0.0,0.0
2013-12-19,611.2146759134973,612.709484276986,585.2214532301062,587.380615234375,3006412,0.0,0.0
2013-12-20,584.8061581047527,589.0691314876563,577.5258425917381,587.463623046875,3290514,0.0,0.0
2013-12-23,589.9273159758728,597.8997115428057,589.152262089576,591.83740234375,1976616,0.0,0.0
2013-12-24,593.6642462256465,601.0276368597144,593.1936688353256,595.7127075195312,1472157,0.0,0.0
2013-12-26,595.1592825449368,600.3911375800011,590.0658028501269,593.8859252929688,3320446,0.0,0.0
2013-12-27,593.442875069403,602.9100783933262,592.3909692208482,596.7924194335938,1130763,0.0,0.0
2013-12-30,596.54324474117,599.0346087108829,585.8580851471908,589.0691528320312,1315138,0.0,0.0
2013-12-31,589.069113509783,594.1349169888651,588.5155109003102,592.5293579101562,807739,0.0,0.0
2014-01-01,595.2422780009208,597.8720682645194,590.3979755345462,591.5882568359375,694318,0.0,0.0
2014-01-02,590.8682895461103,597.8718016456687,569.3041507870861,573.5948486328125,2322501,0.0,0.0
2014-01-03,564.7092000975188,571.8788160467765,558.0932375145892,560.3078002929688,3701602,0.0,0.0
2014-01-06,560.33545079384,568.0033189557903,553.6641383728194,559.4496459960938,2579617,0.0,0.0
2014-01-07,561.9410698080354,569.4428376970315,558.1209475090803,564.4324340820312,2833413,0.0,0.0
2014-01-08,565.8165231644114,567.9757360679974,551.8372175194348,552.7230224609375,3084265,0.0,0.0
2014-01-09,552.9997311757531,555.8509214280172,537.0273178657109,538.0792236328125,4402965,0.0,0.0
2014-01-10,538.5498290418635,544.7782387840593,526.7850381887398,529.3040771484375,4818324,0.0,0.0
2014-01-13,528.7782302958908,546.9374840400292,528.7782302958908,542.8682861328125,3526029,0.0,0.0
2014-01-14,541.4840759919772,551.8647585251472,535.9200200168128,538.1345825195312,2725885,0.0,0.0
2014-01-15,539.9616592632416,555.5741975779715,539.9616592632416,553.13818359375,2702491,0.0,0.0
2014-01-16,556.7367464637853,560.805943316438,548.8197025505295,555.8508911132812,2767075,0.0,0.0
2014-01-17,553.2489087109947,560.0863221745665,551.2281221735716,555.2142944335938,2133013,0.0,0.0
2014-01-20,554.7437603093629,559.117485180178,547.6848950958456,553.05517578125,2311656,0.0,0.0
2014-01-21,557.1242579331769,563.3526671231348,556.4322293632672,560.003173828125,1709856,0.0,0.0
2014-01-22,561.3319515817421,563.2143119361396,551.7263230064265,556.2938232421875,3245709,0.0,0.0
2014-01-23,559.228247835359,577.664302699896,559.228247835359,571.8788452148438,6787534,0.0,0.0
2014-01-24,569.6919457796042,569.9410720616545,555.9340925783132,557.152099609375,3782706,0.0,0.0
2014-01-27,547.3804529866965,549.4565899443155,538.7160279003829,542.6468505859375,3345742,0.0,0.0
2014-01-28,542.0101008216184,551.7263799583872,539.2418847835182,544.50146484375,3471943,0.0,0.0
2014-01-29,548.6815098747552,556.9583830081448,547.3527517501957,549.8441162109375,2601379,0.0,0.0
2014-01-30,541.9825334422056,546.6884104054964,539.4634431684225,542.81298828125,2887870,0.0,0.0
2014-01-31,545.525784787472,551.2005424249917,540.1555035929491,545.8302612304688,2014065,0.0,0.0
2014-02-03,543.1174753544759,547.9341033777235,540.0171071822933,542.17626953125,1745134,0.0,0.0
2014-02-04,536.2800000377222,547.4634642563843,534.3146140884359,544.2246704101562,1948258,0.0,0.0
2014-02-05,542.5637383309628,547.2696653484709,539.7678977359935,545.5534057617188,2288964,0.0,0.0
2014-02-06,545.8855179542719,547.546427289515,536.4737152835374,539.9339599609375,2699857,0.0,0.0
2014-02-07,544.3907506278088,546.9374649501782,540.459928193009,544.861328125,2114169,0.0,0.0
2014-02-10,546.0240321095537,554.1624790287037,542.0101841303767,551.3666381835938,2414272,0.0,0.0
2014-02-11,551.643332889101,557.5118655030998,546.6329299793258,550.120849609375,1820484,0.0,0.0
2014-02-12,553.6364633087561,563.5742442801288,550.2869695662141,559.4496459960938,2079207,0.0,0.0
2014-02-13,560.8337048376027,562.4669391171958,545.5533692874337,546.4114990234375,1827121,0.0,0.0
2014-02-14,549.5118583388438,552.5291499020545,540.3491820204459,549.62255859375,1588461,0.0,0.0
2014-02-17,551.5049196019606,556.1831711753096,547.2696211094215,552.6952514648438,1273681,0.0,0.0
2014-02-18,552.5567690224109,565.705666924773,548.3214709624543,563.2696533203125,3418378,0.0,0.0
2014-02-19,563.0482764241009,572.3217039688142,561.2489410443093,570.9652709960938,2676043,0.0,0.0
2014-02-20,566.2593341198641,575.2006100432764,562.7437899905684,572.8199462890625,2632165,0.0,0.0
2014-02-21,574.1209629778823,585.1937254070377,573.9549125978576,584.1694946289062,2793133,0.0,0.0
2014-02-24,582.2040916542682,602.9101089111668,581.3736369587982,600.5017700195312,3940515,0.0,0.0
2014-02-25,601.5537788674876,603.4084647172319,593.7752088759784,602.3012084960938,2892156,0.0,0.0
2014-02-26,599.9758208289081,608.972396143884,599.1176910993834,607.1453857421875,3813249,0.0,0.0
2014-02-28,604.1281295544034,617.1386036400307,604.1281295544034,614.3427124023438,3390912,0.0,0.0
2014-03-03,609.3046472576553,610.5226542900167,601.6091034504032,607.6437377929688,1801497,0.0,0.0
2014-03-04,605.1245559960448,620.6817410299958,603.1867949523831,618.2457275390625,2621673,0.0,0.0
2014-03-05,622.1766775446142,626.273600955073,616.8617471371579,621.9275512695312,2453523,0.0,0.0
2014-03-06,622.4257809448034,634.1905724413606,619.4361643798142,632.5296630859375,2598480,0.0,0.0
2014-03-07,632.8063673930036,677.0972598512036,632.8063673930036,663.6162109375,9813319,0.0,0.0
2014-03-10,658.4120754526393,687.6164126101035,658.4120754526393,684.7928466796875,6267502,0.0,0.0
2014-03-11,681.9971662479012,695.2844430339145,674.6891741529815,681.0006103515625,4450599,0.0,0.0
2014-03-12,678.204697566804,680.9728630412461,668.2392410344931,674.4676513671875,3076795,0.0,0.0
2014-03-13,674.8829711467027,685.319006594609,674.8829711467027,678.3154907226562,2942418,0.0,0.0
2014-03-14,674.0523804083665,699.4919477107867,665.304931443009,694.7860717773438,4093326,0.0,0.0
2014-03-18,694.260138032787,702.3155588626594,682.6337720848696,686.813720703125,3189525,0.0,0.0
2014-03-19,686.1770337310045,694.4262306047418,680.5299519057289,689.8310546875,2946181,0.0,0.0
2014-03-20,680.9728314326469,688.6406996209969,673.2219380518213,674.9105224609375,2957193,0.0,0.0
2014-03-21,677.7340254982851,683.7409842314453,670.1769083921786,673.5540771484375,3006924,0.0,0.0
2014-03-24,680.1423951403643,685.6511016039092,673.6925337222727,681.1666259765625,4826047,0.0,0.0
2014-03-25,680.9729765246744,692.0456909546317,676.876052417683,691.1875610351562,3608031,0.0,0.0
2014-03-26,693.1528224150428,707.934904855427,692.8482953476407,706.329345703125,4239243,0.0,0.0
2014-03-27,705.8587534715132,717.5681433641882,702.3154837976084,710.647705078125,6435498,0.0,0.0
2014-03-28,714.1911010443259,715.5198083994012,697.7757818296843,713.1668701171875,2952043,0.0,0.0
2014-03-31,714.190971557397,720.9730345007745,700.2670191732166,704.170166015625,3946083,0.0,0.0
2014-04-01,704.8346402058775,714.1910937919295,694.2601795465732,708.1287841796875,2856469,0.0,0.0
2014-04-02,714.1909940186064,725.2637057123991,705.9141226397459,719.9765014648438,3237921,0.0,0.0
2014-04-03,717.0145538050295,718.5923872030502,694.5922786077665,714.246337890625,4524073,0.0,0.0
2014-04-04,713.5820197821138,713.5820197821138,701.3466508107254,707.0491333007812,3040353,0.0,0.0
2014-04-07,706.6061877608821,716.8208209615304,701.5681095091026,711.06298828125,2376559,0.0,0.0
2014-04-09,713.6373024183896,724.5993132713821,707.2428425504929,718.647705078125,4062904,0.0,0.0
2014-04-10,717.6512434212868,734.8139390589649,716.4332365100064,727.61669921875,4725337,0.0,0.0
2014-04-11,723.1322713738286,724.3779534304026,714.2187208343257,718.89697265625,2806795,0.0,0.0
2014-04-15,714.5509368540131,726.1496278751777,706.4401657963123,718.537109375,2215813,0.0,0.0
2014-04-16,714.9384227402644,716.9038084089742,695.3673378080849,697.5265502929688,2713372,0.0,0.0
2014-04-17,697.88641066408,706.9383869906545,687.6164780634904,702.5369873046875,4721797,0.0,0.0
2014-04-21,704.2255220264087,733.5682352151998,704.2255220264087,732.2118530273438,3254260,0.0,0.0
2014-04-22,733.5683735161304,750.1774691480952,729.1669733110472,745.499267578125,4476646,0.0,0.0
2014-04-23,755.7139191023302,768.7243954110945,748.0737242883029,761.9976806640625,4769422,0.0,0.0
2014-04-24,761.9976806640625,761.9976806640625,761.9976806640625,761.9976806640625,0,0.0,0.0
2014-04-25,761.1948219132454,762.9941574772386,744.6411273348681,747.3539428710938,4510083,0.0,0.0
2014-04-28,747.4092092883055,755.1047525825898,733.5682811095451,735.5060424804688,4266412,0.0,0.0
2014-04-29,739.1046989401942,742.8417451707908,723.907387739822,731.5752563476562,3339325,0.0,0.0
2014-04-30,736.8900395737859,738.9938511585672,709.457362411637,716.4608764648438,3469714,0.0,0.0
2014-05-02,720.2533815236371,725.2637849998481,697.6096524619069,699.54736328125,2832487,0.0,0.0
2014-05-05,699.8518654208049,716.9592120767238,692.7099752293667,710.841552734375,2194435,0.0,0.0
2014-05-06,715.0491652376584,722.329481328737,713.5820319935134,719.7274169921875,1984606,0.0,0.0
2014-05-07,718.454099779808,726.9246975632542,713.6650968131527,717.2914428710938,2302158,0.0,0.0
2014-05-08,721.111521584505,724.0457882649762,706.4401881821491,719.2568359375,3285168,0.0,0.0
2014-05-09,717.7895726262399,746.8278084399711,713.1943972842023,743.3676147460938,4375510,0.0,0.0
2014-05-12,747.4092241996998,770.1083022612319,746.1081920296451,768.0321655273438,3919360,0.0,0.0
2014-05-13,775.0909782381318,797.7901054583352,775.0909782381318,780.2398071289062,5188618,0.0,0.0
2014-05-14,783.3955335605921,788.9319147704134,764.2674016133631,772.0460205078125,3231376,0.0,0.0
2014-05-15,771.8798948687381,775.0909624148392,759.0355233104789,763.1324462890625,3786319,0.0,0.0
2014-05-16,802.7728778099361,827.6865183210693,768.7519108425867,790.4267578125,11804331,0.0,0.0
2014-05-19,797.3472593113252,849.2229520727635,797.3472593113252,844.0464477539062,5544801,0.0,0.0
2014-05-20,849.27831632077,851.4375288501105,828.9598522033848,835.6311645507812,3532723,0.0,0.0
2014-05-21,836.600052800943,837.3474315899695,813.984000630408,817.195068359375,3201142,0.0,0.0
2014-05-22,824.9182642563713,834.2747165493696,816.6137178018208,819.7417602539062,3015093,0.0,0.0
2014-05-23,821.5964729458426,842.3024896429987,821.4857726891363,838.20556640625,2387221,0.0,0.0
2014-05-26,851.4928358607208,900.9602357804253,832.2816287010935,857.1675415039062,7535436,0.0,0.0
2014-05-27,858.136695796286,873.4447600898602,842.8839816418074,867.0225219726562,3261094,0.0,0.0
2014-05-28,869.3477402437364,887.5900695159943,868.7386860330473,873.14013671875,3189786,0.0,0.0
2014-05-29,873.4722509368049,880.2542635277481,848.1710082126053,857.9426879882812,3391968,0.0,0.0
2014-05-30,862.8424429929491,876.9601730515441,852.2125821639901,855.6452026367188,2490952,0.0,0.0
2014-06-02,894.0675564868513,916.2684340269021,888.0329727507593,911.2857055664062,6711372,0.0,0.0
2014-06-03,914.053765193779,927.06428963653,909.5970660144249,915.3547973632812,4200799,0.0,0.0
2014-06-04,920.1440056454193,930.0817891192833,911.2858540634737,927.1475219726562,2499418,0.0,0.0
2014-06-05,929.9710502741077,937.8603712950217,920.8913971265032,931.1336059570312,3696321,0.0,0.0
2014-06-06,938.4138267932003,941.18204296441,926.3168833094613,936.2269897460938,3277179,0.0,0.0
2014-06-09,941.1821090354152,983.5906525563694,852.046596353357,970.05419921875,5893852,0.0,0.0
2014-06-10,972.0746968722781,973.2927036009108,952.0884381476114,962.7459716796875,3124296,0.0,0.0
2014-06-11,964.4346969265886,966.0956062201626,946.1646946972746,950.8428955078125,4316724,0.0,0.0
2014-06-12,953.1128782454551,959.3412888849624,946.7184172051094,953.5835571289062,1378804,0.0,0.0
2014-06-13,954.4690256912097,968.3098995550927,924.7387154983888,933.4031372070312,2794629,0.0,0.0
2014-06-16,932.3236684129297,932.8773723982325,906.7180523690466,913.7769165039062,2210658,0.0,0.0
2014-06-17,905.7491593420951,938.2476918962059,905.7491593420951,932.6282348632812,2791131,0.0,0.0
2014-06-18,932.3238892048211,945.6111660171172,914.0538835879138,925.3203735351562,2892595,0.0,0.0
2014-06-19,930.9397731446272,939.1059452968352,913.5002234247012,917.2095947265625,1613632,0.0,0.0
2014-06-20,923.908513756474,925.2372209800448,908.2959251013947,912.3651733398438,1485903,0.0,0.0
2014-06-23,914.6073163091446,922.8565117321443,901.0155164033503,917.4585571289062,2017126,0.0,0.0
2014-06-24,921.0296859367121,940.9052501928119,916.4345096548994,924.8220825195312,2484652,0.0,0.0
2014-06-25,927.1749842563869,929.7770485795645,910.62124062272,913.52783203125,1570332,0.0,0.0
2014-06-26,919.7561955233209,934.4275271449416,914.0537132543321,926.5382080078125,2534928,0.0,0.0
2014-06-27,928.0053806195496,934.5383174554436,920.1990867667778,923.0780029296875,1327365,0.0,0.0
2014-06-30,927.3410950194306,949.4866223945053,925.6801855349934,942.1232299804688,2685537,0.0,0.0
2014-07-01,947.8256550083219,958.8429665159872,945.4173161282372,955.7703247070312,1997301,0.0,0.0
2014-07-02,966.0679920202044,974.4002140763159,958.732275053475,971.0507202148438,2128129,0.0,0.0
2014-07-03,974.4001336014559,977.6666019980155,966.1509374217761,970.1647338867188,2313723,0.0,0.0
2014-07-04,975.507559721518,975.507559721518,955.2998933862734,964.8224487304688,1657803,0.0,0.0
2014-07-07,968.8637834700695,971.6319995963902,962.6353732162465,968.50390625,1767925,0.0,0.0
2014-07-08,971.6322064627894,975.3969284817081,920.2823794239591,925.98486328125,4277095,0.0,0.0
2014-07-09,935.6456423464412,939.2996634866051,900.5451426449713,914.4136962890625,3643758,0.0,0.0
2014-07-10,919.6455896091461,950.8429921614954,891.9083813121871,916.1299438476562,5212540,0.0,0.0
2014-07-11,916.8220487203495,926.4829786620575,858.1366132094919,871.6176147460938,4338265,0.0,0.0
2014-07-14,871.9775304506186,889.693933114558,858.4687518774161,884.4066772460938,2333917,0.0,0.0
2014-07-15,896.8911242854246,908.5451657779124,888.5865768383374,904.4482421875,2732493,0.0,0.0
2014-07-16,911.4516942410297,926.7874308891495,896.2266578515032,918.5105590820312,2329224,0.0,0.0
2014-07-17,914.0536144285368,927.3408873281586,912.5588570516377,923.9913940429688,1217437,0.0,0.0
2014-07-18,919.0362723358643,938.8841550050046,911.7283336174703,933.7077026367188,1997386,0.0,0.0
2014-07-21,933.1818394637263,940.5175559165623,921.9707018111685,924.7112426757812,1887466,0.0,0.0
2014-07-22,926.233854247807,932.4345895112131,904.8080821670787,916.24072265625,1536589,0.0,0.0
2014-07-23,921.1679572488596,928.4483238522232,913.6385150680637,915.465576171875,1801548,0.0,0.0
2014-07-24,916.3514182882615,924.2960881288283,906.6628138392059,920.9465942382812,1650940,0.0,0.0
2014-07-25,922.9120496289177,924.2961070431438,906.9672581170604,917.9293212890625,1344507,0.0,0.0
2014-07-28,920.9465486931779,924.2406922902418,905.2786103091861,908.57275390625,2294470,0.0,0.0
2014-07-30,879.1192375047187,879.1192375047187,837.0982541486165,843.7972412109375,13149229,0.0,0.0
2014-07-31,845.9563959892182,853.1536857436399,830.0670084086282,832.0601196289062,7753987,0.0,0.0
2014-08-01,823.75578755662,832.0049344934632,810.0256086866812,813.1259765625,6859360,0.0,0.0
2014-08-04,817.2227328779703,829.3197262225739,817.2227328779703,827.1051635742188,4058344,0.0,0.0
2014-08-05,830.4546288770132,831.3127585685957,816.6691023124259,824.9459228515625,2510001,0.0,0.0
2014-08-06,821.5964145494752,836.4338973525361,819.4095777656511,821.2088623046875,3269770,0.0,0.0
2014-08-07,826.3024934666971,828.2125292941073,817.4719674538027,820.4339599609375,1772376,0.0,0.0
2014-08-08,812.9321379876833,816.6137833744154,797.2365236534821,798.7866821289062,3253360,0.0,0.0
2014-08-11,802.8835616628327,813.8178983371647,802.8835616628327,809.8317260742188,2653017,0.0,0.0
2014-08-12,812.3230408476271,826.5791446380521,812.3230408476271,824.4199829101562,2213149,0.0,0.0
2014-08-13,826.0690421823003,826.1808120232716,805.8896729269312,812.5415649414062,2688088,9.5,0.0
2014-08-14,817.8799409979636,832.7489640369381,815.0011509944584,829.5906982421875,2250747,0.0,0.0
2014-08-18,830.149673935227,852.3972986285904,829.4230163862163,847.42236328125,3954625,0.0,0.0
2014-08-19,854.1861138905286,863.5211996439238,850.7763145189122,856.7294921875,3303576,0.0,0.0
2014-08-20,858.0429993958735,860.6423135067695,844.934812529924,848.484375,1420566,0.0,0.0
2014-08-21,849.4904952912163,859.7199426699199,842.139786409646,857.176513671875,2482074,0.0,0.0
2014-08-22,859.8875813202307,870.8436859384904,855.8070101344488,860.8378295898438,2614005,0.0,0.0
2014-08-25,863.6329020913487,866.4278646948605,849.6582426037963,853.8226928710938,1714194,0.0,0.0
2014-08-26,849.6582365264546,851.1954813003915,832.8886657320071,841.9442749023438,2759887,0.0,0.0
2014-08-27,847.4223366570096,849.5185330280472,835.7954068247643,840.5188598632812,2603056,0.0,0.0
2014-08-28,843.1180630949036,858.0429699628144,843.1180630949036,853.2916259765625,3008883,0.0,0.0
2014-09-01,858.0431358632851,883.7006132918493,858.0431358632851,881.7161865234375,3557881,0.0,0.0
2014-09-02,883.1975829264894,892.7561580593931,870.2011633000321,882.834228515625,2650210,0.0,0.0
2014-09-03,885.1258378386296,898.8489634239326,882.1911630513313,893.3709106445312,3937872,0.0,0.0
2014-09-04,897.0881159089271,897.0881159089271,879.2843688634288,888.7592163085938,1717581,0.0,0.0
2014-09-05,888.7873458063668,906.2556846766332,884.3154256719483,901.42041015625,2508046,0.0,0.0
2014-09-08,906.7864808507824,912.6558298689588,903.8797487991781,910.8112182617188,2037934,0.0,0.0
2014-09-09,910.8114781244572,910.8114781244572,895.0759806451723,897.3118896484375,1648011,0.0,0.0
2014-09-10,892.7000385075563,893.7621589950403,883.1973508040786,886.048095703125,1970533,0.0,0.0
2014-09-11,891.5820661853452,899.4077963503914,886.4113811494065,891.6658935546875,1703541,0.0,0.0
2014-09-12,892.3648523586402,898.0664452982109,880.4025101698519,882.4707641601562,1810773,0.0,0.0
2014-09-15,877.0764784616745,879.563971572805,869.2785872480551,872.3251342773438,1171498,0.0,0.0
2014-09-16,874.5330591956238,876.713082784314,842.9782950181382,847.2266235351562,2086846,0.0,0.0
2014-09-17,855.2480421310722,856.9249990764272,838.5902936896556,849.1830444335938,2430664,0.0,0.0
2014-09-18,844.9627543719416,884.3153085780269,844.9627543719416,879.9552612304688,2263371,0.0,0.0
2014-09-19,882.1910951406588,888.479683486491,854.1300608305866,856.6175537109375,2851128,0.0,0.0
2014-09-22,851.8383488595298,862.5149283028246,847.5900198754043,857.0369262695312,1744293,0.0,0.0
2014-09-23,849.6582128008308,853.0400693263879,833.028405952926,836.1028442382812,2434546,0.0,0.0
2014-09-24,838.4785886670722,842.2237998533413,803.7935482649912,818.3551025390625,3623152,0.0,0.0
2014-09-25,821.7089721362977,825.3423620970584,800.2718843674727,808.908203125,2664181,0.0,0.0
2014-09-26,801.3339342574809,827.2708835361556,801.3339342574809,825.0628662109375,2586988,0.0,0.0
2014-09-29,824.9790720750912,830.5409525380676,808.7684525343157,820.9263916015625,1763739,0.0,0.0
2014-09-30,816.1469412933235,838.3666199794895,811.0881281895879,815.1408081054688,2474358,0.0,0.0
2014-10-01,815.1409001946079,820.5350745781384,806.2809394710163,808.7684326171875,1696510,0.0,0.0
2014-10-07,802.1445460033185,815.3086191084204,785.374973969637,790.85302734375,3002658,0.0,0.0
2014-10-08,783.1389929635499,812.0385614831914,783.1389929635499,808.9920654296875,2570920,0.0,0.0
2014-10-09,813.8831255598287,834.2860847786083,813.8831255598287,831.15576171875,2460468,0.0,0.0
2014-10-10,822.7151559023283,825.9572490499608,807.1753604093042,817.0693969726562,2465217,0.0,0.0
2014-10-13,809.0758110180685,812.7650854541522,801.1102658249387,808.181396484375,2268106,0.0,0.0
2014-10-14,813.4639173757089,816.6221830151526,802.9269999142019,804.8834838867188,2222278,0.0,0.0
2014-10-15,804.8834838867188,804.8834838867188,804.8834838867188,804.8834838867188,0,0.0,0.0
2014-10-16,797.4769053086002,804.9393846578663,793.4801610812782,795.8279418945312,2213427,0.0,0.0
2014-10-17,799.9923902176804,817.4047919297133,797.7564814624195,812.1503295898438,3123661,0.0,0.0
2014-10-20,828.5845266210542,840.1555205611128,825.7336790347098,835.8233642578125,2714394,0.0,0.0
2014-10-21,837.0810309882121,847.3943576300259,834.2581772128017,845.1863403320312,1853868,0.0,0.0
2014-10-22,855.2481637306353,872.0177355684908,852.7886128806372,868.5241088867188,3645714,0.0,0.0
2014-10-27,875.3715695690365,883.6725273373409,872.520722147666,876.126220703125,3198228,0.0,0.0
2014-10-28,883.197389717851,889.7933455423357,879.0049972070912,881.2409057617188,1867963,0.0,0.0
2014-10-29,888.7870888123048,888.7870888123048,875.7068464664854,881.632080078125,1314040,0.0,0.0
2014-10-30,878.7254653333902,894.8801988159216,878.7254653333902,893.0913696289062,2742090,0.0,0.0
2014-10-31,895.8025743806483,929.8727260168274,895.8025743806483,925.3728637695312,3781296,0.0,0.0
2014-11-03,928.4752917205377,936.6364352626899,921.5158787399758,926.6864624023438,2578879,0.0,0.0
2014-11-05,927.9161433864869,936.8040970898236,924.9535262698176,931.2141723632812,2419614,0.0,0.0
2014-11-07,934.7360697935733,946.3070141208511,911.146794628261,924.45068359375,3786600,0.0,0.0
2014-11-10,902.761823913933,919.9785757450999,890.7437002314192,905.2213745117188,4498915,0.0,0.0
2014-11-11,908.9108007285298,916.6807501724685,903.6283446169062,915.1714477539062,1984456,0.0,0.0
2014-11-12,917.2955418838313,918.9724989987927,899.0166683894174,901.9234008789062,1937980,0.0,0.0
2014-11-13,905.5568636855426,916.1775582159256,899.6595711807762,903.5444946289062,1714051,0.0,0.0
2014-11-14,905.8364080117838,912.7677764633124,899.4080038923698,906.4791870117188,1522411,0.0,0.0
2014-11-17,906.1159119857354,910.0288806671551,893.2593073277932,903.2371215820312,1502209,0.0,0.0
2014-11-18,903.6561941967835,922.6617753772219,903.6003092764098,919.307861328125,2021485,0.0,0.0
2014-11-19,922.1587827927511,936.2451615181378,921.2084320100793,927.1336669921875,2530605,0.0,0.0
2014-11-20,929.6491721746527,931.8013560626385,911.174699580855,919.5036010742188,1216285,0.0,0.0
2014-11-21,916.7366097170518,935.6023776600246,911.1466843132024,931.4379272460938,1920028,0.0,0.0
2014-11-24,934.0651225431095,940.186057016371,921.9351257978386,933.4222412109375,2035971,0.0,0.0
2014-11-25,933.5061542274251,934.0651058103099,907.0661374095521,914.94775390625,2391166,0.0,0.0
2014-11-26,915.6184928657914,920.5375938701584,907.8765893936874,911.7056274414062,2177278,0.0,0.0
2014-11-27,913.969455124306,917.2954264740773,900.5258574343318,905.0816040039062,2207175,0.0,0.0
2014-11-28,909.6373985162254,925.9877291917269,909.6373985162254,916.3731689453125,2598367,0.0,0.0
2014-12-01,911.8174456357198,917.1557861598689,895.7466414958658,906.6748046875,1493083,0.0,0.0
2014-12-02,904.7741910001821,925.1213171347492,903.3208760243796,916.5408325195312,1361464,0.0,0.0
2014-12-03,917.2954900135879,924.4225573491597,912.8235705087847,919.0562744140625,1616703,0.0,0.0
2014-12-04,920.0344992182775,925.1212548209552,908.3516858656105,910.7552490234375,1773838,0.0,0.0
2014-12-05,913.494548391423,925.1214796537149,905.1656468056477,910.3082885742188,2146855,0.0,0.0
2014-12-08,911.1466357435361,914.5844796014487,891.1909081285139,895.38330078125,1585636,0.0,0.0
2014-12-09,892.7840763671985,894.9361577081082,866.9868380316044,871.7940673828125,2569558,0.0,0.0
2014-12-10,866.4279589805528,874.896572743219,860.1393692033231,863.24169921875,3034126,0.0,0.0
2014-12-11,860.8379582006236,871.1233430165928,840.0996361505723,859.7759399414062,4328835,0.0,0.0
2014-12-12,862.514831595688,867.6855171402821,841.2733937633827,844.599365234375,3774426,0.0,0.0
2014-12-15,838.4785194119913,848.5402616449353,835.2643688131345,839.1492919921875,2593509,0.0,0.0
2014-12-16,832.8885424633193,844.6272402820886,826.5720118891553,829.1713256835938,2809615,0.0,0.0
2014-12-17,825.9293584660974,835.236501575791,810.6410953401491,820.8705444335938,5619423,0.0,0.0
2014-12-18,835.8234474216272,843.5095187434229,826.9355942355575,842.05615234375,2815365,0.0,0.0
2014-12-19,851.6985396226285,864.583135841219,848.5402738990115,858.1268920898438,3407025,0.0,0.0
2014-12-22,859.7200555085154,863.018084842367,846.6118167355539,852.0060424804688,1321836,0.0,0.0
2014-12-23,852.4530900168452,860.502513674052,834.2301553405238,837.2486572265625,1721754,0.0,0.0
2014-12-24,837.4166304191195,842.6431510610688,822.0165443343883,826.09716796875,4556031,0.0,0.0
2014-12-26,829.0876321115954,837.3047121826929,825.621947848006,833.0005493164062,1010929,0.0,0.0
2014-12-29,835.7674193548722,841.8324172735678,830.7644907951956,833.0563354492188,1193694,0.0,0.0
2014-12-30,840.8263994583473,844.6274959361579,834.7334578723454,837.5004272460938,1373809,0.0,0.0
2014-12-31,834.7054434382787,841.7206904851138,834.0067283328983,835.488037109375,1255716,0.0,0.0
2015-01-01,835.0128742862056,842.3355908898496,834.0067408958372,840.1276245117188,674298,0.0,0.0
2015-01-02,839.3169365851214,860.2788980382962,839.3169365851214,857.8472900390625,1936584,0.0,0.0
2015-01-05,863.8284590018346,878.1665233470932,863.8284590018346,869.78173828125,2176527,0.0,0.0
2015-01-06,861.3970510889516,863.4932475935861,836.2705843198363,840.7704467773438,3048025,0.0,0.0
2015-01-07,837.7799267114015,844.0685165253069,830.4012737217458,838.7581176757812,2063635,0.0,0.0
2015-01-08,849.3788406085133,851.6148006502501,840.7984060000647,844.096435546875,1455954,0.0,0.0
2015-01-09,850.7761627912694,851.8941170145528,831.7706339354688,838.6182250976562,1735729,0.0,0.0
2015-01-12,840.6586684132394,859.1610835194058,835.7396175818249,857.595947265625,1535320,0.0,0.0
2015-01-13,863.6048531716161,864.8346283772972,847.5339993008532,849.378662109375,1318348,0.0,0.0
2015-01-14,851.0555351769971,857.5397712377419,838.4783597802927,848.5401000976562,1476891,0.0,0.0
2015-01-15,863.6328588050498,886.6630751967399,858.3225120072085,879.6757202148438,3419091,0.0,0.0
2015-01-16,884.5946763154175,901.0847167324351,872.0175008227811,889.7652587890625,4195027,0.0,0.0
2015-01-19,896.0539173932068,907.2336639440568,895.4390809742723,902.6779174804688,2087947,0.0,0.0
2015-01-20,906.618982371374,913.3826959014851,894.9361672363307,910.8952026367188,2088778,0.0,0.0
2015-01-21,913.2708845261963,932.5000081231706,911.5659847989657,924.869873046875,3705237,0.0,0.0
2015-01-22,925.6803632298073,932.9471435576708,924.1990032894553,929.760986328125,1811173,0.0,0.0
2015-01-23,936.3009824690322,959.1914870696081,936.3009824690322,956.5922241210938,4374211,0.0,0.0
2015-01-27,961.4552387641976,978.2248074772552,960.3373357522102,973.7529907226562,3390609,0.0,0.0
2015-01-28,969.9519822734047,972.9145995214604,941.8908946206249,949.353271484375,3463524,0.0,0.0
2015-01-29,945.9995234807652,969.1136738592393,943.7077295804593,963.6356201171875,3460012,0.0,0.0
2015-01-30,966.2624926503242,973.0820894221669,940.9683269566464,950.5828857421875,2282494,0.0,0.0
2015-02-02,948.039669867152,972.5512462832733,948.039669867152,969.89599609375,2125707,0.0,0.0
2015-02-03,973.7532499085722,978.1691829233023,954.3843110068605,962.85302734375,2930722,0.0,0.0
2015-02-04,966.7937807777826,968.2751407551856,940.4375894628353,943.79150390625,1846012,0.0,0.0
2015-02-05,945.2168890392155,953.6296168109304,935.7979256181906,940.4375,2015947,0.0,0.0
2015-02-06,940.2140842649666,946.9219133980024,929.59328656876,941.0805053710938,2210620,0.0,0.0
2015-02-09,929.7609494135312,932.9471065165759,866.4278759291947,878.9771118164062,5339823,0.0,0.0
2015-02-10,863.6888471946792,900.5260208505124,856.4500092064626,878.5579223632812,10472047,0.0,0.0
2015-02-11,887.1104114542483,907.6251959087886,885.2657993660996,901.476318359375,4675647,0.0,0.0
2015-02-12,904.4387908482772,927.357237712414,897.283781009555,922.3543090820312,3162283,0.0,0.0
2015-02-13,927.9163310267958,935.7421658144732,922.3265075232263,929.1181640625,2363568,0.0,0.0
2015-02-16,930.7111672175178,937.977947017954,916.7924441063735,921.4599609375,1676532,0.0,0.0
2015-02-18,925.0096117169443,936.2452461702297,924.5624299242776,929.7890014648438,2187792,0.0,0.0
2015-02-19,932.8352909178975,955.8655076329608,929.2578371736812,949.4651489257812,2808871,0.0,0.0
2015-02-20,950.2756873742107,958.5486003552136,934.3445955402059,937.75439453125,5372566,0.0,0.0
2015-02-23,942.7015440343232,956.9277379690993,938.7326906839992,943.0089111328125,3558913,0.0,0.0
2015-02-24,945.4960987306292,963.9705646760727,944.713505299055,962.070068359375,3186507,0.0,0.0
2015-02-25,964.2502430226562,969.7282955507658,942.4498027456222,949.1017456054688,2760175,0.0,0.0
2015-02-26,949.7166777419293,950.6949709602756,933.5061605484533,938.0059204101562,2867676,0.0,0.0
2015-02-27,951.8407843496336,986.6097008120771,950.2756994893111,983.2278442382812,6404554,0.0,0.0
2015-03-02,996.1125448527088,1034.1236076180674,996.1125448527088,1031.9434814453125,7276993,0.0,0.0
2015-03-03,1034.1235924912403,1039.1544638563005,1021.8817236202556,1035.0458984375,3566704,0.0,0.0
2015-03-04,1045.303222324677,1058.60710924635,1015.6770485327224,1027.35986328125,4956996,0.0,0.0
2015-03-05,1029.791408127163,1032.1391890915309,1003.3793328680649,1020.7359008789062,2831550,0.0,0.0
2015-03-09,1015.7885046321344,1018.2480545935485,981.0195980927025,985.1002197265625,2366515,0.0,0.0
2015-03-10,988.845626863869,1000.360683231583,963.7192156344705,979.5944213867188,2668429,0.0,0.0
2015-03-11,986.5259660185014,986.8893203952981,968.2751362620606,972.467529296875,2817523,0.0,0.0
2015-03-12,978.2249214715833,986.6097068052064,972.7189260829491,976.7716064453125,2488366,0.0,0.0
2015-03-13,987.3365013984167,989.041401074366,940.884766137935,945.8876953125,3480124,0.0,0.0
2015-03-16,949.1577041858096,955.809647561903,934.232745281129,938.9841918945312,1994878,0.0,0.0
2015-03-17,948.0398345217166,963.1324503550104,940.8848234687488,959.0239868164062,2178091,0.0,0.0
2015-03-18,964.2782914728912,965.6477791671174,946.1951174153627,949.74462890625,1931079,0.0,0.0
2015-03-19,962.0423445826455,972.048202034099,933.5061320647678,940.4375,3146062,0.0,0.0
2015-03-20,940.8847965743915,948.850343592053,924.0313965129565,933.7018432617188,2528511,0.0,0.0
2015-03-23,940.3815151846577,944.6856772261466,929.5930652697645,935.0990600585938,1682382,0.0,0.0
2015-03-24,935.4904991045169,944.015099463826,925.6803407821296,934.7080078125,2093748,0.0,0.0
2015-03-25,935.1831074007879,937.3351886921936,909.1063426916663,912.6838989257812,2524261,0.0,0.0
2015-03-26,906.674905251052,930.7112579758906,901.8955157575465,913.6342163085938,5232288,0.0,0.0
2015-03-27,922.3823486351652,942.2263081305105,917.8545437062897,937.8383178710938,4774842,0.0,0.0
2015-03-30,944.6858866471983,969.2812938499865,941.0525474952061,966.3466186523438,3359008,0.0,0.0
2015-03-31,969.8680291718816,976.5479146374663,956.5642455129748,961.2597045898438,2813583,0.0,0.0
2015-04-01,962.3776394451122,972.1319112098302,960.3373282871071,969.4207763671875,1500330,0.0,0.0
2015-04-06,970.7066520326987,986.2185064164075,962.6852202597676,982.6410522460938,2732079,0.0,0.0
2015-04-07,989.5441223603337,996.5035333048506,977.2464745447505,989.2367553710938,2142483,0.0,0.0
2015-04-08,992.1435730685143,999.0469973513532,984.4853954139666,994.6869506835938,2066943,0.0,0.0
2015-04-09,997.7895329393898,999.4664901376073,981.3553728675275,989.8519287109375,1702879,0.0,0.0
2015-04-10,989.4046954719388,993.8766152189702,978.2249472810297,986.05078125,1415592,0.0,0.0
2015-04-13,995.1344403635055,1010.0872413132065,990.1035684880884,1008.130859375,2358313,0.0,0.0
2015-04-15,1008.410270291822,1017.3261681643222,988.2308981356167,999.2709350585938,2280493,0.0,0.0
2015-04-16,999.466425879964,999.466425879964,972.6351124335221,980.6286010742188,2251882,0.0,0.0
2015-04-17,983.8708296552542,987.3923989053039,967.1012573153089,972.4954833984375,1497997,0.0,0.0
2015-04-20,973.6971746153033,973.6971746153033,932.9470378802379,949.4092407226562,2375331,0.0,0.0
2015-04-21,949.1576437463264,961.6789360859681,939.0959019398282,943.987060546875,2067291,0.0,0.0
2015-04-22,947.3689826290113,979.3429370701843,942.3101689157605,975.765380859375,2776149,0.0,0.0
2015-04-23,981.0197044675036,985.1562114553873,957.5702522864495,963.7470703125,2547232,0.0,0.0
2015-04-24,962.5733467984468,964.697485571775,933.5061253799191,938.3133544921875,2187252,0.0,0.0
2015-04-27,939.0680609264601,947.9559133450065,926.518824771906,932.2205200195312,2775021,0.0,0.0
2015-04-28,941.6115285911461,941.6115285911461,914.5006846564014,930.962890625,3310885,0.0,0.0
2015-04-29,928.8104973991748,934.7637763846283,920.0904032439466,925.260986328125,2125135,0.0,0.0
2015-04-30,925.5685356152723,926.0716022671371,908.6870926667419,911.8733520507812,3737527,0.0,0.0
2015-05-04,917.1557095671665,922.5778770196164,904.4946031232204,910.7552490234375,2455548,0.0,0.0
2015-05-05,913.941556423218,930.7111262658459,909.3299247164954,918.0780639648438,2135422,0.0,0.0
2015-05-06,918.1341281381381,918.9167218640299,871.0116686216126,874.6170654296875,4843735,0.0,0.0
2015-05-07,872.0176287299466,885.9922360982265,862.8502502679826,876.9926147460938,3978019,0.0,0.0
2015-05-08,888.2283258805021,902.761886081588,884.0638755241379,895.0758666992188,3842286,0.0,0.0
2015-05-11,900.6936154343349,912.2646603395358,898.7092912629317,902.9296264648438,3087799,0.0,0.0
2015-05-12,902.7060194971442,902.7060194971442,869.2227611945907,871.6823120117188,3287785,0.0,0.0
2015-05-13,877.6355380437241,891.582307600268,872.4649539610598,888.6196899414062,2439559,0.0,0.0
2015-05-14,886.6350288932229,889.8492302320444,877.8310056355699,881.4364013671875,1777146,0.0,0.0
2015-05-15,887.0263501375565,895.4949617962383,880.6818770078953,889.877197265625,2762061,0.0,0.0
2015-05-18,892.9237963708189,903.4886059323768,888.2283368271645,901.2806396484375,1792155,0.0,0.0
2015-05-19,902.7339790809679,913.9416702829442,899.4080071576052,905.9481811523438,2281797,0.0,0.0
2015-05-20,910.0007610543656,914.1931535730841,898.8489560132413,901.392333984375,1442643,0.0,0.0
2015-05-21,905.556796898104,917.2954961171536,899.6036199076816,915.7861938476562,2451279,0.0,0.0
2015-05-22,916.7365793815409,929.0342306270558,912.7118414122183,924.2549438476562,2647665,0.0,0.0
2015-05-25,922.2146629644301,922.2146629644301,908.3518240099397,911.2864990234375,1397434,0.0,0.0
2015-05-26,914.8918730118044,914.8918730118044,899.1285375956597,904.6624755859375,2059530,0.0,0.0
2015-05-27,905.5567345334724,920.034510338122,899.5476730362884,914.1651611328125,1575588,0.0,0.0
2015-05-28,915.1154168969601,917.211613058831,897.1719572806809,909.3298950195312,2633245,0.0,0.0
2015-05-29,911.4260690854732,933.3662209300437,908.7429790046567,924.8137817382812,4191568,0.0,0.0
2015-06-01,935.7419399721533,955.3064710427511,918.4134196459996,953.3779296875,5386807,0.0,0.0
2015-06-02,956.4244374305496,960.22553312396,931.829136438678,935.4904174804688,4373604,0.0,0.0
2015-06-03,936.3010577495303,943.3163559111789,918.9725343461851,924.3667602539062,3209997,0.0,0.0
2015-06-04,926.7982735503382,939.0959241536198,919.8388610282237,929.2857666015625,1967170,0.0,0.0
2015-06-05,927.9160398615045,952.5114397955954,927.2173761136316,941.108154296875,2404830,0.0,0.0
2015-06-08,941.164114543711,953.6295214198992,934.1208751164181,938.3970947265625,2129532,0.0,0.0
2015-06-09,936.8321292146662,942.3381247381693,925.6803235064503,931.7733154296875,1416730,0.0,0.0
2015-06-10,934.0650566665822,960.281532413316,933.5061051131054,953.6575317382812,2389308,0.0,0.0
2015-06-11,958.6045141152031,963.9427518752965,933.6457577244256,936.9437866210938,2981295,0.0,0.0
2015-06-12,936.0775863527896,940.884816186475,922.3265160071044,926.490966796875,1835109,0.0,0.0
2015-06-15,930.8229870558044,947.1453767877325,923.4444370160796,932.61181640625,1700772,0.0,0.0
2015-06-16,933.5063137268301,941.8911006694262,925.5966510638668,937.642822265625,2043630,0.0,0.0
2015-06-17,942.4498567028579,962.8528681454609,936.8600340193144,956.3406372070312,3984108,0.0,0.0
2015-06-18,958.6605937502273,966.7658529937687,955.1668645830572,959.8624267578125,2842159,0.0,0.0
2015-06-19,964.2502545295157,973.808929697257,954.3282250390439,959.2752685546875,2126232,0.0,0.0
2015-06-22,964.2502953995875,972.0761290162609,959.5268937105483,968.4426879882812,1613481,0.0,0.0
2015-06-23,973.1939974656502,990.5226211171067,971.237615896183,987.47607421875,2350728,0.0,0.0
2015-06-24,988.2866576355286,992.031868551136,975.4300551073269,980.0416870117188,1816593,0.0,0.0
2015-06-25,972.69090388995,1015.6769476082875,972.69090388995,1011.624267578125,4201746,0.0,0.0
2015-06-26,1008.1866234471624,1008.410163137486,992.1996461621785,995.3858032226562,1818054,0.0,0.0
2015-06-29,976.5477265288262,1003.3790330606159,960.8961651697194,1000.8915405273438,3110302,0.0,0.0
2015-06-30,998.1249407574464,1011.1493014533132,988.2867373131229,996.5597534179688,3076677,0.0,0.0
2015-07-01,996.6433895319831,1016.7948144236105,996.6433895319831,1012.7142944335938,2471292,0.0,0.0
2015-07-02,1012.8821043191169,1016.2360185718292,1001.7023560256291,1006.369873046875,1335757,0.0,0.0
2015-07-03,1006.1742599086468,1020.1488682895986,1001.9818671590275,1010.2548828125,1830951,0.0,0.0
2015-07-06,992.2275896954096,1018.1924821692487,992.199647234089,1015.1459350585938,2029512,0.0,0.0
2015-07-07,1015.6492347607083,1019.5900434940569,1003.491294274965,1012.5188598632812,1728982,0.0,0.0
2015-07-08,1000.5844028474802,1014.391355988144,989.4046551126102,1009.7797241210938,2385891,0.0,0.0
2015-07-09,1014.6986642049072,1034.6824352542556,1014.6986642049072,1033.508544921875,2888308,0.0,0.0
2015-07-10,1034.1237766176082,1050.8933508203081,1033.8721920632245,1048.8809814453125,2696910,0.0,0.0
2015-07-13,1048.8808970137832,1050.8932662267896,1030.7697788034257,1038.4278564453125,2160397,0.0,0.0
2015-07-14,1039.5457049235117,1046.3932453520483,1034.738373510715,1038.3438720703125,1669578,0.0,0.0
2015-07-15,1042.5083448273915,1050.8931301682194,1041.0828699074486,1044.9678955078125,1757511,0.0,0.0
2015-07-16,1045.303339729,1049.2163082944744,1038.0365589483833,1044.21337890625,2124406,0.0,0.0
2015-07-17,1045.806315334794,1055.364888204091,1041.977174871209,1046.197509765625,2513529,0.0,0.0
2015-07-20,1046.9802245904743,1050.8373079601142,1034.1236212028168,1043.7940673828125,1654725,0.0,0.0
2015-07-21,1045.2473248995218,1052.5700920524635,1027.4716208369675,1031.3006591796875,1305582,0.0,0.0
2015-07-22,1030.5460344826013,1044.1853334811474,1023.5307365743462,1036.611083984375,1643224,0.0,0.0
2015-07-23,1039.7132532544583,1042.2566310020368,1019.0308194311498,1023.5305786132812,2011395,0.0,0.0
2015-07-24,1025.7387225745724,1026.8286832020779,1004.5251757874984,1007.48779296875,1986279,0.0,0.0
2015-07-27,1004.5534581483461,1005.0565249430537,971.4335465107738,974.5079345703125,3556780,0.0,0.0
2015-07-28,978.2249155293872,990.5226688462232,974.6754041912718,983.2278442382812,1856446,0.0,0.0
2015-07-29,987.6158853481911,1005.3077609084329,978.2528073648424,1000.7520141601562,1687711,0.0,0.0
2015-07-30,1008.9693154118278,1011.7641759333096,988.5383589035864,991.5009765625,2621203,0.0,0.0
2015-07-31,997.5098668497186,1015.0340875979589,987.1687004717118,1001.2830200195312,2882673,0.0,0.0
2015-08-03,955.8932330615775,997.2302554300564,952.5393197611999,994.658935546875,4953312,0.0,0.0
2015-08-04,994.9946729586788,1003.2676899521944,983.2559713583386,992.0599975585938,2105218,0.0,0.0
2015-08-05,992.0599825327813,1001.6466023416403,988.90176745279,994.7711181640625,1552152,0.0,0.0
2015-08-06,993.3732890183567,1026.744771187506,992.1995011090818,1023.3629150390625,2809791,0.0,0.0
2015-08-07,1022.9438947968267,1030.7697292026717,1015.1739453173554,1024.8724365234375,2368350,0.0,0.0
2015-08-10,1023.809952068771,1030.8811327492592,1009.583763348021,1017.77294921875,2166975,0.0,0.0
2015-08-11,1018.5836573054272,1020.0928570964736,996.1123940076943,1006.8170166015625,1658853,0.0,0.0
2015-08-12,1002.0096693109198,1002.0934966835063,979.3428091755319,985.212158203125,2478813,0.0,0.0
2015-08-13,985.2122843726769,1002.792391249294,977.1070259381702,983.898681640625,3626170,0.0,0.0
2015-08-14,994.2959501941181,1008.8295116524296,978.2529838959844,1005.8948364257812,1955958,0.0,0.0
2015-08-17,1002.2054831933917,1006.1742337951381,986.9171701081143,995.190185546875,1508725,0.0,0.0
2015-08-18,1002.3730726390288,1014.5310105051266,996.7272629955249,1006.2579956054688,2073873,0.0,0.0
2015-08-19,1006.1182209645611,1017.3538522842066,998.3482731598345,1014.3912353515625,1626091,0.0,0.0
2015-08-20,1003.379416835399,1016.7950752325446,986.0508921902028,996.02880859375,2032938,0.0,0.0
2015-08-21,981.0198558938914,981.0198558938914,964.2502857076711,972.6350708007812,3087904,0.0,0.0
2015-08-24,949.1577015630432,949.1577015630432,897.1720323961628,912.0130615234375,4809892,0.0,0.0
2015-08-25,922.2983699437661,930.9906240003248,880.4023891113865,908.156005859375,5436565,0.0,0.0
2015-08-26,909.9727966220117,918.1339394298338,885.7686904374939,890.0169677734375,3418867,0.0,0.0
2015-08-27,911.1465968512061,915.6185162743526,888.8430893613433,905.584716796875,6486766,0.0,0.0
2015-08-28,916.6806152119368,925.1212848799372,897.2837380975736,903.5723266601562,3557331,0.0,0.0
2015-08-31,903.8798878817396,911.1466679522482,893.818145159494,895.9981689453125,2546173,0.0,0.0
2015-09-01,892.2429795469662,896.1959201528971,868.8074155360896,879.7628173828125,4791088,10.833333,0.0
2015-09-02,894.5016048172565,894.5016048172565,858.3318799641258,862.68017578125,4657150,0.0,0.0
2015-09-03,870.95312973232,887.7250761577732,868.2990174473388,885.9180297851562,3510199,0.0,0.0
2015-09-04,880.3274599774329,883.6027058430875,858.3601507178342,866.181396484375,3262708,0.0,0.0
2015-09-07,869.4003252591474,875.8662347504346,849.3248509309929,852.4307250976562,1831632,0.0,0.0
2015-09-08,855.5365118975835,886.0308826186856,841.4187304412523,883.4896850585938,2772253,0.0,0.0
2015-09-09,895.3488781354584,902.1254070144402,880.9487542676223,899.3018188476562,3469864,0.0,0.0
2015-09-10,887.3863678623653,917.6549163444291,878.3792598263195,912.2054443359375,2940453,0.0,0.0
2015-09-11,917.6548123478883,920.2524674707007,899.329876494058,905.202880859375,2370705,0.0,0.0
2015-09-14,907.2923990985116,914.266631188291,896.7605310628044,906.8970947265625,1564111,0.0,0.0
2015-09-15,906.9253149361795,911.6689673554705,875.30158588392,879.9039916992188,4171896,0.0,0.0
2015-09-16,887.7250100408289,888.0638570608578,866.9436680987071,874.5672607421875,3774322,0.0,0.0
2015-09-18,881.5133636728979,894.5017441729173,866.8591314238631,869.9932861328125,3023722,0.0,0.0
2015-09-21,864.0072972888697,879.4520853621391,862.5955034257113,875.4426879882812,2421045,0.0,0.0
2015-09-22,881.1180405369875,882.0216672478147,835.912974325054,838.567138671875,4925386,0.0,0.0
2015-09-23,831.818841054885,849.3248895666283,817.2775236466978,844.411865234375,4148463,0.0,0.0
2015-09-24,839.9506489827403,839.9506489827403,824.4775797195186,825.8611450195312,3337753,0.0,0.0
2015-09-28,826.7364665937984,829.5882315079418,805.0515963470715,807.5645141601562,3741877,0.0,0.0
2015-09-29,801.8891144684794,827.3010929019791,797.569047114303,816.7127685546875,4576866,0.0,0.0
2015-09-30,827.1883036284572,829.5600784495397,816.7976292259134,828.0071411132812,3287628,0.0,0.0
2015-10-01,837.4658928230576,844.0447683046025,825.6634267099329,841.475341796875,2706871,0.0,0.0
2015-10-05,849.3812546947103,877.560311441644,849.3812546947103,875.6685791015625,3955770,0.0,0.0
2015-10-06,883.0381769582691,883.0381769582691,869.3722048418332,878.0404663085938,3646411,0.0,0.0
2015-10-07,875.3014615973107,878.6332679132664,869.6542866814268,872.3367309570312,1399029,0.0,0.0
2015-10-08,871.348385656678,874.6801918471418,858.6142207422998,866.0966186523438,1634403,0.0,0.0
2015-10-09,873.7768346580486,883.7440264869973,868.5250666563027,873.2686157226562,2046471,0.0,0.0
2015-10-12,878.1250399611243,884.4780348725833,875.0191658049478,877.5603637695312,1188325,0.0,0.0
2015-10-13,880.9485853627681,884.7321534882151,865.4190602261918,872.9296875,1813896,0.0,0.0
2015-10-14,869.0332134637849,877.5038730226605,866.859039596418,869.85205078125,1693611,0.0,0.0
2015-10-15,875.3862420639107,882.9251500438478,872.5344256614547,881.2310180664062,1884301,0.0,0.0
2015-10-16,884.0544606154363,908.5629158501524,876.7414854991176,906.3323364257812,2580712,0.0,0.0
2015-10-19,907.9983483318067,909.1842614821497,889.5887243639748,892.6947021484375,1893249,0.0,0.0
2015-10-20,895.4616162899102,901.7299249483397,885.5227574796039,888.6004028320312,2194296,0.0,0.0
2015-10-21,889.9557246567599,890.8592479132931,873.0708623710732,875.5556030273438,2086108,0.0,0.0
2015-10-23,882.1062101689433,886.5109114376966,850.5953487108223,852.8823852539062,4297068,0.0,0.0
2015-10-26,858.3884865761393,864.0073822412887,849.3249210838635,851.837890625,2636010,0.0,0.0
2015-10-27,849.9459104081359,860.0541918259086,841.4752517502943,844.1011352539062,3801229,0.0,0.0
2015-10-28,841.3624167166698,846.5012699836087,837.4659338067328,842.9718627929688,2522211,0.0,0.0
2015-10-29,844.2424067108949,844.778854234126,828.2046110770879,830.5481567382812,2901601,0.0,0.0
2015-10-30,831.8187006007859,845.7670590928947,790.5948102213225,796.6654663085938,11414433,0.0,0.0
2015-11-02,790.5948767655858,792.8537365534702,776.0536122895885,784.1854248046875,7422958,0.0,0.0
2015-11-03,788.8442639618439,788.8442639618439,772.2982496404005,775.51708984375,5215915,0.0,0.0
2015-11-04,783.8183659436977,783.8183659436977,770.8300382111047,772.5806274414062,3886504,0.0,0.0
2015-11-05,773.6535737675532,779.046588052309,770.2653098653584,773.0606689453125,3723427,0.0,0.0
2015-11-06,775.3478087194394,782.9714035121314,774.8395897469177,777.7478637695312,2817822,0.0,0.0
2015-11-09,762.3594070511201,770.2653392239741,751.6863960327269,767.4700317382812,3894880,0.0,0.0
2015-11-10,765.2111595761004,772.2418486893029,758.4064029821252,761.4558715820312,3552916,0.0,0.0
2015-11-13,767.4418087882096,767.4418087882096,751.0652164155881,751.7428588867188,2728915,0.0,0.0
2015-11-16,750.7827708702484,769.5876453276396,748.8063008843205,766.3970336914062,3453009,0.0,0.0
2015-11-17,772.806463600379,775.0653233062745,759.5357985428458,763.3475952148438,2795227,0.0,0.0
2015-11-18,764.6181725154926,773.0888315474191,757.276917454223,759.2251586914062,2537497,0.0,0.0
2015-11-19,766.8769529686061,770.8299442754127,762.4157428184207,767.4134521484375,1806705,0.0,0.0
2015-11-20,769.3617257354904,775.5735251644008,759.2533921068887,771.8746948242188,2543665,0.0,0.0
2015-11-23,773.6535337628144,781.5030079502916,770.8582265282067,773.0323486328125,2178064,0.0,0.0
2015-11-24,769.7006088340065,773.032363649683,755.3004877145565,757.5875244140625,2611854,0.0,0.0
2015-11-26,762.2182282153364,764.7876549331513,751.149912599885,752.5617065429688,4076958,0.0,0.0
2015-11-27,754.6792469528023,772.2417497645778,754.4533661633158,770.8299560546875,3462969,0.0,0.0
2015-11-30,770.7454134918953,781.5313912234831,770.2653714867579,776.2513427734375,3613390,0.0,0.0
2015-12-01,776.4771095641798,780.9383199570318,768.3170170850109,770.7453002929688,1377124,0.0,0.0
2015-12-02,772.5242185037808,775.9124826200256,763.4041443709428,764.6182861328125,1781221,0.0,0.0
2015-12-03,762.6417435024226,770.7736081805136,759.1123362779568,761.145263671875,1776231,0.0,0.0
2015-12-04,757.0228067556741,763.0934112511887,755.5827843824982,756.6275024414062,2201155,0.0,0.0
2015-12-07,759.7898553288275,763.2063474379773,754.5098079690148,757.361572265625,1649014,0.0,0.0
2015-12-08,755.5547160826969,756.7123489337438,742.0298874208167,746.6040649414062,2217838,0.0,0.0
2015-12-09,745.4745137121259,748.2133638055927,733.2202857394274,734.5191650390625,3327682,0.0,0.0
2015-12-10,739.5451149959229,744.1475209633028,734.6885995550574,740.3074951171875,2893311,0.0,0.0
2015-12-11,740.3921671054143,741.8886469775593,720.8814197849671,726.0767822265625,4114018,0.0,0.0
2015-12-14,725.3142370700216,729.8036756648579,714.0765004153063,719.6671142578125,4010256,0.0,0.0
2015-12-15,720.005963199397,728.0813173049783,714.4153493419318,724.6365966796875,3333246,0.0,0.0
2015-12-16,728.9001537719955,733.5590158821012,720.5706902632838,723.3377685546875,3351052,0.0,0.0
2015-12-17,727.9120082809955,733.9544363436512,723.7049070585529,731.9779663085938,3764286,0.0,0.0
2015-12-18,729.5214531606422,738.980373736511,725.1449284104694,727.0084838867188,3934995,0.0,0.0
2015-12-21,726.4719352263049,732.8249291241375,725.3707082567099,728.6460571289062,1760169,0.0,0.0
2015-12-22,729.0415742508185,732.3733296648538,720.5709132475201,722.9426879882812,2622499,0.0,0.0
2015-12-23,727.3474327623796,733.5592335185403,724.5238446634611,729.0415649414062,2420179,0.0,0.0
2015-12-24,732.3167719515526,734.9709361623173,726.387310062385,731.0179443359375,2227447,0.0,0.0
2015-12-28,732.5144749577724,734.2368356849872,727.4320787000995,731.3850708007812,2357763,0.0,0.0
2015-12-29,734.1239511861392,734.6886274373572,725.8226622646429,728.2227172851562,2280091,0.0,0.0
2015-12-30,730.453162989231,732.9943607557581,723.6766356118255,724.8060913085938,1811727,0.0,0.0
2015-12-31,726.2178833737711,726.5285018070468,718.3966373738532,720.2601928710938,2324868,0.0,0.0
2016-01-01,722.2649857480882,729.041513990601,718.6225604570916,728.0250244140625,1127733,0.0,0.0
2016-01-04,726.2179007048128,728.4485319670473,707.7518722295881,709.2483520507812,2767263,0.0,0.0
2016-01-05,713.1166060952896,716.6178363574118,707.3001103527646,709.7848510742188,2470134,0.0,0.0
2016-01-06,710.970678538079,711.422440156646,697.4176231778563,698.4623413085938,2728635,0.0,0.0
2016-01-07,693.5494251872624,693.6623914514445,677.6528228317221,681.2669677734375,4689760,0.0,0.0
2016-01-08,686.1797373609154,687.1962266345494,663.5348421184372,665.8501586914062,5356012,0.0,0.0
2016-01-11,656.1938191339342,669.1256900964372,646.6219318677723,662.603271484375,4304283,0.0,0.0
2016-01-12,669.9444980661006,677.652777732486,662.546785129134,665.8785400390625,4095195,0.0,0.0
2016-01-13,674.2645195272262,674.2645195272262,637.0500737161874,653.2290649414062,5619939,0.0,0.0
2016-01-14,640.6077064824219,652.2407483851895,626.8852284489631,640.7489013671875,5099718,0.0,0.0
2016-01-15,643.7138462356515,644.6173697168765,621.1818545916805,625.64306640625,3987867,0.0,0.0
2016-01-18,624.5699108330111,626.8287704827652,606.4991887373783,611.8921508789062,4166632,0.0,0.0
2016-01-19,612.315789858765,639.5348698136391,603.7322147648324,634.1419067382812,4372536,0.0,0.0
2016-01-20,621.7181534671753,633.8876429953093,608.3909796138608,630.2734985351562,5856754,0.0,0.0
2016-01-21,638.1229793671782,642.4148179662017,616.1557743007713,622.7064208984375,3802062,0.0,0.0
2016-01-22,630.1606289851266,646.5936779021554,626.9982458940741,645.0125122070312,3694869,0.0,0.0
2016-01-25,649.9818737617139,653.8501792284721,626.2075716399031,629.1723022460938,2472816,0.0,0.0
2016-01-27,633.6052617616505,633.6052617616505,619.8545558872157,625.5863647460938,2618145,0.0,0.0
2016-01-28,621.7464041160815,623.1581979257861,604.2403573387945,606.7815551757812,5794726,0.0,0.0
2016-01-29,606.49926152809,626.2641178079732,604.3533678686381,622.113525390625,4848987,0.0,0.0
2016-02-01,635.2994481460091,654.4713978415449,626.8852461125728,633.633544921875,7053951,0.0,0.0
2016-02-02,634.7347504993172,646.5936740957508,627.39354654968,633.5488891601562,4505643,0.0,0.0
2016-02-03,625.02172830577,632.4759503061978,616.8334582823011,626.1511840820312,3731595,0.0,0.0
2016-02-04,631.911226821911,649.3325368486633,631.45946518858,641.3419189453125,5956549,0.0,0.0
2016-02-05,644.7866308709113,650.5466691639731,636.1747762199917,643.7136840820312,4000879,0.0,0.0
2016-02-08,644.3349089263033,653.8502874168644,632.7018653666385,638.29248046875,2539246,0.0,0.0
2016-02-09,629.6523842043011,636.9654115588067,622.5370607331997,629.2006225585938,2523124,0.0,0.0
2016-02-10,625.5300113923735,638.1230351125153,622.8758471361036,632.8147583007812,3203877,0.0,0.0
2016-02-11,631.7418378500838,635.4407204391747,609.3228165889367,616.8899536132812,4395021,0.0,0.0
2016-02-12,620.9558755306302,622.5935503570005,573.7742859321216,595.0074462890625,6160240,0.0,0.0
2016-02-15,605.5392175411397,652.071389785037,601.1627443864757,649.0784301757812,5939226,0.0,0.0
2016-02-16,653.8784692944635,653.8784692944635,620.7863876006425,623.4405517578125,3548740,0.0,0.0
2016-02-17,624.3441787147782,640.2125539137572,611.101739470379,633.8595581054688,3479412,0.0,0.0
2016-02-18,640.607810178626,663.5068220109498,639.8172014172413,649.2196655273438,5457168,0.0,0.0
2016-02-19,647.2430122162773,660.0901951772225,638.913548373905,649.6995239257812,3036894,0.0,0.0
2016-02-22,649.4172569061184,659.7231916771972,643.8830994962626,649.2760620117188,2054481,0.0,0.0
2016-02-23,652.3819422380474,652.8054751908743,635.355886513924,638.2077026367188,2045679,0.0,0.0
2016-02-24,633.6053447907656,638.1230127250129,626.8288170389926,628.4664916992188,1816150,0.0,0.0
2016-02-25,631.3464594586462,632.4759151721662,611.0168770249065,613.5298461914062,2655282,0.0,0.0
2016-02-26,616.9463931145399,631.0641771753305,616.8334785536857,627.1959228515625,2277972,0.0,0.0
2016-02-29,629.0875755995319,634.4523086392516,594.6684431399952,607.6285400390625,5500993,0.0,0.0
2016-03-01,613.8405114253243,637.5583594069732,610.4522474279458,634.70654296875,3647113,0.0,0.0
2016-03-02,645.4642735134607,649.9254842056349,639.9301160320703,642.584228515625,3652203,0.0,0.0
2016-03-03,648.796081840549,683.9775485651288,640.6359887924734,681.6622314453125,5552958,0.0,0.0
2016-03-04,686.123429228402,691.1775963618376,670.3115140372738,673.812744140625,3438969,0.0,0.0
2016-03-08,678.2174343777161,684.4292336208738,662.5184869026243,670.5656127929688,3022782,0.0,0.0
2016-03-09,667.7138727127766,688.9469794803584,665.2291320525007,684.9093017578125,3121141,0.0,0.0
2016-03-10,685.5586585255375,689.7939880710016,667.0644034106106,669.8314819335938,2932767,0.0,0.0
2016-03-11,671.4127498165798,678.782182420568,661.4455586141632,669.5491943359375,2996377,0.0,0.0
2016-03-14,675.9585125873798,681.4079830546827,665.0596233535678,668.730224609375,2726301,0.0,0.0
2016-03-15,671.2716051799285,676.4386873214455,663.845663041163,666.7821655273438,2444158,0.0,0.0
2016-03-16,670.3114818194185,672.9656458331895,657.8313737989228,668.1655883789062,2704711,0.0,0.0
2016-03-17,676.523396319901,680.4763365218159,668.8715736752623,673.8410034179688,3872653,0.0,0.0
2016-03-18,677.0880227612471,679.3468824969156,672.0621361080674,677.2574462890625,2566830,0.0,0.0
2016-03-21,678.2174443747607,696.034056820458,674.4621051170327,693.54931640625,3575446,0.0,0.0
2016-03-22,696.8529269662616,703.0647265941353,690.076399481017,698.7164306640625,2979816,0.0,0.0
2016-03-23,700.2411816324417,705.3235771804978,694.76348175943,701.68115234375,2438136,0.0,0.0
2016-03-28,700.8058494067976,703.7423514706891,676.5515562938496,681.2386474609375,3717456,0.0,0.0
2016-03-29,682.1704273555823,686.7163755244951,672.0056359626972,674.2362670898438,2703178,0.0,0.0
2016-03-30,682.1704438833816,695.667042124481,678.4998419139528,693.492919921875,2874000,0.0,0.0
2016-03-31,692.3069738231812,694.5940621729353,684.1469329429591,687.0834350585938,4945963,0.0,0.0
2016-04-01,684.429295721398,704.9283022947986,684.429295721398,699.0552978515625,2539944,0.0,0.0
2016-04-04,700.1846807052418,705.8882614436743,689.8505176660478,697.8976440429688,1740162,0.0,0.0
2016-04-05,693.6906498019148,697.2765662563653,672.0339561641384,674.9140014648438,3151113,0.0,0.0
2016-04-06,677.1446646736542,686.1235447017724,667.7704285358164,684.3447265625,2583834,0.0,0.0
2016-04-07,682.1704567648483,683.271683907195,665.1162224886497,667.9962158203125,2707579,0.0,0.0
2016-04-08,668.6173217118454,675.9585766196772,666.9231899408688,673.2761840820312,1565038,0.0,0.0
2016-04-11,675.393883234957,686.6316211087421,669.5209307100209,685.191650390625,2529934,0.0,0.0
2016-04-12,686.1233132322758,697.3610496483728,681.6338747327667,690.3021850585938,2837052,0.0,0.0
2016-04-13,697.9824523307099,707.5825173702633,694.0859690295763,697.3612670898438,4955905,0.0,0.0
2016-04-18,696.3446594452305,709.8130285616763,682.7633757772951,707.5823974609375,2644515,0.0,0.0
2016-04-20,709.8413402229606,716.0249119635002,704.7589439922474,714.8955078125,2522848,0.0,0.0
2016-04-21,717.013036566704,720.0059957733417,703.6576346800597,706.9894409179688,1723543,0.0,0.0
2016-04-22,705.8883578587084,716.6178783937145,701.0883513752865,714.41552734375,2008374,0.0,0.0
2016-04-25,717.1826166439182,721.4744042393337,709.89781748769,714.6414184570312,2128689,0.0,0.0
2016-04-26,712.1566095708954,724.777913374582,711.7330765801785,723.3943481445312,1877685,0.0,0.0
2016-04-27,723.3943778610005,727.7709028451279,717.7754824929606,720.824951171875,1557685,0.0,0.0
2016-04-28,721.1355462052463,724.4673531199979,707.8083702470482,711.2813720703125,2789970,0.0,0.0
2016-04-29,711.6201257879942,714.9801611474799,703.3471179695789,708.4860229492188,1689373,0.0,0.0
2016-05-02,703.6294874916192,709.2765595272898,697.9823637551444,706.3118286132812,1344315,0.0,0.0
2016-05-03,709.276549209622,724.608474162376,703.0647493804241,706.6788940429688,2525149,0.0,0.0
2016-05-04,704.2223809860675,710.3494948898482,700.2412123262238,704.0812377929688,1644345,0.0,0.0
2016-05-05,702.7823854690434,724.2413718456854,702.6129619424864,719.3566284179688,2821255,0.0,0.0
2016-05-06,717.7471798861812,718.53778854007,708.1471165918224,711.7894897460938,1610382,0.0,0.0
2016-05-09,713.7943760678975,732.3733210698302,713.3426143797983,731.0462646484375,2788513,0.0,0.0
2016-05-10,731.3002768938505,746.9427688431448,727.3473367982024,745.4462890625,3676146,0.0,0.0
2016-05-11,734.0391578308036,753.3240239542213,731.3003076076507,749.7946166992188,4603557,0.0,0.0
2016-05-12,748.2980325787662,756.6557252852463,740.4767873655429,743.2156372070312,1553274,0.0,0.0
2016-05-13,739.7709095042163,742.5944971269058,723.083751715925,726.500244140625,2103742,0.0,0.0
2016-05-16,729.4932032258085,731.8649775350672,716.4765956117824,724.6649169921875,2410951,0.0,0.0
2016-05-17,727.9120483190345,739.2062963712295,725.4555878847832,729.0979614257812,2223565,0.0,0.0
2016-05-18,725.8791136668593,741.0133355930164,721.1637416281503,739.686279296875,2603508,0.0,0.0
2016-05-19,736.3827573250571,738.6416174254049,711.5637316668655,714.980224609375,2005083,0.0,0.0
2016-05-20,718.3119785420407,722.6602748662328,706.5095116486114,708.7683715820312,1672558,0.0,0.0
2016-05-23,713.5966455997794,714.8390159561952,699.1117860223375,700.9188842773438,2198760,0.0,0.0
2016-05-24,700.9188747149673,705.0977473657539,690.8105401626933,701.455322265625,1858491,0.0,0.0
2016-05-25,711.5353470398752,733.361408008307,706.4811803400806,729.3801879882812,3721570,0.0,0.0
2016-05-26,792.8538101904966,838.5389188808055,784.947877749835,832.46826171875,20691907,0.0,0.0
2016-05-27,832.3836267304324,839.9224838963655,819.9599735341895,832.891845703125,5885740,0.0,0.0
2016-05-30,830.0680990170903,845.0611753228679,827.9504343326809,839.7811279296875,3487939,0.0,0.0
2016-05-31,839.2728752687789,839.7811458243465,828.5434084396724,832.1292724609375,3809605,0.0,0.0
2016-06-01,830.1528817112662,838.1153225333015,825.0987145151066,827.329345703125,2486295,0.0,0.0
2016-06-02,824.4775520826187,837.2965082805367,814.115107953054,834.2188110351562,3103587,0.0,0.0
2016-06-03,834.077675004685,839.131842383604,822.2187509605465,824.81640625,2250340,0.0,0.0
2016-06-06,826.0587983208749,832.0164891394905,825.0705373909597,829.1082153320312,1901931,0.0,0.0
2016-06-07,832.9481124423335,847.0658945856948,825.2116048455438,840.23291015625,3348535,0.0,0.0
2016-06-08,844.3553593742772,855.3672171253684,841.5035946991136,853.3907470703125,3325263,0.0,0.0
2016-06-09,853.4472423595183,854.8025790097298,839.7812715001968,842.2377319335938,1813729,0.0,0.0
2016-06-10,837.0706392047442,849.8895438816901,833.6823751737198,840.1200561523438,2152996,0.0,0.0
2016-06-13,830.1245614223516,832.3269120274385,821.8233261482877,827.950439453125,2209357,0.0,0.0
2016-06-14,828.9952481921466,831.9599790930542,821.7104498151484,824.7881469726562,1689316,0.0,0.0
2016-06-15,826.7364075367894,856.6660553301343,826.4540694399482,854.8590087890625,2960616,0.0,0.0
2016-06-16,852.148342630247,852.148342630247,834.6422958263761,843.7906494140625,2447025,0.0,0.0
2016-06-17,843.9600294058771,848.6754011367545,831.7623106723189,835.9129028320312,2653944,0.0,0.0
2016-06-20,826.397529724408,852.7130834568763,824.6469405276516,851.0471801757812,2975367,0.0,0.0
2016-06-21,852.7130813989531,853.2213002933,841.7012239478112,844.1294555664062,1195078,0.0,0.0
2016-06-22,844.8070976518103,848.7600893534579,835.8846764602309,842.2941284179688,1813926,0.0,0.0
2016-06-23,839.7811918637764,851.555377385004,832.0446321673634,846.2753295898438,2053992,0.0,0.0
2016-06-24,817.9833954782886,828.9952531764394,791.1596223132942,807.8750610351562,6840802,0.0,0.0
2016-06-27,806.9433454607833,829.7858475220622,806.4068461909661,828.2893676757812,2560092,0.0,0.0
2016-06-28,829.3904941627454,842.2658546655315,828.995189843674,832.4116821289062,2342134,0.0,0.0
2016-06-29,839.2728671187383,843.112892230897,834.2187004532241,837.5787353515625,2000545,0.0,0.0
2016-06-30,840.4023254929401,849.832964787082,838.5387702028358,845.0894165039062,3960568,0.0,0.0
2016-07-01,849.7765778257385,872.4779351177683,847.4612607647899,871.15087890625,3497923,0.0,0.0
2016-07-04,875.3015777524399,890.5487659257957,874.369722420556,885.5228271484375,2718052,0.0,0.0
2016-07-05,884.5063691202199,893.3723344153402,876.4310126286928,890.04052734375,2636760,0.0,0.0
2016-07-07,889.983860183416,893.3438951055177,875.6685293708153,877.8426513671875,2084571,0.0,0.0
2016-07-08,878.0968696149605,878.7745638111495,859.5179256211024,865.5038452148438,1915600,0.0,0.0
2016-07-11,879.8191521554319,887.273374044585,877.8709624673539,880.835693359375,1815517,0.0,0.0
2016-07-12,885.3532296117382,887.583912290158,873.5790964255197,885.4662475585938,2383048,0.0,0.0
2016-07-13,885.5228035008896,886.4827840457386,871.4049681163115,876.0921630859375,2036055,0.0,0.0
2016-07-14,880.3556738683375,887.1322013965406,871.3484635342577,883.4615478515625,1909636,0.0,0.0
2016-07-15,884.393264667345,900.7134494052556,879.3390978593623,895.5462646484375,2428458,0.0,0.0
2016-07-18,896.7604955415746,905.5982311764644,883.7722192680459,889.0804443359375,1855422,0.0,0.0
2016-07-19,887.7251182682282,894.2192561038793,881.8521138770285,888.1768798828125,1926168,0.0,0.0
2016-07-20,888.289764169421,895.6310711090837,885.7767950357184,887.0756225585938,1790911,0.0,0.0
2016-07-21,889.419359768642,889.419359768642,876.4309790952907,879.565185546875,1678212,0.0,0.0
2016-07-22,881.0050878213328,891.0569651538458,876.7415292272137,888.8546142578125,1877206,0.0,0.0
2016-07-25,887.7251804008462,897.2122783727292,882.642784329849,895.57470703125,2209774,0.0,0.0
2016-07-26,897.0427859414739,902.4075710957645,892.8639137246495,899.4146118164062,1729183,0.0,0.0
2016-07-27,901.4475208273901,912.0076163087625,895.9981529622438,904.7510986328125,2467012,0.0,0.0
2016-07-28,905.7959869259944,907.2641864751442,881.7392907003193,890.68994140625,2811580,0.0,0.0
2016-07-29,897.8898557438691,899.8381486782928,875.301466167198,880.299072265625,4228011,0.0,0.0
2016-08-01,880.4121165454245,895.6310745935975,841.418803566104,843.5082397460938,9155449,0.0,0.0
2016-08-02,844.8071196918194,854.858996889427,841.5600506705271,848.957763671875,2410914,0.0,0.0
2016-08-03,851.5835497131762,856.7506826153284,830.4069026571391,834.9810791015625,2619658,0.0,0.0
2016-08-04,844.8071030345905,844.8071030345905,824.7034007365684,829.6446533203125,2254336,0.0,0.0
2016-08-05,835.9694072073939,856.5248708256148,834.6422993043892,853.9554443359375,2805628,0.0,0.0
2016-08-08,858.3601556329946,860.9860911296803,845.4282854227115,851.1036376953125,1403923,0.0,0.0
2016-08-09,852.6565321609374,852.7130411360436,839.9505433941791,847.6024169921875,1865400,0.0,0.0
2016-08-10,847.8282635634554,849.3247431777407,833.7104816033907,837.5787353515625,1683261,0.0,0.0
2016-08-11,832.9763480148965,835.206979016253,826.0869062553243,832.7787475585938,2240371,0.0,0.0
2016-08-12,835.2070138760787,850.2847772144114,834.924675797348,842.4917602539062,1659132,0.0,0.0
2016-08-16,843.6493866158416,854.2094814645737,831.2539651295156,850.6517944335938,2610843,0.0,0.0
2016-08-17,849.1836542939573,855.1131162192019,841.9835933847316,848.477783203125,1384653,0.0,0.0
2016-08-18,852.3363934510484,856.7381551179246,846.0482148348719,847.2486572265625,1780732,12.166667,0.0
2016-08-19,850.621396376623,855.7662838547074,845.8480980616896,854.2514038085938,1392250,0.0,0.0
2016-08-22,854.6229666402788,859.767853959846,845.4764828488815,853.279541015625,1837995,0.0,0.0
2016-08-23,853.2795674137109,854.451486363335,836.4443801877601,844.4189453125,1273489,0.0,0.0
2016-08-24,843.1898787112665,850.8786342340827,837.5019476635524,842.3323974609375,1230627,0.0,0.0
2016-08-25,843.8187965195242,847.9346965158949,829.1844621606471,831.5568237304688,2616154,0.0,0.0
2016-08-26,831.7569099156254,834.5865879047378,811.9776873888108,815.8649291992188,2788650,0.0,0.0
2016-08-29,818.6087521095545,836.758736300666,811.291586040478,834.3292236328125,2094229,0.0,0.0
2016-08-30,839.188389707386,844.7905939336583,833.386103020425,843.5615234375,2598309,0.0,0.0
2016-08-31,843.1898387978413,867.7424085270676,840.5030922534589,864.8841552734375,4152240,0.0,0.0
2016-09-01,864.9127514886047,867.513770908221,858.6530966400438,861.5399780273438,1905766,0.0,0.0
2016-09-02,861.5399608960857,864.6268723282814,849.935388791702,860.3680419921875,1755505,0.0,0.0
2016-09-06,864.455508132943,871.3439342844185,859.2819922498609,866.8564453125,1960860,0.0,0.0
2016-09-07,870.4580532601599,881.1765193715875,863.1980364532175,867.9141845703125,2648263,0.0,0.0
2016-09-08,872.0870883051078,883.748813458001,869.5717957808147,880.0617065429688,1692184,0.0,0.0
2016-09-09,880.3474122744468,880.9762877051692,863.1978390168186,867.5995483398438,2262933,0.0,0.0
2016-09-12,850.6214756233338,852.6794517408962,834.5579886227981,836.4444580078125,1953571,0.0,0.0
2016-09-14,836.444387666632,847.1914790734389,832.3856395746834,843.3613891601562,1718754,0.0,0.0
2016-09-15,843.2471357485473,844.3618509770548,832.9859358268782,840.474609375,1126282,0.0,0.0
2016-09-16,844.390380040829,856.9095854595439,839.474150677824,842.1609497070312,2112271,0.0,0.0
2016-09-19,843.7616807691371,851.7648228973246,836.9018297059733,845.9339599609375,942540,0.0,0.0
2016-09-20,844.9048989250247,848.5349066218063,839.5027771462491,843.7330322265625,1097205,0.0,0.0
2016-09-21,846.0482302009244,850.5642948745051,838.2165432672564,841.5321655273438,1337071,0.0,0.0
2016-09-22,851.7647748463631,859.7679688595733,844.3333048381771,857.4527587890625,1952950,0.0,0.0
2016-09-23,860.3395736833702,867.4852862415577,852.1077739453775,855.766357421875,3121780,0.0,0.0
2016-09-26,852.908032737145,864.3125228764588,835.5297495875951,837.87353515625,2122144,0.0,0.0
2016-09-27,840.3602000875244,843.9330560719596,818.2943457819642,821.1240234375,2819209,0.0,0.0
2016-09-28,824.3252511894763,838.616622113391,822.2959034192411,832.271240234375,2393218,0.0,0.0
2016-09-29,835.5298207757227,839.760023582553,812.0062358946753,821.8101196289062,3040345,0.0,0.0
2016-09-30,820.3237380027404,823.4963767252414,806.8898477815638,819.2661743164062,3497865,0.0,0.0
2016-10-03,822.06730599071,843.0470214252987,820.4380706391956,840.7318115234375,2181718,0.0,0.0
2016-10-04,844.2189733954041,845.7910051075579,825.0971495632089,828.4127197265625,2289637,0.0,0.0
2016-10-05,834.6151171535067,835.7012566477886,823.8394494063524,831.1566162109375,2059848,0.0,0.0
2016-10-06,836.9018897755457,838.8740866304598,826.6121124422398,831.47119140625,1627375,0.0,0.0
2016-10-07,830.6135149686219,834.5579077524724,823.7536650234894,832.8715209960938,1098751,0.0,0.0
2016-10-10,835.1581007353957,837.7019685693533,827.2121118885326,828.8984985351562,875911,0.0,0.0
2016-10-13,822.5532657233737,827.4694955765212,818.2087075441062,822.2674560546875,2659995,0.0,0.0
2016-10-14,825.4685496603889,844.5617933845699,822.3815860743078,843.1040649414062,2632323,0.0,0.0
2016-10-17,843.1328343379854,844.3333291755226,823.7537765538024,827.7267456054688,2140920,0.0,0.0
2016-10-18,833.3003998697997,852.8509649897438,829.4988851047657,850.7644653320312,1983013,0.0,0.0
2016-10-19,850.7643828937535,858.0529739634429,843.790177211211,852.364990234375,2146896,0.0,0.0
2016-10-20,855.1946242389874,861.7686646653516,847.5058686440382,859.5678100585938,1502340,0.0,0.0
2016-10-21,859.7679594271801,865.5416705053863,853.5369319537804,863.6837768554688,1670799,0.0,0.0
2016-10-24,866.9992405344709,868.9142854147432,849.9353956598064,853.279541015625,1517035,0.0,0.0
2016-10-25,854.6229946869674,857.1096589044645,845.3050038784902,848.3919677734375,838206,0.0,0.0
2016-10-26,845.8767326897819,851.1931272546148,840.6460653209522,847.363037109375,867619,0.0,0.0
2016-10-27,845.9052571922546,847.7059468913117,832.9573111895995,843.3613891601562,2440678,0.0,0.0
2016-10-28,840.9033117630383,848.8493013337707,836.3300434563052,846.4483642578125,1212981,0.0,0.0
2016-11-01,846.6198282928003,846.648404023774,834.6150904396576,836.4158325195312,947158,0.0,0.0
2016-11-02,827.6407559561309,831.7566547080061,821.18107207646,828.1266479492188,1493443,0.0,0.0
2016-11-03,824.4110801455461,838.4165899486907,824.3253006176324,825.5829467773438,1411942,0.0,0.0
2016-11-04,815.6933919506646,819.9807985424358,798.54376558358,811.6346435546875,18639006,0.0,0.0
2016-11-07,814.6071470858201,818.4372367906692,795.9426429592344,799.1724853515625,2158653,0.0,0.0
2016-11-08,803.4599939716207,803.7458036317649,791.1694458743339,798.7152709960938,1881726,0.0,0.0
2016-11-09,754.5834651858623,805.5178700205079,740.3492980271834,794.8565063476562,4757398,0.0,0.0
2016-11-10,800.630293732919,815.750519286523,800.630293732919,807.23291015625,2766432,0.0,0.0
2016-11-11,798.5436886505819,805.4606899958426,792.3126618266156,793.9132690429688,2518285,0.0,0.0
2016-11-15,788.3110883651769,804.6032323213802,779.3075351262225,783.3377075195312,3958053,0.0,0.0
2016-11-16,793.0558476304933,793.6275192762791,772.3048420293829,786.3389282226562,3299710,0.0,0.0
2016-11-17,787.8538148476777,791.1694371494133,777.4497362296922,783.7379150390625,1377642,0.0,0.0
2016-11-18,784.3095799811713,790.2261695502916,778.0213488890802,783.4235229492188,1654947,0.0,0.0
2016-11-21,788.1396480370582,788.1396480370582,766.0165892433344,770.5326538085938,1962840,0.0,0.0
2016-11-22,776.4492849273641,777.4496971813487,745.7228903980108,760.0427856445312,3084870,0.0,0.0
2016-11-23,775.7348679044212,791.7411526986377,770.5899794341705,775.8777465820312,7493139,0.0,0.0
2016-11-24,773.9625327114087,780.8223825110631,766.016543515909,771.5330200195312,4315369,0.0,0.0
2016-11-25,776.1920274989011,786.1387889301495,763.9586319863247,783.5663452148438,3065824,0.0,0.0
2016-11-28,783.4235083149889,784.423868255472,771.7331557176383,775.7061767578125,1777818,0.0,0.0
2016-11-29,775.7348088350894,782.9948245462659,771.1901158298865,773.1337890625,1741327,0.0,0.0
2016-11-30,780.30798929798,795.313912169095,771.7331762287715,790.454833984375,4335631,0.0,0.0
2016-12-01,792.5413517107645,801.7449874984206,784.7668688186959,793.6560668945312,2151997,0.0,0.0
2016-12-02,787.7394746684784,788.6541073968067,776.8780278418187,778.5072631835938,1217827,0.0,0.0
2016-12-05,777.5641115803306,780.1937072117965,771.2187807158579,775.2489013671875,1062822,0.0,0.0
2016-12-06,776.3922508480032,785.4529569554606,776.192168366956,778.6788330078125,1771909,0.0,0.0
2016-12-07,782.0230149158327,786.0817635846867,771.7332384037824,773.905517578125,1557765,0.0,0.0
2016-12-08,780.3938023784948,786.4533759943785,778.4787570931819,781.4227905273438,1388842,0.0,0.0
2016-12-09,784.8239466301868,785.0526047916425,775.7346669552031,778.707275390625,1211254,0.0,0.0
2016-12-12,777.4498018940792,785.96741188771,775.2203189044162,780.2794799804688,1636279,0.0,0.0
2016-12-13,780.8796300734737,788.253948086823,780.4223137060648,786.4246826171875,2168125,0.0,0.0
2016-12-14,789.968924175591,789.968924175591,775.7919071968597,777.421142578125,1360938,0.0,0.0
2016-12-15,771.5902385099076,781.5084772536537,771.1614978601824,775.6489868164062,900523,0.0,0.0
2016-12-16,775.3345750232168,780.0221462787589,772.9050098665191,777.7926635742188,1577425,0.0,0.0
2016-12-19,776.0205490087058,776.8780302783287,766.9026404180142,768.8463134765625,1148169,0.0,0.0
2016-12-20,768.8749499741895,778.135737950728,768.3890055028949,774.8773193359375,1177779,0.0,0.0
2016-12-21,776.4206991782554,777.7640725187699,766.0165688805733,767.159912109375,950224,0.0,0.0
2016-12-22,766.4452884814629,768.3031819249215,750.0388421969083,751.525146484375,1357563,0.0,0.0
2016-12-23,752.1541164698563,767.1600409231256,744.5796625691033,764.5590209960938,2136648,0.0,0.0
2016-12-26,763.5013014340116,768.8748469391422,753.64026737545,764.6445922851562,1198728,0.0,0.0
2016-12-27,766.0165613255438,777.1638175091522,759.7855344350884,774.9343872070312,1222356,0.0,0.0
2016-12-28,775.7347010440366,779.3075045999711,769.4464704864305,771.7045288085938,1294264,0.0,0.0
2016-12-29,766.9026996416246,774.0198365983138,760.5287934253091,765.559326171875,2010627,0.0,0.0
2016-12-30,768.8749032958281,774.8772722931726,768.3032316601033,771.2186889648438,1280979,0.0,0.0
2017-01-02,775.1917298939321,782.5946767707127,771.2473365485182,777.2211303710938,1476811,0.0,0.0
2017-01-03,777.4497131067687,786.0245259265621,772.9907999731754,781.5656127929688,1363398,0.0,0.0
2017-01-04,786.0245152173034,789.6545227506588,783.4520714064138,786.9391479492188,2144739,0.0,0.0
2017-01-05,790.1689279768726,797.4575181969523,787.7394153490125,795.9140625,2781498,0.0,0.0
2017-01-06,797.4576049851763,802.4309860328366,793.2273499700723,795.1423950195312,1462912,0.0,0.0
2017-01-09,795.7425942847594,799.143943530197,786.9962751302775,789.2543334960938,819484,0.0,0.0
2017-01-10,789.025690701765,797.4575723184122,787.4821825635595,793.170166015625,1359729,0.0,0.0
2017-01-11,799.1725092482945,810.5198477220717,797.4575467820964,807.375732421875,1514451,0.0,0.0
2017-01-12,808.8335439231423,831.3567164663002,808.3190760651298,828.5270385742188,2707455,0.0,0.0
2017-01-13,834.615146622615,834.615146622615,818.7231662302039,822.467529296875,1400770,0.0,0.0
2017-01-16,820.3238536312506,828.8986672499169,818.7803453106835,824.78271484375,1052802,0.0,0.0
2017-01-17,823.182000127284,834.5864902867471,823.182000127284,826.468994140625,1423840,0.0,0.0
2017-01-18,826.6120349378526,839.7600650743486,826.6120349378526,830.2991943359375,1538178,0.0,0.0
2017-01-19,830.6134454284879,836.3299516798365,826.0687533511244,828.5840454101562,1019914,0.0,0.0
2017-01-20,828.5841757047839,831.1280438913503,806.6040994688982,808.747802734375,2177485,0.0,0.0
2017-01-23,807.175732928218,807.7474045878658,789.9689550388343,796.6287231445312,3534069,0.0,0.0
2017-01-24,799.3155197047014,814.0355807787781,799.1725887061402,811.6346435546875,1879687,0.0,0.0
2017-01-25,814.4928795589348,831.1851891735005,811.9776394595863,828.7556762695312,2294773,0.0,0.0
2017-01-27,829.4988452432866,840.4746483182447,819.3805758490357,823.1249389648438,1871125,0.0,0.0
2017-01-30,824.8970701157031,838.6167719055692,822.0388163549839,824.78271484375,2601585,0.0,0.0
2017-01-31,823.1820267094058,831.7568394876289,815.7505048561113,826.7548828125,1894153,0.0,0.0
2017-02-01,827.7266711848739,854.5372491174297,826.7834627091188,851.9076538085938,3577633,0.0,0.0
2017-02-02,852.6794412746378,854.0513904451682,840.503196124283,844.0474243164062,2257914,0.0,0.0
2017-02-03,844.0473748453513,850.6214153259657,832.900118394507,846.4483642578125,1650459,0.0,0.0
2017-02-06,848.9064335138536,857.4812459735895,845.705166706452,848.220458984375,1526715,0.0,0.0
2017-02-07,846.1624409027478,860.2251535706964,841.5606495356564,857.6527099609375,2499546,0.0,0.0
2017-02-08,860.225106166748,863.7693336987509,851.3358569367473,861.39697265625,1689792,0.0,0.0
2017-02-09,862.0545895511599,863.6838250944776,843.9903292495422,852.1649780273438,1529256,0.0,0.0
2017-02-10,854.7660397392305,862.1404113101282,853.0510769092326,858.5961303710938,1300986,0.0,0.0
2017-02-13,860.6539806453312,862.626177143667,846.9342800148156,857.5670166015625,930046,0.0,0.0
2017-02-14,860.339607669577,861.4543752988997,849.4782120774023,853.2510986328125,926545,0.0,0.0
2017-02-15,853.3081713982504,860.7396404334705,843.8472498877234,846.0481567382812,1952469,0.0,0.0
2017-02-16,848.2776683110577,848.9064914234348,835.2153662838931,840.474609375,2071947,0.0,0.0
2017-02-17,840.9318776209352,848.9064428286921,837.4733768690927,844.9048461914062,1028691,0.0,0.0
2017-02-20,847.6774132783235,852.908080590263,843.2185000680405,847.5631103515625,1105371,0.0,0.0
2017-02-21,843.761640940078,851.8219864934176,843.761640940078,847.9346923828125,970615,0.0,0.0
2017-02-22,847.7632496857843,851.0502440982597,841.9323346076424,844.3047485351562,1291317,0.0,0.0
2017-02-23,846.048037407681,860.9110257182758,839.302491497889,849.8209228515625,2175397,0.0,0.0
2017-02-27,854.4515784934598,857.4813389127506,834.6723562322744,837.9593505859375,1553899,0.0,0.0
2017-02-28,841.4749358943022,850.5928444931192,838.1307903416948,839.8743286132812,1773558,0.0,0.0
2017-03-01,841.4749895639379,848.8207846288739,840.9890974361291,843.8473510742188,1219411,0.0,0.0
2017-03-02,847.220150608816,854.8231798346039,840.3317240666072,842.5897827148438,1920216,0.0,0.0
2017-03-03,841.1034709910565,845.1050157040852,834.6151571101245,840.5317993164062,1205019,0.0,0.0
2017-03-06,839.1884544882711,851.1931937102726,839.1884544882711,849.2495727539062,821986,0.0,0.0
2017-03-07,848.3348466120757,852.6508290029008,845.7338268844397,849.7068481445312,991566,0.0,0.0
2017-03-08,848.563473084331,854.3371839902942,839.6742747028634,843.93310546875,1424362,0.0,0.0
2017-03-09,841.9894192465024,847.6487744490274,837.4733549090075,844.2760009765625,1111050,0.0,0.0
2017-03-10,846.5627188686668,856.0521648293013,846.0768267449793,852.679443359375,1836264,0.0,0.0
2017-03-14,867.1993803586823,896.7539610092311,867.1993803586823,890.6943359375,7224810,0.0,0.0
2017-03-15,890.065600677333,891.780563299062,880.4618518648554,885.4351806640625,2408866,0.0,0.0
2017-03-16,891.2091067028971,900.355540797769,890.637382609259,898.0975341796875,2396146,0.0,0.0
2017-03-17,898.097366193422,899.154877624696,882.7198541308185,887.521728515625,1927983,0.0,0.0
2017-03-20,888.350595091299,889.1509248991335,877.6320792238847,879.0040283203125,1442107,0.0,0.0
2017-03-21,886.0639611871792,894.410062871343,882.0623123831963,885.5208129882812,2415213,0.0,0.0
2017-03-22,879.1183296621583,887.0643715916453,872.0012979428005,874.545166015625,3371401,0.0,0.0
2017-03-23,878.6325283889354,890.8659779222189,868.3713801812864,882.5770263671875,2511771,0.0,0.0
2017-03-24,884.9206125864947,890.6371191204721,881.2048257692595,886.7498779296875,1347655,0.0,0.0
2017-03-27,886.0069517931339,888.9223046667746,879.2042524086046,882.5770263671875,1583550,0.0,0.0
2017-03-28,884.9206807385259,890.5228847882566,880.9762877861147,882.7769775390625,2628958,0.0,0.0
2017-03-29,888.3505513221166,896.1250338251635,886.0639696073974,889.8082275390625,2280357,0.0,0.0
2017-03-30,893.4955761711425,897.4971209558871,887.3503279886744,890.3229370117188,2288326,0.0,0.0
2017-03-31,887.2643789967516,911.0166723120702,887.2643789967516,900.2981567382812,3543100,0.0,0.0
2017-04-03,904.299737158941,952.375840312134,901.2699769471194,949.5176391601562,6576885,0.0,0.0
2017-04-05,949.5176623743197,971.7836004726138,942.000360786755,969.7827758789062,5179798,0.0,0.0
2017-04-06,963.2374144433861,973.155601398102,954.0908769623618,962.2083740234375,2740816,0.0,0.0
2017-04-07,957.5208844523787,983.2167513257954,955.2914536941842,963.5232543945312,4096639,0.0,0.0
2017-04-10,964.9523402574711,977.0142301181503,950.660915241955,956.9777221679688,2406430,0.0,0.0
2017-04-11,956.9778220428792,976.9571806136724,955.2342835006277,974.6133422851562,1974126,0.0,0.0
2017-04-12,968.9538588823254,978.3861530838348,958.2639184757475,973.4127197265625,2135064,0.0,0.0
2017-04-13,968.6681509003647,968.6681509003647,956.0632157871614,959.55029296875,1975483,0.0,0.0
2017-04-17,960.3789417879592,965.8668423899186,955.1769031430075,961.1506958007812,1135260,0.0,0.0
2017-04-18,962.6656601851788,971.2118976511402,950.7753293102428,954.376708984375,1839489,0.0,0.0
2017-04-19,954.6625346306841,957.5207358059828,950.0035390138768,954.9768676757812,1158162,0.0,0.0
2017-04-20,956.891899218008,964.151913928344,950.7752277029458,961.0650024414062,1044189,0.0,0.0
2017-04-21,968.9538492838542,972.7839393241206,960.3790364583333,964.6664428710938,2415931,0.0,0.0
2017-04-24,967.8105692834378,992.6203766368691,966.6673306139717,990.5052490234375,3238530,0.0,0.0
2017-04-25,994.6783893597694,1000.3948969363481,992.3918072637417,998.1654663085938,2879794,0.0,0.0
2017-04-26,998.1082401852782,1008.3980158572913,994.6783149612737,1001.1380004882812,2885722,0.0,0.0
2017-04-27,999.1657446546824,1014.1145159415638,996.964889941013,1009.9700927734375,2126127,0.0,0.0
2017-04-28,1007.8547861679876,1009.3981894299815,994.792434193031,1000.2803344726562,1637739,0.0,0.0
2017-05-02,1000.4518955208688,1010.1128996621526,986.1034249672967,990.133544921875,1861141,0.0,0.0
2017-05-03,992.3916871326938,997.6794533841087,980.9585686905202,983.3595581054688,1296282,0.0,0.0
2017-05-04,985.531895513518,995.7930955881075,984.3885521995178,989.905029296875,1255336,0.0,0.0
2017-05-05,988.9615112792112,989.5902818676745,973.6411552928882,985.7601928710938,1555141,0.0,0.0
2017-05-08,987.8184740960264,993.9922976899218,974.7275438500103,977.2999877929688,1246116,0.0,0.0
2017-05-09,978.6719729745924,1004.3678348691814,974.6703240064999,997.33642578125,1836462,0.0,0.0
2017-05-10,1003.0817336384569,1008.9696955317025,989.5906377913316,994.2496337890625,2010127,0.0,0.0
2017-05-11,1000.3946984693436,1002.9671420694131,983.01646864114,992.8775024414062,1270446,0.0,0.0
2017-05-12,993.2206115106623,1004.3964439157478,987.0181077408812,995.0213012695312,1803768,0.0,0.0
2017-05-15,999.5945824757534,1001.2809695079428,992.6775799395276,996.0503540039062,1195701,0.0,0.0
2017-05-16,998.6798096118843,999.3944122221927,987.5611289212733,995.0784301757812,1654389,0.0,0.0
2017-05-17,996.9076467350117,1008.397916032568,989.2474672033076,1003.5103149414062,2502879,0.0,0.0
2017-05-18,994.4784228972454,1000.4521124635493,981.1874608090905,984.731689453125,2155830,0.0,0.0
2017-05-19,988.3901207223715,991.248426740078,970.4115883572182,985.8462524414062,2268141,0.0,0.0
2017-05-22,990.676702968972,1005.5396414789643,988.3900165266625,1001.509521484375,2839224,0.0,0.0
2017-05-23,1003.253005001885,1008.912359992937,987.4753299715293,995.10693359375,1463805,0.0,0.0
2017-05-24,995.8789170362065,1004.3394280798911,959.0072169050123,962.9230346679688,2173069,0.0,0.0
2017-05-25,967.2390704243636,1014.6864119614853,967.2390704243636,1011.170654296875,5404771,0.0,0.0
2017-05-26,1011.8278517607719,1028.4058571043502,1002.5955883337459,1021.888916015625,3066081,0.0,0.0
2017-05-29,1019.7738019542429,1034.665314559166,1009.5411795665347,1018.9163208007812,3033658,0.0,0.0
2017-05-30,1038.1238875193699,1048.3850863517912,1002.6814004789892,1010.4273071289062,6550440,0.0,0.0
2017-05-31,1013.2569166237172,1020.4026281826624,1000.7948634930196,1006.511474609375,3000732,0.0,0.0
2017-06-01,1006.1113919176069,1027.834180980495,999.2515417560618,1024.861572265625,2898184,0.0,0.0
2017-06-02,1028.9775479243137,1031.8358537817733,1016.4583420258365,1019.8311157226562,1425321,0.0,0.0
2017-06-05,1026.1192263580867,1034.3511303538671,1019.5452381268806,1031.7786865234375,1906419,0.0,0.0
2017-06-06,1033.379275099177,1033.579409895881,1013.0570100468369,1014.77197265625,1431069,0.0,0.0
2017-06-07,1014.1146680669715,1025.8336507072968,1013.543048672209,1022.4608764648438,1327540,0.0,0.0
2017-06-08,1022.6892755168501,1028.4058870004064,1012.6853624301338,1014.2574462890625,1428979,0.0,0.0
2017-06-09,1015.8294760221629,1019.7739737309147,1007.0260571893199,1016.5155029296875,1632207,0.0,0.0
2017-06-12,1016.2868412687786,1016.4012488742071,976.8999558079773,992.7346801757812,4068957,0.0,0.0
2017-06-13,997.2792059364597,1003.0815442058205,992.70593800352,994.1065673828125,1412274,0.0,0.0
2017-06-14,995.8215696858291,1012.5996051245082,991.7056179139173,1008.6552124023438,2079657,0.0,0.0
2017-06-15,1004.4821962423664,1007.1975188142194,988.9618055734834,992.0201416015625,1481092,0.0,0.0
2017-06-16,991.7343745725507,1000.9666396777017,983.6454528732971,987.0753784179688,2243152,0.0,0.0
2017-06-19,992.3916774475995,1006.11137757511,990.2193985722773,1003.7103881835938,1781056,0.0,0.0
2017-06-20,1005.3681740985597,1011.2276641058303,994.792537290389,1000.6806030273438,1565472,0.0,0.0
2017-06-21,1005.2540396402808,1018.6878797061169,1000.9666327391608,1002.7958984375,3556927,0.0,0.0
2017-06-22,1006.111518537792,1009.3127335019861,990.2766887771952,992.6204223632812,1761759,0.0,0.0
2017-06-23,994.6783686086205,996.5362099808208,982.6736296771372,984.7887573242188,1716825,0.0,0.0
2017-06-27,981.8447020445755,993.5064272390895,963.7518668523868,972.7839965820312,2317045,0.0,0.0
2017-06-28,971.1546905596238,976.3853053764552,961.150777292148,973.6699829101562,1578525,0.0,0.0
2017-06-29,974.1558021636517,985.045876291368,969.2682011551877,973.8986206054688,2709552,0.0,0.0
2017-06-30,971.2405313326817,971.2405313326817,949.6891941209234,964.7236938476562,3251535,0.0,0.0
2017-07-03,964.9523612718109,977.8145812620764,956.6061538080755,964.5236206054688,2170096,0.0,0.0
2017-07-04,971.8121937357904,971.8121937357904,955.2341867233164,962.2940673828125,1640038,0.0,0.0
2017-07-05,962.6657410720491,971.2405549909598,960.4363103877365,969.1254272460938,1034440,0.0,0.0
2017-07-06,971.3548619515693,975.7851471262663,966.2671255971377,970.4401245117188,1417581,0.0,0.0
2017-07-07,970.0971378662639,982.0447236860603,966.2098965826893,974.327392578125,1845099,0.0,0.0
2017-07-10,978.6720713403537,994.1067354665992,978.6720713403537,990.19091796875,324259,0.0,0.0
2017-07-11,994.3351617034132,1000.337530001504,988.9616687669109,995.3069458007812,2123947,0.0,0.0
2017-07-12,999.2515139203865,1004.2248423451631,992.2201048968695,994.4209594726562,2036904,0.0,0.0
2017-07-13,1011.2595532837465,1026.3620691920848,1006.8329811947724,1019.9391479492188,1643754,14.0,1.5
2017-07-14,1026.7959795069453,1026.7959795069453,1006.4423737732889,1016.5540161132812,1401864,0.0,0.0
2017-07-17,1022.456137856857,1025.9279753368464,1008.9159928753129,1016.597412109375,1646087,0.0,0.0
2017-07-18,1015.4255884173269,1030.2676709961088,1013.8632193239557,1022.3692626953125,2375324,0.0,0.0
2017-07-19,1027.663760112677,1030.267637883233,1015.5991052520238,1025.3203125,1827242,0.0,0.0
2017-07-20,1025.9281180745702,1036.7341713536582,1020.7203611300293,1029.09619140625,1845852,0.0,0.0
2017-07-21,1032.8716397927378,1032.8716397927378,1015.6860020607363,1023.5410766601562,1912305,0.0,0.0
2017-07-24,1021.5880344047611,1026.4920253440143,1016.4670536536122,1022.4559936523438,1313657,0.0,0.0
2017-07-25,1022.456052236524,1024.1485304854623,1011.6065610200923,1016.2501220703125,2182162,0.0,0.0
2017-07-26,1015.4256992301075,1027.6639052901928,1012.0406364597676,1024.4090576171875,1161591,0.0,0.0
2017-07-27,1024.886364372151,1037.124569079501,1018.1162395797985,1025.9713134765625,3881208,0.0,0.0
2017-07-28,1027.6638952621186,1033.2188564269227,1001.191134446667,1008.0480346679688,3278658,0.0,0.0
2017-07-31,1036.0830589853324,1048.0609406883132,1024.2788327278288,1036.300048828125,5000536,0.0,0.0
2017-08-01,1040.0322631602162,1040.0322631602162,1016.9879006567911,1032.9150390625,2721660,0.0,0.0
2017-08-02,1033.7398393688359,1034.4775838068497,1017.6825874558859,1021.4148559570312,2154488,0.0,0.0
2017-08-03,1024.105327084746,1028.2281342743368,1013.4728243326438,1019.6353149414062,1426006,0.0,0.0
2017-08-04,1018.9842622363332,1025.8844965887079,1015.2519947042147,1020.5899658203125,1082867,0.0,0.0
2017-08-07,1021.3278135080179,1028.1847141592323,1017.2484465893867,1024.148681640625,1035670,0.0,0.0
2017-08-08,1024.1921012833434,1029.399857730547,1010.3047507574677,1016.5540161132812,1531255,0.0,0.0
2017-08-09,1016.3803520542015,1016.3803520542015,996.4172879233332,1001.5382690429688,1439328,0.0,0.0
2017-08-10,999.0210802479745,1012.8216532854253,989.4735286556828,1004.8363647460938,1713614,0.0,0.0
2017-08-11,999.828660055167,1005.144136516584,988.5827411900837,994.51318359375,2001103,14.0,0.0
2017-08-14,1004.4411572066346,1013.0073511998685,983.1354952234631,1007.6480102539062,1866838,0.0,0.0
2017-08-16,1009.4931871460523,1012.480394702298,986.8696453105337,1003.562744140625,2143899,0.0,0.0
2017-08-17,1005.9786941555232,1016.521702303878,993.7224900826706,996.3142700195312,1508949,0.0,0.0
2017-08-18,987.5283935488225,999.5210863259766,986.6498095687969,993.3270263671875,1230709,0.0,0.0
2017-08-21,995.8310625412622,1001.5858310490953,988.0556150395031,990.2520751953125,1651344,0.0,0.0
2017-08-22,994.5572037651435,997.1929560719417,977.9080779268168,981.993408203125,1361351,0.0,0.0
2017-08-23,984.0141330738492,991.7895804434214,979.0940838582857,987.6602783203125,1710949,0.0,0.0
2017-08-24,992.7999071501904,997.8957371838444,989.2855711956764,994.29345703125,1316100,0.0,0.0
2017-08-28,996.9291458274811,1014.7644425661282,991.7455864222429,1000.6192626953125,1884734,0.0,0.0
2017-08-29,997.7640435964857,1000.487632826602,986.9574163862092,992.843994140625,1045267,0.0,0.0
2017-08-30,1001.58592538378,1006.7695932895218,995.4358363682655,1001.2784423828125,895791,0.0,0.0
2017-08-31,1005.1001371854109,1005.9787212214121,993.2392526993942,998.3350830078125,1926054,0.0,0.0
2017-09-01,997.1490130618885,1005.4516974199786,994.1619128262555,1000.8829956054688,976551,0.0,0.0
2017-09-04,990.9989133163726,1000.6633386174727,985.7713807122109,993.3711547851562,1006945,0.0,0.0
2017-09-05,993.8103787496518,1000.7072421557922,986.0349312854293,989.8567504882812,1110437,0.0,0.0
2017-09-06,985.7713701420771,989.3735435386001,980.4120285278323,981.9055786132812,891224,0.0,0.0
2017-09-07,984.9803621932734,993.6343919243515,982.4764195958154,992.009033203125,1038623,0.0,0.0
2017-09-08,999.3893959591646,1038.4863877131716,996.3583237677371,1030.052001953125,4947759,0.0,0.0
2017-09-11,1036.7292552883855,1076.2655404476884,1012.6121642408257,1069.983642578125,4364705,0.0,0.0
2017-09-12,1071.4331520048008,1084.1726195768138,1071.4331520048008,1080.8779296875,2451814,0.0,0.0
2017-09-13,1073.6297288589153,1079.7798173221006,1060.89025989946,1074.8157958984375,2233311,0.0,0.0
2017-09-14,1074.9915802406433,1084.1727408596557,1064.4045993123766,1066.7767333984375,1440488,0.0,0.0
2017-09-15,1066.6010255154536,1073.32221487728,1056.10198912766,1065.1953125,1723247,0.0,0.0
2017-09-18,1070.5987420340255,1094.7158336723764,1070.5987420340255,1087.6431884765625,3005809,0.0,0.0
2017-09-19,1085.0512453332428,1087.5113234449439,1072.3117772706257,1077.05615234375,900287,0.0,0.0
2017-09-20,1079.0329733292403,1098.6693045028978,1079.0329733292403,1085.8858642578125,2347635,0.0,0.0
2017-09-21,1086.7205149078768,1089.4441037173667,1061.9883551357798,1078.945068359375,2216227,0.0,0.0
2017-09-22,1078.94529730308,1079.9117184084153,1033.25892196903,1040.946533203125,2968531,0.0,0.0
2017-09-25,1042.879124718527,1042.879124718527,1005.9785996653019,1023.7259521484375,2720490,0.0,0.0
2017-09-26,1011.2502723724626,1027.9433698312607,1011.2502723724626,1021.7054443359375,1809036,0.0,0.0
2017-09-27,1030.4912471573082,1030.4912471573082,994.1178462682572,999.125732421875,2317721,0.0,0.0
2017-09-28,1001.8934363551788,1004.8366718735347,991.04294331041,995.7433471679688,3474398,0.0,0.0
2017-09-29,1001.5417896530212,1013.9299098739183,993.7224778385566,1003.3869018554688,3193745,0.0,0.0
2017-10-03,1015.2476989619632,1017.1805407002678,991.0866409880852,997.1049194335938,1413186,0.0,0.0
2017-10-04,997.1928539808346,1004.9683010400431,995.7431689107051,1000.0922241210938,1155472,0.0,0.0
2017-10-05,1003.3430038148521,1006.6816661667383,991.482118918617,994.6011352539062,1303081,0.0,0.0
2017-10-06,997.1926403193798,1005.9345064692749,997.1926403193798,1003.1670532226562,1814990,0.0,0.0
2017-10-09,1003.34284410841,1017.6198329146812,1000.5752832900068,1002.4202880859375,1737288,0.0,0.0
2017-10-10,1013.8858661223943,1014.9840960467036,1000.0481690760964,1003.9578247070312,2347406,0.0,0.0
2017-10-11,1008.0873517924155,1011.6895249167815,990.4716988410614,996.1824951171875,1638071,0.0,0.0
2017-10-12,1003.3431612928085,1006.945335080565,996.5341337096042,1004.7928466796875,1151274,0.0,0.0
2017-10-13,1004.7928232627942,1010.3718113801712,998.2034418842279,1000.39990234375,1762307,0.0,0.0
2017-10-16,1004.2214770071221,1011.2061766641255,1002.1568261288711,1005.7150268554688,1189499,0.0,0.0
2017-10-17,1003.3428130738234,1014.7644037655571,1001.5856452750952,1009.2732543945312,1123634,0.0,0.0
2017-10-18,1010.3716583199194,1016.4339097196448,999.9164866666291,1002.8158569335938,1263098,0.0,0.0
2017-10-19,1004.2214867955212,1007.7797948058223,998.9499829278282,1001.3660888671875,264888,0.0,0.0
2017-10-23,1004.2217865225347,1012.1290446841294,986.8257756674051,997.85205078125,1077546,0.0,0.0
2017-10-24,1000.7072166837432,1006.3301759621493,989.3734611731649,1003.8262329101562,1281327,0.0,0.0
2017-10-25,1010.4592370394188,1067.4793488082787,1010.4592370394188,1057.9906005859375,6377478,0.0,0.0
2017-10-26,1063.0426538236588,1092.5191895329422,1062.3398509823794,1074.947509765625,5486055,0.0,0.0
2017-10-27,1083.2499454829594,1091.2011724491203,1072.2237822041545,1075.957763671875,2036609,0.0,0.0
2017-10-30,1078.9012418122243,1089.356413732361,1075.5187145804534,1086.7645263671875,1808153,0.0,0.0
2017-10-31,1086.8084529818093,1087.8627109258346,1063.7895941286934,1073.893310546875,1815888,0.0,0.0
2017-11-01,1077.2318067883434,1086.5009107660962,1065.9859960856006,1067.7431640625,1929731,0.0,0.0
2017-11-02,1067.9187422669647,1068.3580342218256,1057.5953813277324,1063.921142578125,1183382,0.0,0.0
2017-11-03,1063.965612051651,1095.7264566853341,1063.965612051651,1085.0516357421875,1797145,0.0,0.0
2017-11-06,1076.26532706612,1090.7619620837454,1070.5545314531162,1076.001708984375,1691967,0.0,0.0
2017-11-07,1076.7487463164925,1083.8212837071135,1057.0244696609996,1064.00927734375,1658527,0.0,0.0
2017-11-08,1064.8438375733278,1076.2654298905334,1061.5051753809955,1070.291015625,1905789,0.0,0.0
2017-11-09,1072.0042455202538,1081.6246970299987,1059.4844240286307,1068.270263671875,1733475,0.0,0.0
2017-11-10,1069.8076713006576,1120.1504627279164,1069.236570335065,1111.3646240234375,5671395,0.0,0.0
2017-11-13,1080.4825906487727,1106.9718110901156,1061.5050914234873,1089.9273681640625,5216845,0.0,0.0
2017-11-14,1085.0512555126822,1087.6870075503648,1060.4948752612156,1063.2623291015625,2519826,0.0,0.0
2017-11-15,1063.5260450308754,1076.265514384818,1059.616388714969,1062.6474609375,1801470,0.0,0.0
2017-11-16,1064.0532360944133,1075.299156045112,1062.2082308405281,1071.2576904296875,2003168,0.0,0.0
2017-11-17,1080.6584039936197,1088.9609805393238,1067.4796429693072,1074.3326416015625,2261694,0.0,0.0
2017-11-20,1089.4440569984363,1096.47272833391,1075.3867143274888,1080.4825439453125,2799314,0.0,0.0
2017-11-21,1085.4904658560063,1085.4904658560063,1065.0633891007233,1074.20068359375,2192795,0.0,0.0
2017-11-22,1076.265537334029,1082.415626118795,1067.6115052795587,1074.2447509765625,2266995,0.0,0.0
2017-11-23,1073.6296852684986,1079.955447388473,1064.2288790417813,1068.314208984375,1654930,0.0,0.0
2017-11-24,1068.358227328683,1075.3868998768978,1066.1617671573656,1070.5546875,1637839,0.0,0.0
2017-11-27,1067.4797032876606,1084.1728015283732,1067.4797032876606,1076.0458984375,1464649,0.0,0.0
2017-11-28,1078.9014098582686,1078.9014098582686,1062.2083098686048,1064.5804443359375,4940494,0.0,0.0
2017-11-29,1067.8750192531547,1074.508372218386,1064.8439469572231,1069.983642578125,2046078,0.0,0.0
2017-11-30,1067.4797044504814,1075.2991245584037,1062.2081997371456,1068.841552734375,3419336,0.0,0.0
2017-12-01,1068.490005145891,1085.0512929035608,1061.3295237469647,1064.536376953125,1772981,0.0,0.0
2017-12-04,1069.2368554085922,1076.3533652067797,1055.882419916908,1069.6761474609375,1796642,0.0,0.0
2017-12-05,1067.0402441567628,1067.0402441567628,1046.7010035614428,1062.998779296875,2139688,0.0,0.0
2017-12-06,1059.4845594219996,1064.8439008394544,1044.6364670776495,1046.61328125,1696890,0.0,0.0
2017-12-07,1050.7864932768655,1079.296501971598,1050.7864932768655,1070.466796875,2476888,0.0,0.0
2017-12-08,1076.2653685711277,1078.0225365198153,1069.85166265881,1072.179931640625,2316890,0.0,0.0
2017-12-11,1075.3869020055656,1079.7798223568957,1067.6992913907384,1073.4979248046875,2227028,0.0,0.0
2017-12-12,1072.9270261941635,1073.1906443646067,1054.740375407049,1056.8489990234375,2009798,0.0,0.0
2017-12-13,1058.2544858337878,1063.086698097869,1041.1220968975,1044.8560791015625,2262858,0.0,0.0
2017-12-14,1051.225870064126,1054.300914397786,1033.3027330695566,1044.4608154296875,1709762,0.0,0.0
2017-12-15,1056.0578298129658,1068.5776501747252,1055.17924592793,1057.419677734375,2161729,0.0,0.0
2017-12-18,1049.9079907190883,1075.386929405995,1032.3363088660492,1070.027587890625,2851823,0.0,0.0
2017-12-19,1073.62979524229,1073.62979524229,1066.030021150219,1071.7847900390625,2878543,0.0,0.0
2017-12-20,1069.412358770651,1089.8394359468205,1062.2080131608138,1082.854736328125,3293207,0.0,0.0
2017-12-21,1088.5656624408825,1111.4088482548154,1086.8084943013491,1105.961669921875,3664052,0.0,0.0
2017-12-22,1107.3673312878057,1115.8017165140118,1100.8657880252415,1112.419189453125,2490561,0.0,0.0
2017-12-26,1117.3833204486946,1120.1947467173113,1104.6438507801447,1115.5382080078125,2493302,0.0,0.0
2017-12-27,1114.835226874099,1121.0291795459186,1099.372170370189,1105.1268310546875,1675081,0.0,0.0
2017-12-28,1104.8191471438615,1111.364553664716,1097.7465045349109,1100.6458740234375,2850194,0.0,0.0
2017-12-29,1108.7730837798654,1115.801756260245,1096.4289348365867,1105.4783935546875,1819413,0.0,0.0
2018-01-01,1107.8945995867018,1119.316193396874,1103.4138419263654,1107.6309814453125,2048058,0.0,0.0
2018-01-02,1113.1660740351197,1115.7139894191826,1091.9482462017697,1098.010498046875,1512324,0.0,0.0
2018-01-03,1103.4138206016999,1128.058040881794,1099.5480290139287,1120.4583740234375,2720736,0.0,0.0
2018-01-04,1128.9366623467256,1159.7310797503185,1124.6755506626027,1155.953125,4546456,0.0,0.0
2018-01-05,1164.12392202094,1167.5942862850866,1149.1879924553882,1155.250244140625,2418902,0.0,0.0
2018-01-08,1156.6558130279604,1182.530068414469,1156.6558130279604,1175.7650146484375,3513256,0.0,0.0
2018-01-09,1177.3025955203057,1179.9383475998288,1165.3538742096064,1170.932861328125,1703294,0.0,0.0
2018-01-10,1170.4495042299077,1174.2274581433694,1157.6661720091831,1163.0255126953125,1098019,0.0,0.0
2018-01-11,1159.9066331855272,1165.7053737811175,1153.6248429553557,1162.8499755859375,1232290,0.0,0.0
2018-01-12,1164.5631662769092,1170.5375807575722,1150.725467394328,1167.77001953125,1825056,0.0,0.0
2018-01-15,1172.7779157086761,1187.14274369704,1162.8938449943391,1164.95849609375,2386631,0.0,0.0
2018-01-16,1169.4393189412633,1176.9951201682604,1162.674157544012,1165.1781005859375,3139385,0.0,0.0
2018-01-17,1162.3668523465578,1192.2387140092812,1159.9507458885435,1189.0318603515625,2724814,0.0,0.0
2018-01-18,1194.8742383388678,1216.8388383083322,1186.4837182509232,1195.5771484375,4966982,0.0,0.0
2018-01-19,1196.6315054546906,1211.2599516958483,1189.163540846493,1204.93408203125,2127776,0.0,0.0
2018-01-22,1132.6703329732936,1233.2243257423822,1132.6703329732936,1229.007080078125,3067658,0.0,0.0
2018-01-23,1235.289276624127,1243.1965337291178,1223.9555199904992,1239.4185791015625,4804202,0.0,0.0
2018-01-24,1236.2555666386686,1238.6278078680782,1221.0561272755338,1231.0718994140625,2147973,0.0,0.0
2018-01-25,1222.9889734270207,1253.783386670466,1222.9889734270207,1244.5142822265625,6113475,0.0,0.0
2018-01-29,1245.832416154286,1266.6109542769088,1245.832416154286,1258.088623046875,2945415,0.0,0.0
2018-01-30,1256.3312183686712,1262.2616607013128,1235.9481113249815,1256.287353515625,1988140,0.0,0.0
2018-01-31,1258.044497778937,1264.8973888840685,1240.560654079708,1244.5142822265625,2614515,0.0,0.0
2018-02-01,1281.7661913259603,1291.51845206522,1234.5861671970222,1278.8668212890625,8187730,0.0,0.0
2018-02-02,1272.1896267871148,1272.1896267871148,1238.8474070233462,1243.5916748046875,3621563,0.0,0.0
2018-02-05,1212.4461282455738,1230.0178112636256,1190.569361438291,1198.081298828125,3060688,0.0,0.0
2018-02-06,1159.6869707024698,1205.7247962454223,1137.1074035792976,1188.7681884765625,4230633,0.0,0.0
2018-02-07,1203.6603219086808,1203.6603219086808,1168.5169548456536,1171.8116455078125,2927403,0.0,0.0
2018-02-08,1181.6956978505243,1194.4351681990988,1171.1526879068765,1183.8043212890625,1932082,0.0,0.0
2018-02-09,1163.948010503517,1179.9381948158618,1158.0614339387212,1167.857666015625,2029257,0.0,0.0
2018-02-12,1172.514337848421,1190.4813380207852,1172.514337848421,1186.5277099609375,1543603,0.0,0.0
2018-02-14,1190.217792432803,1205.8566317219609,1182.222698874471,1195.9285888671875,2310144,0.0,0.0
2018-02-15,1198.7401453705893,1203.6601947899971,1182.9256318623995,1186.39599609375,1861841,0.0,0.0
2018-02-16,1193.1169010681888,1198.3884043129672,1160.1260336950138,1167.11083984375,1424576,0.0,0.0
2018-02-19,1166.7596713985913,1169.3514515642078,1130.7377237123396,1138.2056884765625,4275673,0.0,0.0
2018-02-20,1142.1593468774695,1150.5937329122958,1130.9573994369405,1133.900634765625,2063972,0.0,0.0
2018-02-21,1141.2805018281047,1141.807630725567,1123.7088235859476,1127.0474853515625,1584305,0.0,0.0
2018-02-22,1122.8304382891108,1140.402119639488,1121.073270154073,1135.130615234375,3028574,0.0,0.0
2018-02-23,1135.6576172899527,1146.552079959293,1124.9389357638875,1143.6527099609375,2176017,0.0,0.0
2018-02-26,1147.4306622463153,1184.067570813531,1147.4306622463153,1181.0364990234375,2239306,0.0,0.0
2018-02-27,1183.8920123356609,1191.1843028808285,1169.6589935656345,1175.63330078125,2243499,0.0,0.0
2018-02-28,1166.759622291873,1169.9225034326173,1151.4722383210742,1158.1055908203125,2439968,0.0,0.0
2018-03-01,1158.8523340843306,1171.0646735354796,1153.6686668641707,1155.513671875,1927606,0.0,0.0
2018-03-05,1153.3173011554854,1153.3173011554854,1140.3581857255983,1142.7742919921875,1302005,0.0,0.0
2018-03-06,1149.8026930104966,1158.7643130306315,1120.1944588411234,1127.5745849609375,2381856,0.0,0.0
2018-03-07,1128.1021784423817,1136.8001839783137,1107.0161564154214,1109.91552734375,2156582,0.0,0.0
2018-03-08,1117.4710976710087,1133.1977739398726,1106.3569877596894,1127.92626953125,3588828,0.0,0.0
2018-03-09,1129.1560840936236,1138.6888060412034,1124.5874903138317,1133.8126220703125,2508919,0.0,0.0
2018-03-12,1142.159322694054,1152.7023318266147,1139.5235704109139,1150.9891357421875,2267260,0.0,0.0
2018-03-13,1152.1752133890343,1162.3227954227896,1136.9318006615154,1144.575439453125,1915199,0.0,0.0
2018-03-14,1144.7950024278248,1153.580842814838,1135.13057800211,1145.0146484375,1714051,0.0,0.0
2018-03-15,1146.4641691504535,1150.5934706406047,1135.2182521681077,1137.85400390625,1178352,0.0,0.0
2018-03-16,1142.0714178175674,1145.5857539860965,1107.367348153342,1115.186767578125,5152611,0.0,0.0
2018-03-19,1124.587580663903,1135.130589232627,1112.1555949434767,1124.1922607421875,4452882,0.0,0.0
2018-03-20,1120.1948014750737,1142.1594054255652,1120.1948014750737,1136.4486083984375,2831066,0.0,0.0
2018-03-21,1137.7664842938245,1154.108128178275,1137.7664842938245,1150.3741455078125,2835466,0.0,0.0
2018-03-22,1155.1625255719905,1160.9611597242788,1132.495010773264,1138.86474609375,1834024,0.0,0.0
2018-03-23,1123.357593955449,1127.487003520265,1108.3338274939233,1113.956787109375,2280525,0.0,0.0
2018-03-26,1114.0447260573444,1142.2472564264951,1114.0447260573444,1139.8751220703125,1697069,0.0,0.0
2018-03-27,1148.3093384182348,1154.4594266882634,1143.0378341867815,1148.7926025390625,2003736,0.0,0.0
2018-03-28,1143.1255521917255,1164.1237299784998,1135.4819147510962,1151.7357177734375,3989865,0.0,0.0
2018-04-02,1153.5808026094787,1176.8632788236075,1152.7461907014122,1173.7442626953125,1302024,0.0,0.0
2018-04-03,1170.9328149932876,1176.423964941671,1158.0176732142988,1168.8681640625,1123582,0.0,0.0
2018-04-04,1169.3953659712447,1170.8889159507848,1133.5490939719884,1138.7767333984375,1285513,0.0,0.0
2018-04-05,1154.4595583311057,1172.9537973516271,1151.8238059148246,1167.462646484375,1758313,0.0,0.0
2018-04-06,1146.727814721284,1162.3666531048443,1146.727814721284,1156.6998291015625,1492796,0.0,0.0
2018-04-09,1157.9738707577028,1171.1526325645052,1157.842061689827,1166.671875,1118116,0.0,0.0
2018-04-10,1166.7597186242724,1190.8768099688107,1166.7597186242724,1186.000732421875,2177789,0.0,0.0
2018-04-11,1193.4687828559727,1194.347367044287,1177.30281234118,1188.5047607421875,1536552,0.0,0.0
2018-04-12,1191.6235032776763,1196.1042601570973,1182.1787254268586,1192.6337890625,1695410,0.0,0.0
2018-04-13,1196.6315069442273,1198.6961580651396,1177.8297863397906,1190.349609375,1320241,0.0,0.0
2018-04-16,1184.2433691440885,1205.417221631099,1182.7058471777225,1201.99072265625,1304778,0.0,0.0
2018-04-17,1204.0993334281486,1210.6008762696842,1190.6569557591495,1194.4788818359375,1058589,0.0,0.0
2018-04-18,1197.5980327219117,1204.9341889203565,1186.967185962874,1194.9622802734375,1459202,0.0,0.0
2018-04-19,1199.3550237470586,1219.5624561985478,1196.4557608316952,1216.8388671875,2229317,0.0,0.0
2018-04-20,1216.8391132028732,1216.8391132028732,1193.9959240741553,1199.3114013671875,1091415,0.0,0.0
2018-04-23,1203.6601077809053,1210.6887799431295,1190.9206394868738,1194.874267578125,1364935,0.0,0.0
2018-04-24,1191.0964952997097,1214.3789753928586,1187.8457768278302,1210.68896484375,1002866,0.0,0.0
2018-04-25,1208.8438340327841,1209.590609036714,1192.194601685366,1197.4222412109375,1536003,0.0,0.0
2018-04-26,1199.7066731018165,1200.3656112232566,1168.6047723200384,1183.6285400390625,4513014,0.0,0.0
2018-04-27,1189.1634540312132,1215.0816822498468,1189.1634540312132,1210.4691162109375,1746280,0.0,0.0
2018-04-30,1213.588124623369,1234.4105225670614,1213.588124623369,1230.808349609375,1309980,0.0,0.0
2018-05-02,1247.5893986787714,1250.8840889921837,1221.3197131300244,1232.7852783203125,3975516,0.0,0.0
2018-05-03,1235.0254963184739,1235.772378523993,1207.701555137787,1210.4691162109375,1278892,0.0,0.0
2018-05-04,1212.4459869840418,1218.376429311681,1196.631474110337,1202.5179443359375,1274703,0.0,0.0
2018-05-07,1207.1745370374845,1224.658381840309,1200.409482458795,1220.485107421875,1250082,0.0,0.0
2018-05-08,1222.3740847362187,1223.867634786452,1191.4918325881033,1199.179443359375,1604486,0.0,0.0
2018-05-09,1196.8070050469207,1214.730138945784,1195.9723932001252,1208.6240234375,1270004,0.0,0.0
2018-05-10,1212.5336808993559,1217.0144375685154,1190.61305437384,1196.8070068359375,1262157,0.0,0.0
2018-05-11,1201.463666045757,1220.7925147865296,1198.652240037619,1218.947509765625,1033691,0.0,0.0
2018-05-14,1213.8077245434133,1229.1389718936584,1209.8101245872535,1213.9833984375,1265158,0.0,0.0
2018-05-15,1213.3245117942383,1232.6533599184042,1202.6936667757518,1207.35009765625,1824434,0.0,0.0
2018-05-16,1199.1795193804774,1207.2185857464447,1193.732233339229,1196.9390869140625,1491335,0.0,0.0
2018-05-17,1201.9028979445518,1208.0529858726306,1186.088386129492,1191.31591796875,1833028,0.0,0.0
2018-05-18,1186.088216130187,1195.4011836366672,1152.7020293057817,1155.821044921875,2070654,0.0,0.0
2018-05-21,1151.823844800739,1174.535224104629,1151.823844800739,1153.8006591796875,2047129,0.0,0.0
2018-05-22,1157.8859787916356,1178.0934126021386,1156.3044845503307,1159.86279296875,1375132,0.0,0.0
2018-05-23,1157.0953303897484,1186.0886074610175,1155.3381620823986,1165.7933349609375,1851368,0.0,0.0
2018-05-24,1173.7880934990776,1183.8918083757537,1165.353709486611,1175.5892333984375,1482329,0.0,0.0
2018-05-25,1178.1371363110718,1183.9797411843822,1170.0542066548514,1179.0596923828125,1696915,0.0,0.0
2018-05-28,1182.5741837575752,1216.7949911234575,1180.9048525387198,1209.3270263671875,2127978,0.0,0.0
2018-05-29,1224.4824511597867,1251.9382005602,1208.4044286603173,1212.9730224609375,6814062,0.0,0.0
2018-05-30,1212.4462858008626,1212.4462858008626,1192.3706567937536,1199.838623046875,2286366,0.0,0.0
2018-05-31,1204.4947535550048,1210.2055498473242,1191.3599649822822,1204.0115966796875,2930988,0.0,0.0
2018-06-01,1208.7561284879469,1226.5034855947872,1197.1587532432122,1205.7689208984375,2234018,0.0,0.0
2018-06-04,1208.8877016938866,1216.8389303840956,1189.602824361058,1192.9853515625,1346919,0.0,0.0
2018-06-05,1196.4559745603783,1196.4559745603783,1165.5297471954873,1171.8116455078125,1905926,0.0,0.0
2018-06-06,1169.3952953015926,1190.4813111447468,1169.3952953015926,1186.5716552734375,1581905,0.0,0.0
2018-06-07,1195.2256027531878,1200.1456513234516,1185.1657523806061,1190.613037109375,2272271,0.0,0.0
2018-06-08,1185.254058581152,1190.4815916744947,1169.483407832788,1180.773193359375,2483519,0.0,0.0
2018-06-11,1179.9383129841917,1190.4813209929857,1174.6668089797947,1180.157958984375,1417401,0.0,0.0
2018-06-12,1184.3312254227858,1202.2982252233962,1181.3440183895707,1200.4971923828125,1853562,0.0,0.0
2018-06-13,1200.8487678162417,1202.122671837267,1188.7242645684798,1193.776123046875,1253808,0.0,0.0
2018-06-14,1189.6025326999372,1194.3907717820298,1177.3023588020058,1179.9381103515625,1325652,0.0,0.0
2018-06-15,1178.1810935403337,1179.9382614650767,1162.5862282082373,1168.4288330078125,2660969,0.0,0.0
2018-06-18,1169.6148800044725,1175.018192730916,1160.653366640383,1162.542236328125,951701,0.0,0.0
2018-06-19,1158.7206236355166,1166.320397581808,1148.353395561989,1151.296630859375,1607343,0.0,0.0
2018-06-20,1151.867553569492,1159.0279271058926,1142.1591578283433,1148.089599609375,2207289,0.0,0.0
2018-06-21,1150.9449848864883,1156.21648863406,1129.8589698962014,1133.1976318359375,2161971,0.0,0.0
2018-06-22,1132.2311111050753,1146.5520726127968,1127.6625173935056,1142.02734375,3364048,0.0,0.0
2018-06-25,1143.037731146916,1145.4538370351975,1110.7497706398835,1114.17626953125,1622133,0.0,0.0
2018-06-26,1114.747351124611,1127.6624922027056,1107.9821904059288,1115.8455810546875,2003243,0.0,0.0
2018-06-27,1118.4374700951253,1120.194638154976,1079.7797727784043,1083.074462890625,2332129,0.0,0.0
2018-06-28,1078.9013293847506,1089.4443391181521,1059.572478206848,1085.0074462890625,4677061,0.0,0.0
2018-06-29,1085.8858846169874,1122.7864137287613,1083.3380767394433,1120.282470703125,2324572,0.0,0.0
2018-07-02,1122.7426266682096,1122.7864915231564,1091.9921836111284,1103.4576416015625,3832519,0.0,0.0
2018-07-03,1106.356877411169,1110.530151318418,1094.7596117685282,1099.5478515625,2096700,0.0,0.0
2018-07-04,1099.8994425292901,1108.2459913752484,1092.25569660515,1106.57666015625,1842579,0.0,0.0
2018-07-05,1111.4089986682177,1111.4089986682177,1094.3644439582001,1102.139892578125,2006459,0.0,0.0
2018-07-06,1099.108887717103,1123.0503083328433,1093.749545285959,1112.55126953125,2064484,0.0,0.0
2018-07-09,1117.3833133338817,1134.6474052858973,1109.8274041931404,1131.6163330078125,2021357,0.0,0.0
2018-07-10,1137.2830596030585,1140.402075822523,1118.2178289700432,1128.6290283203125,1923397,0.0,0.0
2018-07-11,1127.7066807475692,1129.8151968188042,1117.2075362514574,1119.97509765625,1326221,0.0,0.0
2018-07-12,1124.6756182747017,1146.1130943056207,1120.194860283378,1141.9398193359375,2777124,0.0,0.0
2018-07-13,1148.309341340233,1158.8523498299674,1130.957306534212,1140.7535400390625,2360493,0.0,0.0
2018-07-16,1142.1591252340966,1143.1695182177607,1122.7424415549203,1127.31103515625,1593400,0.0,0.0
2018-07-17,1129.0244480599831,1134.251980126875,1114.7474576052489,1130.6058349609375,1598278,0.0,0.0
2018-07-18,1137.7661496946755,1149.187740386591,1127.2231429021379,1135.26220703125,1855985,0.0,0.0
2018-07-19,1137.1513641669264,1139.2160152080257,1100.8658004697102,1105.3465576171875,1468552,0.0,0.0
2018-07-20,1104.8195899048565,1132.4949911629105,1103.1063936789753,1116.109375,1937969,0.0,0.0
2018-07-23,1116.2411679985785,1127.2234699269393,1108.9488766185302,1123.8409423828125,1229445,0.0,0.0
2018-07-24,1128.98034409814,1166.7594528889729,1125.4660083966673,1163.2451171875,4071039,0.0,0.0
2018-07-25,1169.7907260906998,1173.74435443608,1154.151993873949,1160.345947265625,2254936,0.0,0.0
2018-07-26,1170.0983251755026,1183.3649233850786,1136.2288658607101,1147.3868408203125,7489743,0.0,0.0
2018-07-27,1154.1958082268202,1159.291638548623,1142.5985418207536,1152.218994140625,1785314,0.0,0.0
2018-07-30,1153.1414670885106,1156.655802988209,1134.427585523009,1138.07373046875,3090391,0.0,0.0
2018-07-31,1142.115295389709,1151.340427934836,1128.980506713164,1144.1800537109375,2304148,0.0,0.0
2018-08-01,1147.4307720260738,1149.9347151247168,1135.965207246722,1140.402099609375,1924210,0.0,0.0
2018-08-02,1137.2390520036472,1139.4793766591156,1124.5874220557178,1126.696044921875,1415162,0.0,0.0
2018-08-03,1129.15628840489,1140.1385901021404,1127.2674183121949,1133.37353515625,1279748,0.0,0.0
2018-08-06,1136.8876928487766,1141.9835229342614,1129.683346968355,1133.7686767578125,842106,0.0,0.0
2018-08-07,1139.2598390372077,1149.1878812164396,1135.4380200563617,1138.0299072265625,1458197,0.0,0.0
2018-08-08,1140.0945751393044,1149.8908084132827,1133.5051949885155,1140.6217041015625,1308818,0.0,0.0
2018-08-09,1142.1152025779365,1145.585673650405,1127.0036010125934,1128.716796875,1035908,0.0,0.0
2018-08-10,1126.6522128379313,1138.1177773638183,1108.7730492230078,1111.101318359375,1784956,0.0,0.0
2018-08-13,1110.9695626457644,1123.5333578157092,1099.9872617101598,1114.9671630859375,1627092,0.0,0.0
2018-08-14,1124.8438888215837,1127.1128200995763,1112.3421198410495,1115.14501953125,2146242,16.0,0.0
2018-08-16,1110.384583885595,1123.5091710255006,1090.8978870185836,1095.92529296875,2292161,0.0,0.0
2018-08-17,1102.4652308537914,1110.2955358278216,1095.7471789375231,1103.488525390625,1750983,0.0,0.0
2018-08-20,1156.7431469740634,1185.1278659196573,1140.7267034005763,1177.8314208984375,11227838,0.0,0.0
2018-08-21,1187.886224159685,1187.886224159685,1170.0901758576672,1176.8082275390625,3057182,0.0,0.0
2018-08-23,1182.7256614238781,1213.6018791371275,1173.3827334212085,1203.0577392578125,8248115,0.0,0.0
2018-08-24,1204.5258191962805,1212.8010273940538,1193.2253688447734,1194.916015625,3506532,0.0,0.0
2018-08-27,1205.6823717989398,1215.4701991714774,1197.1402896338734,1206.6611328125,2595682,0.0,0.0
2018-08-28,1212.2224757740707,1215.470276787865,1203.0130411546072,1206.21630859375,1889337,0.0,0.0
2018-08-29,1207.2841342509719,1207.2841342509719,1196.5174365817795,1202.6126708984375,1435495,0.0,0.0
2018-08-30,1202.2567663949103,1212.7119466116787,1195.8946562839897,1198.1636962890625,2288925,0.0,0.0
2018-08-31,1200.2992508301538,1222.5888508375795,1200.2992508301538,1218.6292724609375,3549583,0.0,0.0
2018-09-03,1223.478534163925,1236.8255727184403,1210.2204541427438,1212.8009033203125,2347852,0.0,0.0
2018-09-04,1214.5803755702766,1220.4530501680222,1204.88150689148,1209.508544921875,1517216,0.0,0.0
2018-09-05,1208.2630475044405,1213.6018634368984,1193.5813036901816,1199.4539794921875,2413590,0.0,0.0
2018-09-06,1201.0553637639316,1206.2161526881553,1191.267537031466,1198.65283203125,1586350,0.0,0.0
2018-09-07,1200.3437371361897,1207.4621581125348,1193.2253161598446,1199.009033203125,1307928,0.0,0.0
2018-09-10,1199.2313311325127,1203.0129917945887,1187.8863491462841,1189.488037109375,1228247,0.0,0.0
2018-09-11,1193.7146485795668,1199.2313809152781,1180.5900610310596,1183.1259765625,1617176,0.0,0.0
2018-09-12,1187.8865004723032,1206.5278219574147,1174.9843624521918,1203.235595703125,1319469,0.0,0.0
2018-09-14,1206.5723606073072,1216.5381065690592,1201.7229797440004,1209.1082763671875,1462192,0.0,0.0
2018-09-17,1202.6128353586116,1204.6148913549123,1191.9796283404985,1196.5621337890625,912431,0.0,0.0
2018-09-18,1195.7167301618774,1201.366954725306,1179.210849135566,1181.56884765625,1501479,0.0,0.0
2018-09-19,1186.0622472213524,1195.0048061578607,1179.8781630419383,1186.017822265625,867001,0.0,0.0
2018-09-21,1194.2931884939146,1203.413666535487,1165.2412160660458,1183.170654296875,2309530,0.0,0.0
2018-09-24,1186.3737802508838,1191.2676942630485,1158.7899012732282,1173.0711669921875,2425415,0.0,0.0
2018-09-25,1170.9801505840735,1185.8398096554938,1163.8617302157813,1173.694091796875,2684511,0.0,0.0
2018-09-26,1182.5477308057687,1189.488234975726,1164.751677670994,1185.7955322265625,2846089,0.0,0.0
2018-09-27,1189.5325031551552,1189.6659952597693,1153.628992411586,1165.5523681640625,3847372,0.0,0.0
2018-09-28,1169.6454980082128,1171.603020247864,1112.3867233859,1131.9178466796875,4301355,0.0,0.0
2018-10-01,1133.6085315227688,1133.6085315227688,1083.3792173528464,1110.5626220703125,4955435,0.0,0.0
2018-10-03,1109.6727858377342,1122.930866123426,1091.4763663594335,1108.20458984375,4302314,0.0,0.0
2018-10-04,1119.3716733802587,1150.4258059155377,1113.365505816414,1119.28271484375,7398229,0.0,0.0
2018-10-05,1119.3716131928627,1128.0026545212836,1081.866413809327,1092.1436767578125,4206887,0.0,0.0
2018-10-08,1094.4571378867747,1106.9143736025592,1070.5214275377512,1081.4215087890625,3957900,0.0,0.0
2018-10-09,1088.0505626098427,1099.8404459749902,1081.5104272068515,1086.493408203125,2559815,0.0,0.0
2018-10-10,1091.7876916544863,1126.4010313939586,1088.8512998921344,1112.83154296875,4134413,0.0,0.0
2018-10-11,1094.4572289854289,1100.6858473617685,1085.648161272337,1090.7645263671875,3942878,0.0,0.0
2018-10-12,1089.8302683828813,1107.8042374630008,1084.4469192032388,1099.128662109375,2773440,0.0,0.0
2018-10-15,1094.4570043861618,1100.5077044431612,1075.237293349902,1082.355712890625,2945137,0.0,0.0
2018-10-16,1085.559173524244,1093.5228633580334,1081.599595396077,1089.69677734375,2336499,0.0,0.0
2018-10-17,1100.3742967127778,1101.5755083786728,1075.5042513646488,1078.3516845703125,1746801,0.0,0.0
2018-10-19,1067.76313512137,1078.3518079350201,1055.3058985449538,1073.146484375,2006965,0.0,0.0
2018-10-22,1080.220425643588,1084.3580297225103,1067.8521469870684,1073.6358642578125,1452784,0.0,0.0
2018-10-23,1064.1148772451832,1075.8158023471767,1052.191501508621,1068.3858642578125,2109820,0.0,0.0
2018-10-24,1077.7288989333967,1087.6057949930018,1071.4113220021204,1084.5804443359375,1484693,0.0,0.0
2018-10-25,1074.8813944552821,1078.4851379420263,1063.4474543257054,1069.1422119140625,3063065,0.0,0.0
2018-10-26,1068.2967959155167,1079.3303679796443,1060.0216983312682,1065.493896484375,1101325,0.0,0.0
2018-10-29,1068.6528469683728,1125.1553080695317,1066.205889991551,1122.3079833984375,2140956,0.0,0.0
2018-10-30,1119.72755790548,1137.7460596598355,1110.6960402407126,1131.1614990234375,1957735,0.0,0.0
2018-10-31,1126.4901378477239,1160.3026380358863,1111.5414101066158,1154.5189208984375,3117499,0.0,0.0
2018-11-01,1190.0661299466547,1231.48647349609,1175.9627841812462,1180.5452880859375,8903105,0.0,0.0
2018-11-02,1192.3354221240452,1218.8960066319937,1192.3354221240452,1208.52978515625,2665756,0.0,0.0
2018-11-05,1208.6188559184077,1214.580489599454,1195.4942682102817,1201.366943359375,1457946,0.0,0.0
2018-11-06,1201.3667571489832,1218.8513963974738,1201.2777986308186,1213.5570068359375,1616734,0.0,0.0
2018-11-07,1219.0295251183616,1219.0295251183616,1213.379300503005,1215.42578125,255086,0.0,0.0
2018-11-09,1215.425693035037,1227.0376592183202,1210.131411556864,1217.78369140625,1247358,0.0,0.0
2018-11-12,1221.6099034104861,1231.9315909355112,1211.9110342030813,1216.5379638671875,2174698,0.0,0.0
2018-11-13,1213.6908132940198,1241.2746954143383,1208.5299144821781,1237.804443359375,2068670,0.0,0.0
2018-11-14,1240.3847038937497,1243.9439139479641,1227.0376661904452,1232.1094970703125,1364551,0.0,0.0
2018-11-15,1235.0459888664193,1252.842040579192,1233.3553422300101,1244.388916015625,2890196,0.0,0.0
2018-11-16,1248.1705218724899,1258.1808005187672,1238.1602432262125,1244.8782958984375,1732865,0.0,0.0
2018-11-19,1245.7235164175618,1263.3860745516454,1241.3190374319024,1261.028076171875,1932311,0.0,0.0
2018-11-20,1254.8439674277597,1266.277907754374,1252.5749276201946,1257.3798828125,1889461,0.0,0.0
2018-11-21,1254.6216251205924,1257.9583847618705,1239.7174320562167,1247.5921630859375,1320423,0.0,0.0
2018-11-22,1250.1727435777289,1263.0748822125167,1242.3424366830136,1254.7552490234375,1723570,0.0,0.0
2018-11-26,1254.7994810621321,1272.4176145572367,1254.7994810621321,1265.2991943359375,2630117,0.0,0.0
2018-11-27,1263.0301858897833,1275.976856437005,1259.3820171592301,1273.84130859375,1956946,0.0,0.0
2018-11-28,1273.8412894474784,1275.9768372586352,1244.8337484831454,1248.7489013671875,1390580,0.0,0.0
2018-11-29,1257.8696303769652,1277.3117979851897,1252.3973219534341,1265.6998291015625,2816724,0.0,0.0
2018-11-30,1268.102306036321,1279.6697408298965,1254.6217737647253,1274.642333984375,2018571,0.0,0.0
2018-12-03,1276.9111678026186,1281.271113317401,1256.4011759796408,1270.193115234375,1115862,0.0,0.0
2018-12-04,1266.2336861633544,1272.1953203844866,1259.0707314873569,1263.4307861328125,1061729,0.0,0.0
2018-12-05,1256.401364162825,1262.629982823689,1236.0693949721317,1241.0968017578125,1582751,0.0,0.0
2018-12-06,1234.8680709185658,1243.0987448298702,1220.8536802047229,1227.482666015625,1574405,0.0,0.0
2018-12-07,1234.1561686403213,1249.2828123799648,1220.8980885801147,1245.6346435546875,1185686,0.0,0.0
2018-12-10,1223.2115502379925,1233.6223054840912,1208.5298078245141,1217.0274658203125,1657418,0.0,0.0
2018-12-11,1208.3518469119592,1218.8959852662515,1195.5832022120996,1211.377197265625,2302505,0.0,0.0
2018-12-12,1217.7839128369228,1252.5307505591927,1215.025546282718,1245.99072265625,1751549,0.0,0.0
2018-12-13,1257.9138066835164,1271.5278289856865,1251.0623705765397,1269.2587890625,1863210,0.0,0.0
2018-12-14,1266.5893648601555,1271.12744464711,1250.2170852419836,1255.8673095703125,2189734,0.0,0.0
2018-12-17,1241.6305501563686,1267.434825148878,1241.3191409749825,1252.842041015625,1610515,0.0,0.0
2018-12-18,1250.1726468159345,1272.4177117058978,1250.1726468159345,1271.0830078125,1568498,0.0,0.0
2018-12-19,1273.3074055904503,1279.53602322786,1269.214335723847,1276.6441650390625,2073536,0.0,0.0
2018-12-20,1272.9515814377462,1292.8831814578332,1266.4115540329394,1290.9256591796875,2782410,0.0,0.0
2018-12-21,1290.925491290697,1298.8446465284053,1259.2484358659933,1263.51953125,1975704,0.0,0.0
2018-12-24,1270.2821853297219,1271.2609464778093,1245.7236549977486,1249.9947509765625,1390194,0.0,0.0
2018-12-26,1244.6557953216457,1274.1971952272925,1231.7536589174586,1265.8775634765625,1712084,0.0,0.0
2018-12-27,1271.7057773288466,1276.288282243836,1253.286907754919,1268.01318359375,1872745,0.0,0.0
2018-12-28,1269.3480398583897,1288.4342636452413,1269.125589191324,1280.781982421875,1918767,0.0,0.0
2018-12-31,1285.7644825545306,1290.2134946048923,1273.485165848149,1279.135498046875,1487860,0.0,0.0
2019-01-01,1285.7645915673365,1285.7645915673365,1268.1464589067778,1283.0062255859375,786846,0.0,0.0
2019-01-02,1282.2056375675477,1285.675889677445,1260.9393321950888,1268.4136962890625,2058504,0.0,0.0
2019-01-03,1268.8584147135416,1271.5278223181283,1237.7153259933634,1241.2745361328125,2290756,0.0,0.0
2019-01-04,1247.4141975070493,1252.486028517157,1222.188317323719,1235.0904541015625,2711485,0.0,0.0
2019-01-07,1243.0539418794312,1253.3756279050608,1227.0820323871314,1231.30859375,1851513,0.0,0.0
2019-01-08,1234.6010066076233,1240.2512309321871,1223.4784750165636,1229.885009765625,1437271,0.0,0.0
2019-01-09,1236.38068854858,1239.9844324555772,1220.809143352754,1233.3109130859375,1413005,0.0,0.0
2019-01-10,1235.0460896519944,1244.744960350625,1230.8195270253036,1239.13916015625,1063647,0.0,0.0
2019-01-11,1239.4951101017018,1240.2959542224503,1211.0659584538,1218.6737060546875,2489197,0.0,0.0
2019-01-14,1216.5383266124181,1216.5383266124181,1184.3275091790667,1186.907958984375,3080984,0.0,0.0
2019-01-15,1192.3353864705603,1199.4538066882951,1183.437361198392,1193.13623046875,3079248,0.0,0.0
2019-01-16,1194.916009218983,1211.4663169073133,1188.7763491650169,1194.2486572265625,2454470,0.0,0.0
2019-01-17,1196.8733724176195,1202.8351145946863,1189.6214600075434,1197.71875,1610419,0.0,0.0
2019-01-18,1201.9898514145086,1203.0131461545352,1168.310843861616,1172.6708984375,2135781,0.0,0.0
2019-01-21,1138.0572997310562,1189.8882909033268,1133.1188528329237,1169.6898193359375,8813681,0.0,0.0
2019-01-22,1171.7809916270285,1175.8740616047196,1155.0526603565825,1157.7666015625,2544978,0.0,0.0
2019-01-23,1157.6330795786475,1162.882936175143,1151.004094245974,1158.033447265625,1821323,0.0,0.0
2019-01-24,1161.1923292327847,1161.6817640832999,1145.1758833123326,1152.605712890625,1654706,0.0,0.0
2019-01-25,1156.7434247074614,1169.2896201286683,1140.2820759712397,1143.7967529296875,3136788,0.0,0.0
2019-01-28,1152.6947856316333,1190.4669728409394,1149.3136007733915,1157.143798828125,8004136,0.0,0.0
2019-01-29,1160.3026147812382,1164.5737107983784,1128.4476375844824,1137.2122802734375,3685535,0.0,0.0
2019-01-30,1142.7734010360416,1164.7514794701765,1139.8370093210817,1151.8048095703125,2385425,0.0,0.0
2019-01-31,1160.3026407421519,1176.0521039980827,1153.673654531932,1169.4676513671875,5852257,0.0,0.0
2019-02-01,1170.535264737115,1187.4860469098892,1168.310758342708,1178.6324462890625,2515736,0.0,0.0
2019-02-04,1180.6344970878215,1180.6344970878215,1159.0567851526523,1163.327880859375,2308931,0.0,0.0
2019-02-05,1166.2640771621261,1177.208691208046,1156.7432339912773,1160.8363037109375,1447400,0.0,0.0
2019-02-06,1163.861760388723,1176.3189963561863,1150.5592554280013,1169.5565185546875,2034886,0.0,0.0
2019-02-07,1169.2004262500564,1175.295551345095,1147.1332819114978,1153.228515625,1556295,0.0,0.0
2019-02-08,1152.294434270978,1155.7646863372674,1117.1917630990756,1122.70849609375,2993525,0.0,0.0
2019-02-11,1120.2613249716394,1120.2613249716394,1086.4488306516057,1109.1387939453125,2981408,0.0,0.0
2019-02-12,1107.359303058146,1125.5112972867723,1104.7344289129126,1109.4503173828125,1571390,0.0,0.0
2019-02-14,1084.6692533852984,1096.014235321855,1068.7417668251837,1092.321533203125,6974738,0.0,0.0
2019-02-15,1106.9143694072995,1115.7234363537698,1095.2579777554033,1106.113525390625,3620228,0.0,0.0
2019-02-18,1107.804154196433,1120.750824506118,1103.3551415289776,1107.3592529296875,2186849,0.0,0.0
2019-02-19,1107.8042536695307,1130.04931900426,1107.8042536695307,1119.638671875,2389086,0.0,0.0
2019-02-20,1125.600299899651,1141.3053376654257,1124.888414365365,1135.8775634765625,2433082,0.0,0.0
2019-02-21,1140.7268953101366,1149.1800197293614,1125.6892101459252,1142.595458984375,2392129,0.0,0.0
2019-02-22,1140.7268629154225,1141.9726082023637,1126.0451209200214,1139.2586669921875,2390188,0.0,0.0
2019-02-25,1139.2587504183814,1144.6865246177267,1124.710499463105,1135.254638671875,5873730,0.0,0.0
2019-02-26,1124.5324154032592,1134.498159711772,1114.9225051912551,1126.3564453125,2417931,0.0,0.0
2019-02-27,1130.5387742201551,1152.2944050613717,1128.269734067814,1143.12939453125,3555914,0.0,0.0
2019-02-28,1150.5148704956623,1159.3683637547094,1132.9858010669843,1150.4703369140625,9321535,0.0,0.0
2019-03-01,1157.0102037866964,1167.3763157444596,1154.2962627856416,1164.35107421875,2831577,0.0,0.0
2019-03-05,1158.5228817791415,1165.9972446756046,1136.3223523383663,1161.9041748046875,3948051,0.0,0.0
2019-03-06,1166.0862783607245,1181.2574557616074,1166.0862783607245,1171.8699951171875,2776738,0.0,0.0
2019-03-07,1177.9649922159165,1207.7289503629984,1165.641249583328,1203.368896484375,6207580,0.0,0.0
2019-03-08,1201.233521670123,1212.8009555825022,1189.6660877577442,1191.8016357421875,4868283,0.0,0.0
2019-03-11,1195.4942885741427,1202.1232742854686,1192.33544599743,1198.1636962890625,2661353,0.0,0.0
2019-03-12,1205.6823540506575,1248.392872865736,1205.6823540506575,1235.8466796875,6631152,0.0,0.0
2019-03-13,1241.8973644400385,1243.543586037542,1221.565398078738,1226.6817626953125,2241672,0.0,0.0
2019-03-14,1232.1095573351336,1242.164369677478,1225.2581210930423,1227.705078125,1838850,0.0,0.0
2019-03-15,1233.266447368421,1255.333596078973,1226.6818861710397,1242.609375,5723980,0.0,0.0
2019-03-18,1243.0540108670816,1256.1340633107106,1219.3407540756673,1226.9486083984375,2450686,0.0,0.0
2019-03-19,1219.9190937050928,1223.4337697472322,1198.1189348460302,1208.30712890625,4053209,0.0,0.0
2019-03-20,1211.9110579459543,1229.707108723428,1211.0212554070808,1219.830322265625,3871744,0.0,0.0
2019-03-22,1227.0377118244273,1259.0706035036728,1224.5462212464295,1241.007568359375,3788604,0.0,0.0
2019-03-25,1234.1562435274138,1235.9358487812385,1219.1185574088984,1225.0357666015625,1666203,0.0,0.0
2019-03-26,1227.7496140049711,1235.7578370336842,1217.0274497246926,1221.52099609375,2021089,0.0,0.0
2019-03-27,1227.0377936919183,1237.8043835009792,1212.934444110309,1215.8707275390625,2558997,0.0,0.0
2019-03-28,1219.9194241717712,1239.0501810059748,1213.690805667612,1233.8892822265625,3184285,0.0,0.0
2019-04-01,1236.9144871831509,1267.078814965361,1236.9144871831509,1256.5791015625,3842703,0.0,0.0
2019-04-02,1259.1593468686456,1269.703483520913,1248.837660815027,1254.39892578125,2737093,0.0,0.0
2019-04-03,1254.0876695602667,1259.0705418538032,1223.4784417307276,1226.1923828125,2366304,0.0,0.0
2019-04-04,1232.287793866837,1240.2960182507552,1215.2035166767148,1217.8729248046875,1980318,0.0,0.0
2019-04-05,1222.3662330274024,1239.2724812003019,1219.2964577276073,1222.4107666015625,2037782,0.0,0.0
2019-04-08,1227.6603390073012,1233.978022999573,1214.9806546918853,1222.277099609375,1013017,0.0,0.0
2019-04-09,1224.2795432652215,1234.1563314035122,1215.4704749078571,1223.6566162109375,2209945,0.0,0.0
2019-04-10,1219.0294540509933,1229.7070843054546,1214.5804414449678,1220.40869140625,2014958,0.0,0.0
2019-04-11,1220.4979676027906,1235.001687302342,1220.4979676027906,1226.148193359375,3110225,0.0,0.0
2019-04-12,1227.9274571011526,1229.5735700119783,1208.6187861868775,1210.9322509765625,2751659,0.0,0.0
2019-04-15,1214.5805482773278,1217.2499560757394,1204.7927196831515,1207.3731689453125,1933204,0.0,0.0
2019-04-16,1210.1314222004132,1237.6263416785139,1210.1314222004132,1229.1732177734375,3217456,0.0,0.0
2019-04-18,1234.1561227051147,1234.689982505301,1207.817989250676,1210.7542724609375,2594906,0.0,0.0
2019-04-22,1211.9111277164268,1219.8303924920142,1203.4580031104751,1210.2650146484375,3101477,0.0,0.0
2019-04-23,1211.6439245930458,1214.5803160572718,1189.3099053401536,1199.631591796875,2016454,0.0,0.0
2019-04-24,1203.9030705305593,1213.2014654327875,1201.2336623919105,1210.7100830078125,1753395,0.0,0.0
2019-04-25,1216.226317854177,1228.416675194993,1203.1462667836552,1205.815673828125,2886022,0.0,0.0
2019-04-26,1208.52978515625,1216.3600910772907,1202.123250216108,1208.52978515625,1767153,0.0,0.0
2019-04-30,1214.580445378527,1215.9151491646574,1192.3353822763563,1199.9432373046875,1905624,0.0,0.0
2019-05-02,1200.7442006869392,1224.8134069812988,1194.1152140711247,1209.0194091796875,1985540,0.0,0.0
2019-05-03,1211.911054462464,1221.8767994218144,1210.131449389832,1213.334716796875,1239667,0.0,0.0
2019-05-06,1204.1698326818475,1214.4469869489194,1201.1444822923747,1203.6358642578125,1515052,0.0,0.0
2019-05-07,1207.8180103289772,1222.9001201944345,1201.233449695838,1216.004150390625,2596385,0.0,0.0
2019-05-08,1213.6017135777863,1219.9192899273842,1205.682449198837,1210.44287109375,1601700,0.0,0.0
2019-05-09,1207.4620911123593,1217.9618049172493,1190.1998994788776,1206.97265625,2464425,0.0,0.0
2019-05-10,1209.8200215282739,1212.3559369938878,1196.8733513775742,1206.1273193359375,1466154,0.0,0.0
2019-05-13,1196.7844425366277,1205.6824681316957,1167.4209580729039,1172.4483642578125,3422913,0.0,0.0
2019-05-14,1164.7515659988433,1199.1424571082189,1143.6632885033982,1193.9371337890625,3132767,0.0,0.0
2019-05-15,1199.0092382768587,1205.6827590835944,1174.98456337261,1179.7005615234375,2054728,0.0,0.0
2019-05-16,1179.8782398979436,1199.4538969701568,1164.1287774281461,1189.799560546875,2058450,0.0,0.0
2019-05-17,1187.886432663466,1220.3642265153135,1185.7064598112124,1211.8221435546875,2776586,0.0,0.0
2019-05-20,1245.7236071351738,1294.6627488440556,1245.7236071351738,1291.50390625,6210427,0.0,0.0
2019-05-21,1294.662698517997,1300.9358498860408,1279.4025632000864,1289.412841796875,2961180,0.0,0.0
2019-05-22,1290.3027474285643,1311.0351917595156,1282.7394252178242,1300.090576171875,3304912,0.0,0.0
2019-05-23,1313.5264585297925,1390.2275022067925,1304.4505161214934,1313.4375,10485813,0.0,0.0
2019-05-24,1328.475224703366,1378.4820852267248,1326.1172261910142,1373.9886474609375,5626500,0.0,0.0
2019-05-27,1373.5881608508919,1423.6840881500625,1363.2664729354992,1420.1248779296875,6730594,0.0,0.0
2019-05-28,1420.1250195374525,1429.9128486194775,1391.028516531918,1400.9942626953125,4987068,0.0,0.0
2019-05-29,1397.1680198220579,1420.9702397255464,1375.8127571049092,1381.3740234375,3070738,0.0,0.0
2019-05-30,1379.1940328245869,1396.4116914461524,1370.296006806364,1386.8463134765625,2675199,0.0,0.0
2019-05-31,1396.9455749295741,1407.2228386019774,1365.6690998408899,1385.912109375,3945900,0.0,0.0
2019-06-03,1391.3841912275768,1396.9899906885576,1375.990672424832,1387.55810546875,2617068,0.0,0.0
2019-06-04,1388.9817062502207,1410.3369663078793,1386.3122987430131,1396.81201171875,3854101,0.0,0.0
2019-06-06,1396.678823625222,1398.5919211454923,1345.0257336703976,1348.8519287109375,3268594,0.0,0.0
2019-06-07,1351.2097251066214,1364.6901470374546,1330.6997325879156,1347.027587890625,2572146,0.0,0.0
2019-06-10,1356.9489030443322,1372.0755465536788,1353.6566770220413,1363.2664794921875,1608705,0.0,0.0
2019-06-11,1370.4739465835714,1370.4739465835714,1354.2795824095108,1356.326171875,1745105,0.0,0.0
2019-06-12,1356.1481171620294,1357.7498052849644,1337.9961224488516,1342.9345703125,1495586,0.0,0.0
2019-06-13,1342.711848031294,1360.5078963816093,1338.7966956705327,1350.3197021484375,1828211,0.0,0.0
2019-06-14,1353.389594152014,1370.2068830219755,1346.315707768035,1358.1055908203125,1854211,0.0,0.0
2019-06-17,1361.3978820240825,1367.626499784977,1330.4772438539278,1333.591552734375,2048759,0.0,0.0
2019-06-18,1334.7038029203131,1352.4553200517637,1332.746280790086,1339.4197998046875,2098714,0.0,0.0
2019-06-19,1347.1165744973941,1361.3979493744987,1332.0344641919114,1339.286376953125,2140698,0.0,0.0
2019-06-20,1342.9343276642878,1390.7612086395773,1340.9768057508236,1385.5113525390625,3483179,0.0,0.0
2019-06-21,1388.0919880966878,1396.945480086196,1361.3979114025205,1370.073486328125,3028524,0.0,0.0
2019-06-24,1375.1897802433357,1391.1616918625073,1367.75995100292,1371.1856689453125,1941777,0.0,0.0
2019-06-25,1375.456957812088,1380.9736907064332,1353.4787675376144,1365.8470458984375,2384122,0.0,0.0
2019-06-26,1364.067355240202,1391.428784577212,1360.5081449199404,1380.26171875,2789166,0.0,0.0
2019-06-27,1388.0920549772125,1396.055744793952,1370.8743964035953,1379.994873046875,3763146,0.0,0.0
2019-06-28,1384.7106673819262,1400.4602374891876,1377.102920846552,1382.041259765625,3002811,0.0,0.0
2019-07-01,1391.1616758160703,1396.1001231407245,1381.1959312588842,1385.111083984375,1537022,0.0,0.0
2019-07-02,1388.0918603216176,1393.3861415978936,1381.8632429996615,1391.517578125,1294135,0.0,0.0
2019-07-03,1392.5411084653929,1409.3583998057006,1388.270012416955,1404.153076171875,2800104,0.0,0.0
2019-07-04,1408.5130876162182,1415.320099739257,1395.4330318648806,1398.5028076171875,1981745,0.0,0.0
2019-07-05,1406.777828737781,1416.2542476000324,1375.2343718507282,1386.623779296875,3693134,0.0,0.0
2019-07-08,1379.1050989019332,1380.3063107121359,1300.4910593515497,1326.1173095703125,4697122,0.0,0.0
2019-07-09,1322.7805752693878,1368.8723952028859,1321.6683219758042,1358.3726806640625,4329323,0.0,0.0
2019-07-10,1355.8811787879556,1361.0419684436026,1319.3102068278793,1334.303466796875,2823544,0.0,0.0
2019-07-11,1345.3814656569468,1346.226734638375,1325.8947679425855,1330.4327392578125,2156264,0.0,0.0
2019-07-12,1333.8140842105001,1333.8140842105001,1300.891388336058,1305.2069091796875,3495971,0.0,0.0
2019-07-15,1308.8996302555759,1311.5245044895248,1274.1083701689438,1281.849609375,3950399,0.0,0.0
2019-07-16,1283.095157370626,1302.6708116439645,1269.6591618430734,1300.1793212890625,3654380,0.0,0.0
2019-07-17,1300.001435539207,1308.4990927507279,1291.9932131436883,1295.06298828125,2225647,0.0,0.0
2019-07-18,1285.586746900724,1294.6181557424147,1274.197230997491,1277.0445556640625,2342881,0.0,0.0
2019-07-19,1287.0105772532131,1287.3665200376213,1247.5922763321196,1256.0009765625,3199700,0.0,0.0
2019-07-22,1254.2657262167966,1262.6298924003684,1240.3848273475078,1249.015869140625,2646126,0.0,0.0
2019-07-23,1258.892755013994,1258.892755013994,1233.4443138989627,1254.1767578125,4013444,0.0,0.0
2019-07-24,1271.0763642271638,1280.0443824932759,1240.341620041375,1250.436279296875,5434450,18.0,0.0
2019-07-25,1257.4214258306492,1264.451709459527,1233.8971844932992,1236.961669921875,4181824,0.0,0.0
2019-07-26,1235.609677208142,1259.3592462856525,1228.5793937132923,1254.7625732421875,3019850,0.0,0.0
2019-07-29,1255.934284765856,1260.0353020401362,1226.236071835197,1236.1505126953125,1987927,0.0,0.0
2019-07-30,1240.2064131105656,1255.6639496391433,1236.8715997591446,1240.5218505859375,2714475,0.0,0.0
2019-07-31,1236.2855479664443,1259.9900052146763,1232.184531301384,1250.39111328125,2693653,0.0,0.0
2019-08-01,1243.8114789684557,1249.2193549639708,1206.8576596657697,1224.0277099609375,2774996,0.0,0.0
2019-08-02,1219.1154910674431,1241.0174328793446,1207.7589734708538,1235.023681640625,2776965,0.0,0.0
2019-08-05,1221.2788501989244,1224.7038828657232,1194.239466061679,1212.98681640625,2287548,0.0,0.0
2019-08-06,1210.1926209782516,1261.2971214191234,1207.8042301393896,1241.558349609375,4152548,0.0,0.0
2019-08-07,1243.8114657502156,1252.7344830526924,1219.3408051258612,1225.830322265625,2247223,0.0,0.0
2019-08-08,1234.7985909408785,1236.6012166210842,1207.8493150170957,1226.371337890625,2788577,0.0,0.0
2019-08-09,1236.6011330551223,1255.0780450286136,1226.7768017571937,1229.931396484375,2419380,0.0,0.0
2019-08-13,1234.7985498242076,1234.7985498242076,1178.0158427884958,1183.6490478515625,3135817,0.0,0.0
2019-08-14,1189.7327486552313,1208.6152054672825,1186.1274979017305,1202.0806884765625,2798429,0.0,0.0
2019-08-16,1203.2524550280261,1207.6689092646686,1190.183420872291,1203.477783203125,2654524,0.0,0.0
2019-08-19,1206.8578419751811,1226.64161397126,1206.8578419751811,1218.755126953125,2509331,0.0,0.0
2019-08-20,1219.4310030356244,1221.7745041312896,1202.351170965724,1210.0123291015625,2145169,0.0,0.0
2019-08-21,1208.8405796561078,1209.471564576103,1174.0049309431417,1181.3055419921875,2361165,0.0,0.0
2019-08-22,1173.509098989521,1196.447462483403,1156.519377126366,1166.52392578125,3780476,0.0,0.0
2019-08-23,1162.6932904880612,1169.408025559381,1148.272288435496,1159.5386962890625,5252370,0.0,0.0
2019-08-26,1180.7194583268995,1210.6429914292933,1150.5705970836036,1202.0355224609375,3759248,0.0,0.0
2019-08-27,1212.1305139262197,1243.7665716413144,1211.0489825605985,1223.036376953125,5431422,0.0,0.0
2019-08-28,1227.6780585832146,1234.7984512190374,1204.2439273921964,1211.9501953125,2272465,0.0,0.0
2019-08-29,1207.6690036048192,1221.2788044392514,1200.7739389034632,1209.96728515625,2421312,0.0,0.0
2019-08-30,1212.2205806027557,1222.9913343481037,1174.320444181884,1197.168701171875,3715119,0.0,0.0
2019-09-03,1196.0418265279418,1196.0418265279418,1162.6932601515034,1166.6590576171875,3617815,0.0,0.0
2019-09-04,1168.1011748724704,1184.5952401011405,1164.8564713914166,1178.9620361328125,2786181,0.0,0.0
2019-09-05,1183.2884497384628,1205.9564879402524,1179.5029801086012,1190.0032958984375,2758679,0.0,0.0
2019-09-06,1197.3489682973927,1202.3512984435104,1190.0483564809665,1197.529296875,1694661,0.0,0.0
2019-09-09,1198.7460959089444,1227.4078886776877,1192.4820155825962,1223.08154296875,3508361,0.0,0.0
2019-09-11,1229.3906327810143,1247.2366698469261,1222.1801305359645,1229.0751953125,2545642,0.0,0.0
2019-09-12,1234.8885503452045,1243.5862402012906,1221.5941875671874,1227.948486328125,2249695,0.0,0.0
2019-09-13,1227.5880379057678,1232.0494922720022,1211.4545167244723,1228.8948974609375,1771658,0.0,0.0
2019-09-16,1220.3774587478924,1223.0362873406275,1206.4972204472358,1211.0037841796875,1835805,0.0,0.0
2019-09-17,1211.364262026068,1212.2655747210279,1180.8998489270155,1184.054443359375,2210178,0.0,0.0
2019-09-18,1189.8230327705942,1197.3039731928832,1183.694171603085,1187.9302978515625,2081625,0.0,0.0
2019-09-19,1189.732781722281,1189.9130002555564,1169.9039020269097,1172.33740234375,1808736,0.0,0.0
2019-09-20,1176.2131908064061,1276.6644572302293,1161.8822954424488,1272.2030029296875,9975807,0.0,0.0
2019-09-23,1308.7060709795142,1397.936030364481,1307.8047582584538,1377.656494140625,12082820,0.0,0.0
2019-09-24,1373.6007601272702,1373.6007601272702,1329.9321972940572,1335.11474609375,3831602,0.0,0.0
2019-09-25,1334.754130233539,1335.4751144500779,1303.884167233446,1306.99365234375,2746428,0.0,0.0
2019-09-26,1312.5819428543919,1347.462706017468,1312.5819428543919,1342.8209228515625,3560962,0.0,0.0
2019-09-27,1337.5931015977642,1344.4880554512254,1317.7191133682677,1327.318115234375,2167976,0.0,0.0
2019-09-30,1327.6337349930313,1337.548175648105,1305.2811338703614,1328.7603759765625,2961398,0.0,0.0
2019-10-01,1333.943034801023,1348.769587360847,1297.1244264195007,1319.567138671875,2578275,0.0,0.0
2019-10-03,1302.8025503226654,1329.8870441294987,1281.8921372505451,1314.1591796875,1966976,0.0,0.0
2019-10-04,1319.341729816764,1328.5350764312293,1279.9542941689622,1284.2806396484375,3266487,0.0,0.0
2019-10-07,1279.8642481342763,1287.9760637914655,1244.7581566050803,1259.900146484375,2192329,0.0,0.0
2019-10-09,1262.7392873404633,1291.9418453264925,1261.026770941789,1285.4974365234375,1818865,0.0,0.0
2019-10-10,1282.5678368234,1290.6796502678205,1268.1919447840812,1284.4605712890625,1626821,0.0,0.0
2019-10-11,1289.7788200775703,1306.9037659765736,1280.0445962939789,1286.804443359375,2024214,0.0,0.0
2019-10-14,1293.3838668467838,1297.800321567553,1278.3769867354574,1283.42431640625,2220364,0.0,0.0
2019-10-15,1288.0661160784005,1302.2167932239372,1280.4500668355568,1290.9052734375,1797471,0.0,0.0
2019-10-16,1297.8904445906871,1299.51285165584,1276.4842653830283,1283.649658203125,2446615,0.0,0.0
2019-10-17,1287.0746035725076,1296.6284966923597,1280.0443201318176,1283.7847900390625,2304434,0.0,0.0
2019-10-18,1287.0746176892508,1313.2126876563293,1284.7312265244946,1304.920654296875,3516394,0.0,0.0
2019-10-22,1305.551732576707,1322.9471155151768,1297.1244789862544,1300.18896484375,2858390,0.0,0.0
2019-10-23,1302.3969180273752,1305.9120597416359,1278.6022395272212,1290.4996337890625,2410781,0.0,0.0
2019-10-24,1315.916703940478,1322.225893616905,1285.5875058483757,1290.9052734375,3646005,0.0,0.0
2019-10-25,1297.8451864079425,1299.4224836427288,1279.954151206644,1284.37060546875,2013793,0.0,0.0
2019-10-27,1294.9159708681207,1296.9439245351873,1287.8406878566166,1292.843017578125,398258,0.0,0.0
2019-10-29,1293.8344958878654,1320.2430043553172,1289.7785883772451,1316.9080810546875,3351491,0.0,0.0
2019-10-30,1324.884686983802,1344.7135682939493,1320.4232326984325,1328.7603759765625,3722066,0.0,0.0
2019-10-31,1334.8441028617513,1339.8013226900698,1322.4510532909553,1327.6787109375,2210277,0.0,0.0
2019-11-01,1330.968441999542,1334.8892403279297,1302.3968729484225,1306.3626708984375,2287220,0.0,0.0
2019-11-04,1313.9340371209628,1323.1273850238333,1306.9037522374374,1308.8865966796875,1459894,0.0,0.0
2019-11-05,1311.409992181328,1315.5560086398768,1290.6797998650595,1297.7100830078125,2401916,0.0,0.0
2019-11-06,1297.8904120222599,1322.1807475989576,1295.862458253475,1309.652587890625,2434431,0.0,0.0
2019-11-07,1315.8715553876568,1315.8715553876568,1289.7785942924124,1293.428955078125,1999085,0.0,0.0
2019-11-08,1288.8320725225306,1305.1008110341268,1279.8640550196549,1282.5679931640625,2217408,0.0,0.0
2019-11-11,1279.1431225341184,1289.5533297154461,1269.0935725125319,1277.1602783203125,2097492,0.0,0.0
2019-11-13,1278.467176772927,1279.729036776222,1251.9686668214401,1255.52880859375,2929404,0.0,0.0
2019-11-14,1259.133933363906,1267.2006386054647,1241.0625684067868,1244.2171630859375,3000518,0.0,0.0
2019-11-15,1247.0564932749244,1255.258418573659,1231.3736269757185,1241.6937255859375,3409434,0.0,0.0
2019-11-18,1251.022035100426,1256.2496928011772,1226.9119202308752,1229.8411865234375,2733161,0.0,0.0
2019-11-19,1229.8411326051391,1242.1890721184068,1227.137194607473,1230.9677734375,2396206,0.0,0.0
2019-11-20,1236.6013610556465,1255.84437043471,1230.6076079641866,1244.532958984375,3914075,0.0,0.0
2019-11-21,1266.3444923033555,1277.9714495043,1248.3182361851584,1255.25830078125,5719318,0.0,0.0
2019-11-22,1256.204649195172,1260.891431500246,1235.6997840692954,1242.5948486328125,2363205,0.0,0.0
2019-11-25,1242.4595738496453,1251.9233573283693,1235.7898377742204,1244.57763671875,2956576,0.0,0.0
2019-11-26,1243.2256990251346,1243.8115743075934,1225.3797728861418,1228.4892578125,4853977,0.0,0.0
2019-11-27,1230.2919747292972,1234.7985387392946,1184.4602407523305,1203.7032470703125,7904745,0.0,0.0
2019-11-28,1211.364240027541,1220.3773668134602,1196.2221430177888,1216.6820068359375,4503913,0.0,0.0
2019-11-29,1216.7723116963089,1216.9525302515895,1196.9434295797764,1199.2418212890625,2515083,0.0,0.0
2019-12-02,1199.2418928874029,1210.3730849172232,1190.0484355249198,1201.7655029296875,3044008,0.0,0.0
2019-12-03,1201.8554653710946,1201.8554653710946,1180.7197249904116,1183.6038818359375,3068849,0.0,0.0
2019-12-04,1180.7195622832648,1182.5221875691936,1155.6180271814117,1158.27685546875,10230371,0.0,0.0
2019-12-05,1166.2986110681463,1183.423552034371,1158.3220158333195,1173.6893310546875,6644324,0.0,0.0
2019-12-06,1179.6833038087739,1179.8185227412218,1156.4744978801364,1163.4146728515625,3302384,0.0,0.0
2019-12-09,1166.2987028020302,1170.7151572980267,1146.289603687636,1150.0750732421875,3038475,0.0,0.0
2019-12-10,1150.97642716325,1157.2856166621873,1142.0985182301665,1152.779052734375,2759100,0.0,0.0
2019-12-11,1156.3390565159682,1161.566714059066,1131.1474111690613,1139.5296630859375,3949135,0.0,0.0
2019-12-12,1144.6671010717805,1156.2489469794957,1143.0446942419558,1153.4097900390625,3264836,0.0,0.0
2019-12-13,1160.8460183651093,1178.9173877758365,1158.457626966826,1176.48388671875,3655956,0.0,0.0
2019-12-16,1184.7305095199658,1187.9302138169728,1171.7065841897304,1174.4105224609375,3969819,0.0,0.0
2019-12-17,1179.9987662877804,1194.2395536539773,1175.1317648049312,1187.88525390625,3719446,0.0,0.0
2019-12-18,1194.014083584418,1195.0956148913303,1184.865737029131,1189.14697265625,2961222,0.0,0.0
2019-12-19,1186.803438274252,1190.634017057366,1178.1057491502422,1182.296875,1936623,0.0,0.0
2019-12-20,1183.4238030166553,1196.8533868377754,1178.2863636466402,1182.116943359375,3297390,0.0,0.0
2019-12-23,1178.8269378453124,1191.5354252934342,1176.2131089318696,1181.8463134765625,3394916,0.0,0.0
2019-12-24,1184.910851433541,1188.831539966252,1169.903971854583,1172.60791015625,1803814,0.0,0.0
2019-12-26,1171.391130829245,1177.7453196662132,1150.976375154031,1153.0494384765625,3723801,0.0,0.0
2019-12-27,1155.0774396369927,1173.3740230951837,1153.815579737644,1171.3460693359375,2459664,0.0,0.0
2019-12-30,1173.4191159736288,1178.1960076352418,1168.55200501629,1173.7796630859375,2072838,0.0,0.0
2019-12-31,1171.7065133193178,1180.719640344851,1163.7299179064255,1170.0841064453125,3043254,0.0,0.0
2020-01-01,1179.277591836717,1188.741375452764,1174.4104811151874,1180.674560546875,3123998,0.0,0.0
2020-01-02,1182.5223730838102,1214.9696333208658,1181.6210602994474,1212.5361328125,4335359,0.0,0.0
2020-01-03,1212.2205154539754,1212.2205154539754,1198.8811530283294,1203.297607421875,2059871,0.0,0.0
2020-01-06,1199.6472958285374,1200.5486085977548,1184.4150880240547,1186.8035888671875,2646905,0.0,0.0
2020-01-07,1196.943317221223,1207.308413718244,1184.0996106923055,1190.1834716796875,2077893,0.0,0.0
2020-01-08,1173.5092508037048,1179.5480024781505,1156.6997452909418,1164.090576171875,4147568,0.0,0.0
2020-01-09,1181.6210346394387,1189.6427402507743,1176.3032673224727,1186.2628173828125,2067779,0.0,0.0
2020-01-10,1188.8316981569558,1204.1089075848083,1188.8316981569558,1193.8790283203125,2360798,0.0,0.0
2020-01-13,1197.8446171169894,1207.2182915054543,1197.5741792888164,1202.9820556640625,1825244,0.0,0.0
2020-01-14,1198.5656357926885,1199.6471669901837,1185.316273494012,1195.230712890625,2046500,0.0,0.0
2020-01-15,1194.780164570308,1204.289058133406,1189.7328351531519,1192.9775390625,2127677,0.0,0.0
2020-01-16,1196.6727447766693,1201.3596365056897,1187.3892906247045,1189.101806640625,1773135,0.0,0.0
2020-01-17,1190.273616797069,1195.0956180905528,1173.5092213538628,1175.4920654296875,2941837,0.0,0.0
2020-01-20,1184.2799417114525,1189.6428190312104,1177.565205178518,1180.3592529296875,2542477,0.0,0.0
2020-01-21,1175.9877574679786,1184.23479076284,1172.1120688085498,1173.8245849609375,1361576,0.0,0.0
2020-01-22,1181.6209795883565,1182.5222923111546,1164.4960378551918,1166.4788818359375,2449753,0.0,0.0
2020-01-23,1178.0158338649037,1207.6239374473903,1177.1145210616405,1200.819091796875,10056067,0.0,0.0
2020-01-24,1200.548546930343,1232.860586042344,1200.548546930343,1225.064208984375,5837319,0.0,0.0
2020-01-27,1207.7593507662343,1230.2020651844368,1207.7593507662343,1215.5106201171875,2510013,0.0,0.0
2020-01-28,1217.5835091681756,1221.2788697212964,1205.9565517985939,1213.7529296875,2352852,0.0,0.0
2020-01-29,1219.5664531887467,1239.2601178908417,1218.6651402959867,1230.9229736328125,3678474,0.0,0.0
2020-01-30,1231.1481803494494,1240.9275122895733,1219.4762235495753,1234.978759765625,2743506,0.0,0.0
2020-01-31,1240.1612443560832,1241.1076667606287,1226.1908966184,1234.1676025390625,3939306,0.0,0.0
2020-02-03,1162.6935703627917,1175.2218409163702,1146.469939148427,1159.6741943359375,5767353,0.0,0.0
2020-02-04,1168.1010862202438,1178.2859622314127,1160.4850390424854,1164.2705078125,3604309,0.0,0.0
2020-02-05,1169.813919914962,1194.2394750990736,1167.2000907572078,1180.764892578125,4220104,0.0,0.0
2020-02-06,1192.3467039128689,1194.23943875449,1179.8635438596511,1187.5697021484375,2354458,0.0,0.0
2020-02-07,1183.4685396022803,1184.6852895933519,1168.101115942552,1170.8050537109375,3053804,0.0,0.0
2020-02-10,1171.706528277896,1173.9147004179329,1147.4611942649792,1158.457275390625,3039992,0.0,0.0
2020-02-11,1164.4962096926806,1170.7602900310687,1157.2857068462863,1159.8995361328125,2200796,0.0,0.0
2020-02-12,1161.8822407457747,1171.5713527809678,1153.6803167485957,1169.2730712890625,2568696,0.0,0.0
2020-02-13,1170.8052967888493,1171.5713906442434,1158.1869179166063,1164.721435546875,1545536,0.0,0.0
2020-02-14,1167.1999861638255,1176.1680038241677,1163.234188144355,1167.335205078125,1780119,0.0,0.0
2020-02-17,1169.0025709904403,1169.7686647801395,1150.9763170044657,1153.8604736328125,2155085,0.0,0.0
2020-02-18,1155.032219882387,1162.5131592683265,1141.4674197986667,1159.403564453125,2347917,0.0,0.0
2020-02-19,1169.9039077836637,1170.8052205015247,1150.615793616732,1154.942138671875,1820353,0.0,0.0
2020-02-20,1153.5900724256724,1161.7018862031462,1149.4440562774444,1154.220947265625,3034681,0.0,0.0
2020-02-24,1146.37962568947,1146.37962568947,1129.0293565087704,1135.383544921875,3414064,0.0,0.0
2020-02-25,1137.6368264422551,1140.7464212180998,1117.7629477618193,1119.4754638671875,3133077,0.0,0.0
2020-02-26,1113.121287886874,1115.825226238016,1086.983217159166,1091.625,5721483,0.0,0.0
2020-02-27,1092.7065562726366,1096.8525731676496,1081.5753651443993,1090.9039306640625,4003149,0.0,0.0
2020-02-28,1072.246738682971,1078.3755993896636,1047.3254190561458,1070.35400390625,6286647,0.0,0.0
2020-03-02,1086.0819810069156,1092.7066084299258,1037.0055404803763,1046.3341064453125,3177486,0.0,0.0
2020-03-03,1050.930575238111,1069.6779228195194,1047.370434194182,1064.720703125,3134527,0.0,0.0
2020-03-04,1068.0556024996895,1070.6243218174516,1043.7201583921017,1060.5296630859375,3135151,0.0,0.0
2020-03-05,1063.6391392206124,1070.0835472966346,1051.110870168172,1065.7572021484375,2625152,0.0,0.0
2020-03-06,1034.7070410521326,1049.1280451086081,1019.2495053243917,1044.5313720703125,3956575,0.0,0.0
2020-03-09,1023.7109996972022,1023.7109996972022,961.9710802883151,993.2014770507812,8038295,0.0,0.0
2020-03-11,982.4307982226115,1010.3263810067731,978.6453290645555,1006.7211303710938,5628125,0.0,0.0
2020-03-12,964.4046711063331,964.4497807545828,905.0081371147974,916.2294921875,9200130,0.0,0.0
2020-03-13,856.2470525843336,955.7969948464404,802.1682913684809,947.6851806640625,8117911,0.0,0.0
2020-03-16,914.1564699249539,939.1678990996322,866.9727687839155,873.1016845703125,6671806,0.0,0.0
2020-03-17,876.076075418082,905.8193989662268,847.3692836346562,862.3310546875,4720207,0.0,0.0
2020-03-18,872.4707127398939,878.5545735983591,811.1814477953559,815.2824096679688,5586097,0.0,0.0
2020-03-19,787.6573306952145,796.7605685803951,755.029794146921,759.8968505859375,7251950,0.0,0.0
2020-03-20,765.2145516647732,791.1723487754299,749.2613044262993,779.3651733398438,6130185,0.0,0.0
2020-03-23,729.1621213647497,730.0183796048008,636.3268945408075,652.5955810546875,7308612,0.0,0.0
2020-03-24,690.0211208878869,690.7065723324775,614.164494353192,646.9747924804688,7110384,10.0,0.0
2020-03-25,637.1956943867256,708.2998486854187,604.1112257820153,699.845947265625,16122446,0.0,0.0
2020-03-26,719.9525572200948,769.8077183852777,689.2443524017788,765.8778076171875,9028497,0.0,0.0
2020-03-27,793.204458581866,813.4024061290513,742.1154536817861,765.009521484375,6573448,0.0,0.0
2020-03-30,732.0622155061772,744.8573104089069,722.9228620042273,729.9144897460938,4474168,0.0,0.0
2020-03-31,749.4269429185026,752.1687488072289,723.1056175431676,738.9166870117188,8045468,0.0,0.0
2020-04-01,737.4087091946982,742.4810949741525,700.5771260278348,707.705810546875,4104403,0.0,0.0
2020-04-03,723.0141087297984,723.0141087297984,697.1497539293289,707.9799194335938,4268480,0.0,0.0
2020-04-07,735.717972209114,743.029455162745,722.9228770402598,732.6563110351562,5768998,0.0,0.0
2020-04-08,734.803968926291,760.3941568988483,729.0461877889021,737.6371459960938,6151091,0.0,0.0
2020-04-09,762.5419763407161,762.5419763407161,735.1696558203362,742.8466796875,6410296,0.0,0.0
2020-04-13,742.8465579089908,797.3171321217778,738.4139942721001,790.9652709960938,9462711,0.0,0.0
2020-04-15,814.2706979823997,846.8524592101481,794.2098062200589,804.4002075195312,10435477,0.0,0.0
2020-04-16,800.5615875699858,840.6376256780671,795.2607743149846,833.1890869140625,6980512,0.0,0.0
2020-04-17,849.9597949155996,859.0991475491006,837.164701228698,852.6102294921875,5827648,0.0,0.0
2020-04-20,859.8303138777773,861.8409826820406,832.5950532591081,836.7991333007812,4958362,0.0,0.0
2020-04-21,819.8000027209331,828.573759701393,788.7262010570405,795.443603515625,5122305,0.0,0.0
2020-04-22,797.8655557828844,809.2897475896267,776.8450428584785,779.2212524414062,6090168,0.0,0.0
2020-04-23,785.98439631756,794.6667820908353,763.1360127036775,768.2540283203125,6321888,0.0,0.0
2020-04-24,765.8777547294537,794.2097480428345,762.3591262598582,777.9417114257812,7960368,0.0,0.0
2020-04-27,787.7665663243682,799.602039966361,778.9013824953528,781.6431884765625,4224177,0.0,0.0
2020-04-28,789.4573362542523,793.0217063963717,778.7642816100805,783.3796997070312,3772704,0.0,0.0
2020-04-29,787.8121705506461,807.0504960416476,780.5006886893872,800.01318359375,4837925,0.0,0.0
2020-04-30,813.5850891332598,837.8957420329077,808.0100511979261,820.302490234375,6332497,0.0,0.0
2020-05-04,804.2631288543845,804.2631288543845,772.2753907749487,777.4391479492188,4678576,0.0,0.0
2020-05-05,786.8983166287067,794.9409363507046,763.1359981242392,764.8724975585938,4296433,0.0,0.0
2020-05-06,765.8778029938499,775.017156251533,747.2335000353021,765.238037109375,5081524,0.0,0.0
2020-05-07,761.3081433221373,764.0956349713813,749.51835504425,752.0316772460938,3529134,0.0,0.0
2020-05-08,761.3081107302414,762.998868735316,740.2875986692624,745.7255249023438,4394509,0.0,0.0
2020-05-11,750.5236805402179,756.2814617816354,746.0910608598612,750.8892211914062,2882920,0.0,0.0
2020-05-12,746.6851684043734,748.741522907323,734.8040090539978,744.6744995117188,3024381,0.0,0.0
2020-05-13,789.365902683478,796.9058686497835,777.3019459809528,788.634765625,8625444,0.0,0.0
2020-05-14,784.9790991201884,803.8975163525262,769.0766016222544,796.6317749023438,6778584,0.0,0.0
2020-05-15,806.0453537836754,808.8328456546345,780.5008476712518,790.0057983398438,5653901,0.0,0.0
2020-05-18,795.0323935342071,795.123764757511,740.2876430500964,743.3493041992188,6211249,0.0,0.0
2020-05-19,755.9158893347968,762.0392672038919,723.5626121133482,727.8123779296875,5533176,0.0,0.0
2020-05-20,731.1482503742515,768.6195982059319,731.1482503742515,763.135986328125,5949898,0.0,0.0
2020-05-21,764.0042226268506,772.2753259076497,747.6904441073019,749.8839111328125,4701930,0.0,0.0
2020-05-22,744.8571824505184,755.3674371722128,740.3788776910125,745.4969482421875,4607479,0.0,0.0
2020-05-26,751.1634980039076,770.1733424191618,750.3409338634112,754.4993286132812,4335209,0.0,0.0
2020-05-27,760.3484825049547,783.4253487848395,755.8244916223624,777.621826171875,5159287,0.0,0.0
2020-05-28,781.4146297798178,833.5089384318056,781.4146297798178,827.568359375,11481079,0.0,0.0
2020-05-29,816.327070867905,856.8143959689888,814.316401928927,852.0162353515625,10166556,0.0,0.0
2020-06-01,863.3489749202901,890.3100653791043,844.4761892862474,848.26904296875,7617144,0.0,0.0
2020-06-02,854.5295041339867,870.9803395076891,834.4686131746184,864.0801391601562,7325471,0.0,0.0
2020-06-03,873.6765082336641,889.1219821659997,872.8082584954774,878.5660400390625,4651554,0.0,0.0
2020-06-04,878.3375238902483,884.6893854900279,848.6803117429525,850.599609375,5355931,0.0,0.0
2020-06-05,859.099169014574,877.2865035225431,855.9917667286694,873.0366821289062,6071040,0.0,0.0
2020-06-08,895.1996426457698,909.3656400536406,867.3246154883467,878.6116943359375,9858804,0.0,0.0
2020-06-09,881.4906649438784,886.7457933248295,867.9644326154333,871.2545776367188,5117749,0.0,0.0
2020-06-10,874.6360225750446,876.9208606695457,855.1692131663307,865.0853881835938,5175923,0.0,0.0
2020-06-11,862.7549056567509,870.0663879080794,848.3147393668139,850.37109375,3602957,0.0,0.0
2020-06-12,813.4024107568399,849.8684512598232,813.4024107568399,846.669677734375,5411314,0.0,0.0
2020-06-15,842.4655900435657,849.457217747176,817.1495698252494,822.450439453125,4982324,0.0,0.0
2020-06-16,840.8205203600886,845.1160276531482,814.4535078768888,818.017822265625,4661460,0.0,0.0
2020-06-17,815.8701363302463,822.3133696932163,805.2684523041765,808.6500244140625,4681085,0.0,0.0
2020-06-18,800.6073164313184,822.541763456834,798.7794458458588,819.4801025390625,5869802,0.0,0.0
2020-06-19,824.3697942166642,837.0735195668053,818.0636171586701,820.8968505859375,5409996,0.0,0.0
2020-06-22,827.1114942020806,837.1647830818849,818.8860760276953,829.3506469726562,6839642,0.0,0.0
2020-06-23,831.6811968946503,886.517319766825,830.7672615134474,884.3238525390625,14580218,0.0,0.0
2020-06-24,894.7427082133693,904.7046258475165,870.066453747832,873.3109130859375,11985132,0.0,0.0
2020-06-25,868.1471778130599,881.7647805338247,855.6719384535733,861.932373046875,7508087,0.0,0.0
2020-06-26,872.8082045407187,892.0922169040854,859.5561427963833,879.3885498046875,6554103,0.0,0.0
2020-06-29,868.238577217425,873.8135605056307,849.9598703286371,855.9918212890625,4575801,0.0,0.0
2020-06-30,867.0504820129191,870.2035701425355,851.2394115357346,862.4351196289062,3656480,0.0,0.0
2020-07-01,860.0130965083836,860.0130965083836,838.0786498386692,844.7503662109375,6426017,0.0,0.0
2020-07-02,855.4435072060455,868.8783683153986,846.3041534965791,860.287353515625,6542705,0.0,0.0
2020-07-03,866.4107170559472,873.1738609998495,860.5615084675891,862.9834594726562,3928063,0.0,0.0
2020-07-06,871.071770866241,876.9209794936123,865.1769324094129,869.3353271484375,3900219,0.0,0.0
2020-07-07,872.8082899664178,879.1144664162234,859.0992592339609,862.389404296875,4051767,0.0,0.0
2020-07-08,863.6231488206234,881.3992010666079,857.271287506225,860.2415771484375,5227021,0.0,0.0
2020-07-09,863.668854553667,870.0664016244349,859.0991780745471,863.6231689453125,3777760,0.0,0.0
2020-07-10,859.0991744162947,870.0663979194813,850.4624747510984,851.9248046875,4537688,0.0,0.0
2020-07-13,859.0991536028923,863.4860317414494,845.3901245560377,848.26904296875,3821300,0.0,0.0
2020-07-14,848.1319434424951,854.4838048219115,827.8882545916356,834.33154296875,3646237,0.0,0.0
2020-07-15,839.0383943820907,845.3902566561071,831.0414595218302,833.69189453125,3229770,0.0,0.0
2020-07-16,834.4229865091204,844.4762755032062,821.1252381324717,841.87158203125,3134451,0.0,0.0
2020-07-17,842.7397342626577,849.9141599769724,838.9926217724087,845.892822265625,2040517,0.0,0.0
2020-07-20,849.0459709694064,851.6964058934889,836.2508756049589,840.4549560546875,3035845,0.0,0.0
2020-07-21,847.2180424621988,861.201241715332,841.3688340956483,857.3170166015625,4756570,0.0,0.0
2020-07-22,858.3681340109453,860.0132065652591,831.6812093245333,841.6431274414062,4977432,0.0,0.0
2020-07-23,833.5089640871147,857.225595438793,832.9148838502764,837.6673583984375,9075059,0.0,0.0
2020-07-24,835.7025250916485,835.7938963158225,820.7596483147755,826.5631713867188,6059379,0.0,0.0
2020-07-27,829.8532488727776,836.2507959455853,819.1601947517908,826.0147094726562,3615970,0.0,0.0
2020-07-28,830.5844365378703,838.0787175788734,821.6278812468998,834.8799438476562,3793721,0.0,0.0
2020-07-29,840.4548797081418,859.8760048364004,838.307154065655,842.6026611328125,7245021,0.0,0.0
2020-07-30,849.0459457468862,852.4275177206148,826.3803600739127,830.081787109375,3364408,0.0,0.0
2020-07-31,835.2455105657198,843.4709284388739,828.9850201596191,834.834228515625,2943858,0.0,0.0
2020-08-03,834.422868730902,840.5919315610593,825.7861696122458,837.0733032226562,3583167,0.0,0.0
2020-08-04,838.9925555930062,849.9597785419344,837.7130239360923,844.7046508789062,3860346,0.0,0.0
2020-08-05,851.803454724512,861.5296476252363,848.8993996967343,853.462890625,3007723,8.0,0.0
2020-08-06,853.7394781437152,860.7921512576298,848.3923817484005,850.14404296875,2188023,0.0,0.0
2020-08-07,850.5127304687632,854.4769539874577,842.7225369293434,844.1515502929688,2461109,0.0,0.0
2020-08-10,852.7715400129147,894.25772304057,852.7715400129147,885.0846557617188,11861641,0.0,0.0
2020-08-11,893.8888624189271,903.2002387317856,882.3649236177898,886.7901611328125,5427516,0.0,0.0
2020-08-12,877.6632373445315,881.350898005643,871.2098311875864,875.5889282226562,3672458,0.0,0.0
2020-08-13,882.2727582055998,916.060969415733,877.2483096140097,913.34130859375,8816193,0.0,0.0
2020-08-14,921.8690332815888,937.587674785953,897.39219815828,906.0581665039062,13443785,0.0,0.0
2020-08-17,923.75889722498,928.368472560434,910.5755230194276,922.652587890625,4735094,0.0,0.0
2020-08-18,927.4005058935008,929.2904205942359,917.6743128445008,926.1098022460938,4362050,0.0,0.0
2020-08-19,937.8182580193399,944.9169602015387,926.8935851645101,930.3046264648438,4914223,0.0,0.0
2020-08-20,909.0082761403935,926.5246628002997,904.3987007035761,917.9969482421875,4791040,0.0,0.0
2020-08-21,931.1342433280039,931.1342433280039,914.5397716647326,916.5219116210938,2806380,0.0,0.0
2020-08-24,918.2274183461211,923.2057822785816,912.6959278741565,913.9404907226562,2026255,0.0,0.0
2020-08-25,915.4616887363992,921.8229253954324,901.4485680477156,903.8455810546875,2914757,0.0,0.0
2020-08-26,909.9302296268594,910.8521447531277,889.6480968489558,893.2896728515625,4482066,0.0,0.0
2020-08-27,899.0976403305007,903.4767367586677,889.924574453442,899.4202880859375,4466609,0.0,0.0
2020-08-28,910.8521123442263,926.2481056589517,901.8173556821076,905.1823120117188,7821191,0.0,0.0
2020-08-31,910.9442996080768,917.6743249406832,866.9689937835459,871.1636962890625,8489726,0.0,0.0
2020-09-01,889.6020764491316,890.5700761476184,869.6425900194945,880.6134033203125,5099949,0.0,0.0
2020-09-02,881.7657202296842,884.8541133475534,873.9755262785238,880.9359741210938,2107714,0.0,0.0
2020-09-03,885.0384690072991,895.1795347980077,878.8616267718396,886.0986938476562,3278899,0.0,0.0
2020-09-04,873.9755626243369,881.489193608179,866.600241420756,868.905029296875,3130721,0.0,0.0
2020-09-07,873.1918852968145,876.5107570572327,844.7046869878405,859.3631591796875,3470806,0.0,0.0
2020-09-08,862.9126423601556,862.9126423601556,841.6625078806684,845.1196899414062,3738931,0.0,0.0
2020-09-09,836.6840657644002,855.537241444475,830.6455329110689,838.4818115234375,5656245,0.0,0.0
2020-09-10,846.0414956616987,850.9276344213225,840.7865683556296,849.0377197265625,2948599,0.0,0.0
2020-09-11,848.1619104176377,849.5908675998207,840.7865894574843,845.7649536132812,2632298,0.0,0.0
2020-09-14,850.3745288779885,851.2503032262746,830.645522809666,831.6596069335938,5006356,0.0,0.0
2020-09-15,838.9427519822256,843.7367218188277,829.7236008615417,838.8966674804688,4488829,0.0,0.0
2020-09-16,843.5523385079466,851.8495746244183,840.187325797462,849.8213500976562,3596197,0.0,0.0
2020-09-17,843.5523501902744,846.2720110977402,834.3792833250689,835.5316772460938,4512652,0.0,0.0
2020-09-18,840.0490662525052,842.7225863315009,826.957860331208,830.3689575195312,7496145,0.0,0.0
2020-09-21,830.6455421875206,833.226893328929,806.0303966646317,812.9908447265625,4597697,0.0,0.0
2020-09-22,818.6145420712916,818.6145420712916,785.4716822529006,789.6203002929688,5089087,0.0,0.0
2020-09-23,798.5629050267147,805.4772685724275,787.8225711446802,793.400146484375,3709291,0.0,0.0
2020-09-24,789.1593321762459,792.7548236039008,777.174435776373,784.273193359375,11609426,0.0,0.0
2020-09-25,792.9391410803909,825.4827885543962,785.4716514091931,819.81298828125,4961967,0.0,0.0
2020-09-28,827.8797475225953,845.8570917059924,823.2701720909549,832.3510131835938,3853608,0.0,0.0
2020-09-29,838.8966382887292,841.5701582591552,822.7170398887897,825.5288696289062,3362381,0.0,0.0
2020-09-30,827.6954031482028,833.8722458528114,815.0651544502613,831.1986694335938,3582787,0.0,0.0
2020-10-01,838.8967085575305,842.2616651198074,830.3689933533335,832.3049926757812,2506154,0.0,0.0
2020-10-05,837.0529326225079,837.606059245074,825.1602038141835,826.911865234375,2788003,0.0,0.0
2020-10-06,830.6915607659308,833.9182635039245,818.8910591494,822.9013671875,3497325,0.0,0.0
2020-10-07,825.1139334342176,825.1139334342176,807.643632751793,818.568359375,5073845,0.0,0.0
2020-10-08,820.7810723365037,824.192169751515,810.4095265762078,812.2533569335938,3918217,0.0,0.0
2020-10-09,818.1074921102105,843.5062421675532,816.4479998948191,837.5137939453125,9668150,0.0,0.0
2020-10-12,845.3500574842288,853.4628990651361,831.6135000631464,835.0245971679688,6188905,0.0,0.0
2020-10-13,837.0528293527428,844.1976714038101,819.4442171169604,826.4508056640625,4548652,0.0,0.0
2020-10-14,826.9578884103696,845.3961913849598,817.9231312066674,843.7367553710938,5286914,0.0,0.0
2020-10-15,841.7085517685329,847.2400427987751,816.2637155371131,819.398193359375,4927777,0.0,0.0
2020-10-16,824.1920717234442,832.9502648793422,820.0434539127557,824.2842407226562,2373435,0.0,0.0
2020-10-19,828.8016644095354,835.2550700278521,814.972938084571,832.3971557617188,5800391,0.0,0.0
2020-10-20,847.2399964522026,862.4515959532487,841.7085057245495,845.6727294921875,13188572,0.0,0.0
2020-10-21,852.7254229036025,858.3029982657683,837.698217324225,852.2644653320312,6390783,0.0,0.0
2020-10-22,850.005772493033,865.6783301203449,848.3002519648138,863.1891479492188,6151367,0.0,0.0
2020-10-23,866.6001696339641,874.4364477636329,855.5371887450199,867.7525634765625,5102184,0.0,0.0
2020-10-26,875.6810170613015,884.3470413292177,869.3659212650011,877.4326782226562,6975809,0.0,0.0
2020-10-27,885.038428932286,909.0082197158688,880.5671635438089,905.2744750976562,9638520,0.0,0.0
2020-10-28,912.6499405993724,916.9829531845234,898.129776563621,906.1043090820312,7369181,0.0,0.0
2020-10-29,876.8334933955396,883.9322514398978,853.6934451965038,861.5297241210938,11852038,0.0,0.0
2020-10-30,867.5221288721045,872.8692253201262,852.0339660929529,856.9201049804688,4797473,0.0,0.0
2020-11-02,857.3810085361868,864.7102445404228,848.7611252053698,856.7356567382812,3682174,0.0,0.0
2020-11-03,871.1175597128941,878.4928801675895,859.6857905004246,873.7449951171875,4049112,0.0,0.0
2020-11-04,877.9740417282148,893.3861859286493,873.9800468902754,883.2366943359375,3369408,18.0,0.0
2020-11-05,894.6548557064147,901.9849995650599,887.4186652547138,900.3873901367188,2889134,0.0,0.0
2020-11-06,901.2331605226832,909.221149953802,892.8692427631269,902.8777465820312,3419233,0.0,0.0
2020-11-09,912.5102757208039,915.8934010704558,904.4283332974094,907.6704711914062,3040456,0.0,0.0
2020-11-10,916.2693432505872,974.4407224475804,913.0741246486292,971.4334106445312,12149416,0.0,0.0
2020-11-11,977.3539114005347,998.7805622681224,959.7333480940347,995.6322631835938,10254627,0.0,0.0
2020-11-12,991.3565350343437,1011.0445343918417,989.0540456384367,1008.5541381835938,6743163,0.0,0.0
2020-11-13,1000.8950953523545,1003.8083390661976,975.568401872389,988.1612548828125,5025096,0.0,0.0
2020-11-14,996.1963516923985,1003.479518873185,990.5107365869591,995.3974609375,911852,0.0,0.0
2020-11-17,998.9684353554195,1030.7794016281412,997.1359427202478,1015.7902221679688,7611327,0.0,0.0
2020-11-18,1015.7904056125763,1084.7220364472612,1014.1458194624505,1078.989501953125,13436421,0.0,0.0
2020-11-19,1057.2808583548133,1106.10152106551,1040.975871601871,1065.9266357421875,10841151,0.0,0.0
2020-11-20,1071.3302483170728,1091.0652792071241,1051.1253357391631,1064.0941162109375,7009257,0.0,0.0
2020-11-23,1070.2025975397535,1078.7073874137282,1055.213302595216,1058.0325927734375,4998877,0.0,0.0
2020-11-24,1066.6314366692125,1075.0893070921402,1060.3350679079167,1067.101318359375,4623887,0.0,0.0
2020-11-25,1072.739968740812,1078.660524310631,1045.4397948715155,1048.7760009765625,4651911,0.0,0.0
2020-11-26,1061.93260815227,1066.5843909471155,1035.1963861613372,1051.4542236328125,7360928,0.0,0.0
2020-11-27,1060.9929432180556,1071.1424344430786,1026.2216953003692,1054.79052734375,18995549,0.0,0.0
2020-12-01,1071.3303613640198,1071.3303613640198,1044.2651274005666,1048.72900390625,3551604,0.0,0.0
2020-12-02,1052.582177160565,1063.8593394080397,1037.5928801762936,1046.66162109375,4434968,0.0,0.0
2020-12-03,1066.631525049448,1068.9338996351341,1052.8170481008935,1057.3748779296875,4087608,0.0,0.0
2020-12-04,1061.9326698598575,1092.0050994488092,1060.7579655790391,1080.258056640625,6542918,0.0,0.0
2020-12-07,1085.238827951346,1101.3087592625816,1075.0893372720325,1099.2412109375,5484461,0.0,0.0
2020-12-08,1104.175080859795,1111.2703411872458,1078.8955344281308,1100.8389892578125,4982626,0.0,0.0
2020-12-09,1107.0414272117775,1113.6197718556507,1096.0931592538864,1109.8607177734375,4304573,0.0,0.0
2020-12-10,1110.800337430306,1121.84255736669,1099.5702107010381,1118.6473388671875,4921373,0.0,0.0
2020-12-11,1116.4389416444035,1143.5041739953958,1110.8003611310478,1122.3594970703125,6689415,0.0,0.0
2020-12-14,1125.9305166226645,1187.7669947801862,1125.9305166226645,1174.3753662109375,9723233,0.0,0.0
2020-12-15,1174.7042886471916,1176.583815509027,1142.8462853956366,1171.18017578125,6953407,0.0,0.0
2020-12-16,1180.5779401259194,1201.0177969997412,1171.9321614960677,1191.8551025390625,5729223,0.0,0.0
2020-12-17,1193.499567102873,1206.6562552441644,1178.510386143074,1201.76953125,5345257,0.0,0.0
2020-12-18,1206.6092223170724,1222.6322348482033,1193.4995682223046,1204.3538818359375,10315248,0.0,0.0
2020-12-21,1199.3728979236728,1257.8731626803808,1084.4868358111016,1160.4666748046875,21153346,0.0,0.0
2020-12-22,1160.8427015639347,1191.619951898862,1140.4498823434005,1186.63916015625,7998730,0.0,0.0
2020-12-23,1191.6199899587327,1194.7212550623872,1173.153616224526,1188.61279296875,4057070,0.0,0.0
2020-12-24,1198.1984521770046,1203.8370331284257,1177.9935371010786,1186.16943359375,3277840,0.0,0.0
2020-12-28,1198.1985824734338,1213.234799978983,1190.210591923611,1211.731201171875,3405825,0.0,0.0
2020-12-29,1216.9466662807433,1217.040734402037,1191.33811158244,1207.455078125,3778319,0.0,0.0
2020-12-30,1210.6032544188238,1218.2623496317071,1194.439368645055,1214.221435546875,2866392,0.0,0.0
2020-12-31,1215.1141744246006,1225.4515726602312,1204.7767761889697,1210.0394287109375,3889877,0.0,0.0
2021-01-01,1205.7166016754409,1221.6455475254159,1205.7166016754409,1218.873291015625,2058419,0.0,0.0
2021-01-04,1226.3913791949135,1242.88427466408,1223.5720886680285,1235.4130859375,4014636,0.0,0.0
2021-01-05,1228.2708256356057,1233.9094063194723,1217.0406983271253,1227.613037109375,2833637,0.0,0.0
2021-01-06,1229.2105406321348,1249.8853356580576,1221.692433349981,1234.84912109375,4615963,0.0,0.0
2021-01-07,1249.8851848873674,1265.673254162298,1245.1863684028285,1258.2960205078125,4270598,0.0,0.0
2021-01-08,1268.4927481461655,1299.6458146772477,1265.8613646045696,1290.671142578125,4984995,0.0,0.0
2021-01-11,1298.7532195818865,1301.5254761535812,1263.9819684063946,1268.6807861328125,3252470,0.0,0.0
2021-01-12,1272.4397586013988,1284.5156964393634,1263.0891578131886,1268.4927978515625,2836161,0.0,0.0
2021-01-13,1272.439796636726,1290.2953033842134,1263.3241364472676,1271.0301513671875,4389762,0.0,0.0
2021-01-14,1276.1987674675784,1305.989223000958,1274.5541814270275,1293.6783447265625,5168591,0.0,0.0
2021-01-15,1293.7724093755548,1301.1026108163408,1264.02898534411,1272.580810546875,2587576,0.0,0.0
2021-01-18,1264.169789000925,1272.298766056605,1246.2673635147157,1255.571044921875,3185998,0.0,0.0
2021-01-19,1259.3299590666725,1298.7529868396464,1256.4636348803238,1287.3348388671875,3885798,0.0,0.0
2021-01-20,1286.5362190772946,1309.1375769209471,1280.4747904477128,1299.364013671875,3957992,0.0,0.0
2021-01-21,1310.9701033231288,1311.909866838056,1279.0651778782485,1288.69775390625,2985423,0.0,0.0
2021-01-22,1279.9578044120071,1292.1747291237223,1267.2709979806104,1280.0517578125,3282665,0.0,0.0
2021-01-25,1287.4759450741901,1312.28572345556,1261.1625680945715,1279.300048828125,4847989,0.0,0.0
2021-01-27,1286.3484529942887,1308.808711110818,1249.97953308632,1277.9375,8896211,0.0,0.0
2021-01-28,1263.6999218023818,1282.871119982579,1259.283079276882,1264.310791015625,2962948,0.0,0.0
2021-01-29,1279.9577099107341,1286.5360535005839,1245.2804186150854,1254.3021240234375,5130876,0.0,0.0
2021-02-01,1264.6867021796904,1373.9342066406891,1256.6516785453477,1361.5762939453125,11317043,0.0,0.0
2021-02-02,1385.211390424426,1497.0432462320969,1385.211390424426,1428.62841796875,14349665,0.0,0.0
2021-02-03,1437.838074979464,1464.1514515150357,1414.343988786989,1436.4754638671875,6197782,0.0,0.0
2021-02-04,1433.139236116597,1456.633321954574,1419.0427846138107,1437.650146484375,3957579,0.0,0.0
2021-02-05,1441.9731570103756,1453.814154328429,1420.0766212748413,1425.1513671875,3270494,0.0,0.0
2021-02-08,1429.521178810346,1475.4285998823505,1428.440427911575,1458.324951171875,5223019,0.0,0.0
2021-02-09,1463.2118098637834,1479.6576715674546,1451.9346475526945,1472.092529296875,3825206,0.0,0.0
2021-02-10,1466.0310997286601,1469.7901538305284,1436.6164554946495,1459.311767578125,2578777,0.0,0.0
2021-02-11,1456.0695358330481,1465.9370522170295,1434.5959635980182,1438.3079833984375,2720190,0.0,0.0
2021-02-12,1442.536777358141,1450.994647713987,1424.7752266674233,1429.708984375,1867284,0.0,0.0
2021-02-15,1435.0188397044908,1450.994818928444,1429.7091530777914,1445.02734375,1917477,0.0,0.0
2021-02-16,1447.2358575458434,1479.1878180371152,1446.2960940019825,1456.1165771484375,3838556,0.0,0.0
2021-02-17,1450.9948154706967,1472.6093755457134,1440.6574171739494,1455.082763671875,2340184,0.0,0.0
2021-02-18,1449.3029956464093,1457.7608658148695,1423.882465803749,1432.76318359375,2446843,0.0,0.0
2021-02-19,1432.0585324432886,1453.8140795900354,1408.5644458306508,1417.9151611328125,3044240,0.0,0.0
2021-02-22,1419.8885457110443,1420.8752284519037,1359.9315948320534,1364.724365234375,6168108,0.0,0.0
2021-02-23,1373.9340892608845,1407.7655716229856,1372.0545624629901,1396.7703857421875,3733776,0.0,0.0
2021-02-24,1397.1462386488938,1439.7175677062048,1397.1462386488938,1434.642822265625,2380414,0.0,0.0
2021-02-25,1441.5973194040794,1447.7997360356437,1411.5248851009956,1415.706787109375,3168105,0.0,0.0
2021-02-26,1392.7294205954831,1403.5367001750028,1348.7015262954053,1355.6087646484375,5579058,0.0,0.0
2021-03-01,1368.2956235780323,1396.4885279099972,1351.5677877875112,1384.130615234375,2494481,0.0,0.0
2021-03-02,1390.1919495847333,1399.9184771741611,1370.3159320741258,1396.159423828125,2089473,0.0,0.0
2021-03-03,1403.536836708024,1419.04293500443,1392.118686837225,1406.7320556640625,2184001,0.0,0.0
2021-03-04,1384.2716100386767,1404.33553745119,1370.1751577979571,1374.498046875,3530366,0.0,0.0
2021-03-05,1366.040032565582,1388.2184254930899,1352.4134634923287,1375.3907470703125,3306902,0.0,0.0
2021-03-08,1388.9701720472833,1433.139047613063,1381.4520655680017,1423.9293212890625,4150049,0.0,0.0
2021-03-09,1433.139193414953,1439.9995121621196,1401.9390942386406,1417.4451904296875,3779948,0.0,0.0
2021-03-10,1431.2597808821004,1442.302001778597,1416.69344693353,1432.387451171875,2210547,0.0,0.0
2021-03-12,1434.361016339422,1470.7298163914145,1412.6054692749165,1422.8018798828125,4885349,0.0,0.0
2021-03-15,1428.440448609941,1436.0525096360634,1375.1559067098653,1394.3740234375,3181450,0.0,0.0
2021-03-16,1398.6500707802809,1406.8259673892403,1369.235427178439,1373.746337890625,3233903,0.0,0.0
2021-03-17,1387.0909328501637,1403.0198783669393,1345.506397769798,1351.051025390625,5178384,0.0,0.0
2021-03-18,1367.872747636055,1381.170308797425,1334.4641108060991,1342.076171875,3381940,0.0,0.0
2021-03-19,1329.7653239869355,1336.2026808804596,1295.5579103769721,1326.2412109375,9920812,0.0,0.0
2021-03-22,1324.126779874115,1332.0208162674837,1308.3857411495646,1315.7159423828125,2964175,0.0,0.0
2021-03-23,1317.454339413569,1331.1748621727186,1313.8831925903928,1319.7567138671875,2564844,0.0,0.0
2021-03-24,1315.668802915672,1322.2471469302502,1278.1252997479287,1286.6771240234375,4237815,0.0,0.0
2021-03-25,1279.0179344805326,1305.3313085918146,1279.0179344805326,1288.509521484375,3894604,0.0,0.0
2021-03-26,1302.7942485904746,1323.1870716343105,1298.753219459245,1314.0714111328125,3093766,0.0,0.0
2021-03-30,1323.1870463041394,1342.1702236667822,1311.4870362773324,1337.8004150390625,2801282,0.0,0.0
2021-03-31,1337.8472623751081,1345.3653701880812,1325.4424303705912,1333.430419921875,2400871,0.0,0.0
2021-04-01,1345.7412787030228,1360.6365066446647,1334.9339988810364,1357.582275390625,1380763,0.0,0.0
2021-04-05,1352.3194929882181,1352.3194929882181,1298.1891456772323,1319.2398681640625,2548649,0.0,0.0
2021-04-06,1321.2132616038837,1330.9868229796934,1309.3722668311834,1316.6083984375,1824079,0.0,0.0
2021-04-07,1317.548455214849,1331.832814833854,1305.5664703332588,1319.5689697265625,1841308,0.0,0.0
2021-04-08,1325.0664249488439,1348.3726037000781,1325.0664249488439,1333.665283203125,1644834,0.0,0.0
2021-04-09,1328.8256547097571,1331.6449453491696,1312.943627830954,1319.52197265625,2015002,0.0,0.0
2021-04-12,1309.983315856765,1309.983315856765,1251.7650115445672,1264.1229248046875,3755497,0.0,0.0
2021-04-13,1266.0961858913124,1298.752962628906,1266.0961858913124,1290.952880859375,2063654,0.0,0.0
2021-04-15,1295.8868615761505,1307.3050113013326,1276.2928151040228,1291.845947265625,2625838,0.0,0.0
2021-04-16,1278.5480765629584,1309.3723612673834,1273.6613528812074,1277.2794189453125,3752588,0.0,0.0
2021-04-19,1259.2828698396659,1265.109356634132,1227.3309164258235,1231.5128173828125,4157065,0.0,0.0
2021-04-20,1240.4877641816092,1258.766117547246,1238.326262341981,1251.2950439453125,2989204,0.0,0.0
2021-04-22,1231.0900518725757,1258.813072124668,1228.5057025270416,1256.2757568359375,2398100,0.0,0.0
2021-04-23,1249.8854325523473,1263.65299052353,1235.2720645029103,1243.213134765625,2062964,0.0,0.0
2021-04-26,1249.9323387701002,1260.4106087614143,1243.3069610048456,1255.429931640625,1431562,0.0,0.0
2021-04-27,1258.3433244166704,1304.8145835278422,1255.4300805149383,1297.4844970703125,4303909,0.0,0.0
2021-04-28,1301.4313445039836,1315.621749150862,1289.8252892526934,1293.0205078125,3220346,0.0,0.0
2021-04-29,1300.585639919325,1305.8484072525637,1271.96988745165,1276.8096923828125,2221346,0.0,0.0
2021-04-30,1268.6807198929494,1282.7771723362043,1255.6179843520883,1259.7059326171875,1968093,0.0,0.0
2021-05-03,1245.6565879779155,1269.9025335025522,1239.6891123671105,1261.632568359375,1653245,0.0,0.0
2021-05-04,1268.6804313966384,1269.5262412943423,1250.8249290288338,1257.02734375,2029558,0.0,0.0
2021-05-05,1261.350495817496,1265.6264655344808,1244.2468463840005,1258.014404296875,1813150,0.0,0.0
2021-05-06,1263.0419717247664,1274.8360479279784,1255.2889239072595,1259.18896484375,2333882,0.0,0.0
2021-05-07,1265.861218677604,1277.984188704149,1258.3431119594,1261.8201904296875,2362325,0.0,0.0
2021-05-10,1265.8613265498993,1314.5880369261388,1265.8613265498993,1310.969970703125,3929224,0.0,0.0
2021-05-11,1296.8734665666648,1315.5747808033507,1293.2083664350996,1300.256591796875,1975828,0.0,0.0
2021-05-12,1296.8734562771879,1339.1628081123135,1294.0541661548461,1301.854248046875,4283174,0.0,0.0
2021-05-14,1310.0303143144538,1338.1292658073978,1291.2820784433998,1330.2352294921875,4558155,0.0,0.0
2021-05-17,1346.680976995589,1354.199084334015,1285.7842616674511,1303.2169189453125,9620003,0.0,0.0
2021-05-18,1320.3676217141658,1336.3436000551912,1312.8495142595657,1331.9267578125,3312380,0.0,0.0
2021-05-19,1328.82556134776,1348.5605944370832,1315.6688726215446,1318.9110107421875,3215258,0.0,0.0
2021-05-20,1325.8184626537725,1340.9955522173748,1317.2196032250577,1324.8316650390625,1996254,0.0,0.0
2021-05-21,1329.7651456106253,1338.8808042554906,1322.3409921722555,1332.6314697265625,2185322,0.0,0.0
2021-05-24,1334.4640984296511,1370.1751095143882,1325.0664639336676,1356.3135986328125,5035538,0.0,0.0
2021-05-25,1372.0544645875352,1373.8869571978769,1355.2326780029186,1363.549560546875,2892219,0.0,0.0
2021-05-26,1371.0209239680337,1387.6546911924872,1365.2883898505067,1384.1776123046875,3230579,0.0,0.0
2021-05-27,1387.0436860409934,1395.5485903403883,1373.6990922087964,1393.528076171875,3747221,0.0,0.0
2021-05-28,1397.5220792822915,1409.316155417936,1385.1172487322303,1389.064208984375,2315923,0.0,0.0
2021-05-31,1383.6140200396264,1387.0910995377512,1369.7525066804246,1379.291015625,2405318,0.0,0.0
2021-06-01,1377.6462543599662,1402.5970211251627,1374.8739979270438,1385.822265625,2077742,0.0,0.0
2021-06-02,1379.8547373930912,1385.775178374439,1367.4028715193208,1382.4390869140625,2469417,0.0,0.0
2021-06-03,1390.9438273135238,1423.7415939053476,1384.4594367146703,1419.841552734375,3025466,0.0,0.0
2021-06-04,1427.4536575304141,1454.0490092579873,1425.527211273346,1444.933349609375,5677538,0.0,0.0
2021-06-07,1452.3572098678892,1474.9585641121441,1447.9403680508353,1463.96337890625,3131245,0.0,0.0
2021-06-08,1466.970891847273,1487.6456898105273,1452.9214727545896,1455.834716796875,3945382,0.0,0.0
2021-06-09,1456.6334080715687,1461.332225516961,1422.1441339092794,1427.78271484375,3025732,0.0,0.0
2021-06-10,1433.1392393614396,1441.5971102822614,1423.7416050049712,1428.158447265625,1584311,0.0,0.0
2021-06-11,1429.3803472189857,1435.1599159450725,1408.376655001127,1412.887451171875,1909384,0.0,0.0
2021-06-14,1412.8872751209497,1427.9705239757932,1388.9703418468064,1424.4464111328125,2005404,0.0,0.0
2021-06-15,1428.4404556580494,1431.91753456454,1415.1427797885783,1419.794677734375,1831871,0.0,0.0
2021-06-16,1415.1428018129945,1424.6814240002398,1398.368046775961,1401.0933837890625,1504791,0.0,0.0
2021-06-17,1391.7895723046347,1409.5040891572373,1391.0847497663306,1397.945068359375,1675778,0.0,0.0
2021-06-18,1397.9451337973599,1401.140237680134,1372.1485588575604,1387.0908203125,4649835,0.0,0.0
2021-06-21,1372.0545538328354,1380.8883526708178,1360.072570571624,1378.679931640625,1970012,0.0,0.0
2021-06-22,1381.5462172468403,1414.15607761149,1381.0294161825345,1408.893310546875,3862264,0.0,0.0
2021-06-23,1414.343927256739,1416.2234540703694,1387.18474185634,1390.14501953125,1818874,0.0,0.0
2021-06-24,1400.247571295537,1422.0500379281498,1392.7294635301917,1413.4512939453125,2762042,0.0,0.0
2021-06-25,1419.5128949060986,1437.1804961880503,1416.6936041515683,1432.0587158203125,2099002,0.0,0.0
2021-06-28,1434.0789223346,1435.9114150444084,1419.3716024484736,1423.224609375,1173658,0.0,0.0
2021-06-29,1421.8621522492842,1437.6502246780026,1413.3103274825712,1419.888671875,2174022,0.0,0.0
2021-06-30,1424.6814089820252,1431.6356815471493,1405.4162580030468,1410.162109375,2139362,0.0,0.0
2021-07-01,1406.9197309331064,1412.4643578093996,1390.9907875552733,1402.408935546875,2060651,0.0,0.0
2021-07-02,1409.6450047635892,1410.255873875761,1386.6208030191171,1396.159423828125,1814564,0.0,0.0
2021-07-05,1400.2475033444975,1422.8018255460197,1398.3679764943706,1417.1162109375,1605396,0.0,0.0
2021-07-06,1415.283724488075,1427.5006490686492,1409.6451439124253,1414.8138427734375,1072506,0.0,0.0
2021-07-07,1404.9464881308966,1428.1586016131241,1404.9464881308966,1425.1043701171875,1096808,0.0,0.0
2021-07-08,1412.4643581030791,1432.1993890546191,1406.8257778312106,1410.3028564453125,1456033,0.0,0.0
2021-07-09,1407.6716131534943,1412.323396074634,1396.018524105102,1409.2691650390625,1248405,0.0,0.0
2021-07-12,1413.7802574355742,1424.6814912856073,1401.7512385351906,1410.35009765625,865284,0.0,0.0
2021-07-13,1423.7415950644752,1423.7415950644752,1410.9138013140155,1422.4259033203125,995833,0.0,0.0
2021-07-14,1422.3789279315713,1456.5393042893245,1417.1631952187822,1451.6524658203125,4010254,0.0,0.0
2021-07-15,1456.6332683419305,1527.1155232617014,1456.5862342850992,1512.408203125,9066480,0.0,0.0
2021-07-16,1512.4085088909821,1525.0483979923476,1499.0168777488188,1521.2423095703125,4157388,0.0,0.0
2021-07-19,1503.6214825248564,1540.648184475474,1501.366027357626,1512.6431884765625,3027093,0.0,0.0
2021-07-20,1512.8781210934644,1524.9071387750344,1486.7057327492544,1494.552734375,1847026,0.0,0.0
2021-07-22,1513.0192463211094,1547.9314835507837,1495.6806555032636,1543.232666015625,3231269,0.0,0.0
2021-07-23,1544.971066666182,1546.8035594532614,1510.0588325751426,1514.6636962890625,2259058,0.0,0.0
2021-07-26,1514.663764841503,1529.2771326103734,1496.855293065139,1501.3660888671875,2219416,0.0,0.0
2021-07-27,1513.1600851501553,1521.4769684269586,1488.82018976554,1511.37451171875,3984778,0.0,0.0
2021-07-28,1513.465339044031,1521.8764768886033,1475.972083019454,1515.1285400390625,4119892,18.0,0.0
2021-07-29,1514.9385542714208,1527.626379060454,1507.3353494821038,1516.83935546875,1672177,0.0,0.0
2021-07-30,1518.7402072005366,1544.3060073584293,1506.38499900679,1522.01904296875,2536568,0.0,0.0
2021-08-02,1526.6285758566191,1537.7482168029928,1522.589373185783,1533.8990478515625,1083353,0.0,0.0
2021-08-03,1544.4008874717624,1557.4213285475553,1530.430045849833,1553.287109375,1777140,0.0,0.0
2021-08-04,1558.6569618057983,1562.7437307338848,1533.5663631199316,1542.690185546875,2067087,0.0,0.0
2021-08-05,1539.6490189782053,1551.8616438577008,1529.0045783396986,1546.6820068359375,1831728,0.0,0.0
2021-08-06,1546.3017318012821,1557.7065386738177,1528.5292874978588,1530.4775390625,1192143,0.0,0.0
2021-08-09,1539.6488635833937,1543.4504657156983,1511.1368475911086,1518.21728515625,1223794,0.0,0.0
2021-08-10,1526.3431488078231,1530.0497338293596,1494.0295329551045,1509.66357421875,1429931,0.0,0.0
2021-08-11,1511.32695830923,1518.6451123962663,1485.2385087530881,1504.769287109375,1370930,0.0,0.0
2021-08-12,1511.1368822213376,1546.3017027510166,1503.5336777824882,1542.927734375,1645811,0.0,0.0
2021-08-13,1545.3513085353443,1593.6317033263667,1544.4009079765895,1585.6483154296875,5439442,0.0,0.0
2021-08-16,1590.970567572785,1593.8693357419647,1571.3447724339362,1573.9583740234375,1794407,0.0,0.0
2021-08-17,1575.7640823143115,1582.4168860394022,1544.448431186054,1557.4688720703125,1838525,0.0,0.0
2021-08-18,1565.309763748694,1578.7103887962264,1546.3967689009894,1551.861572265625,1570228,0.0,0.0
2021-08-20,1538.6034068166837,1542.5000256994167,1511.1368089107038,1514.5582275390625,2416059,0.0,0.0
2021-08-23,1520.7359309770366,1538.698524978254,1490.1330789865883,1502.345703125,1973841,0.0,0.0
2021-08-24,1511.1368236512021,1533.3286525438227,1504.293986327736,1526.1531982421875,1580003,0.0,0.0
2021-08-25,1534.8494151991692,1545.3513883219048,1511.136966440239,1514.74853515625,1795313,0.0,0.0
2021-08-26,1514.7483279745013,1523.444399534115,1506.3847573633088,1516.6015625,2051262,0.0,0.0
2021-08-27,1524.442559102309,1584.0326301871237,1518.7877219508207,1556.8511962890625,4903187,0.0,0.0
2021-08-30,1565.0246185474373,1601.3774414262127,1563.5040007935563,1577.760009765625,3345934,0.0,0.0
2021-08-31,1577.7126128489012,1592.871456496992,1563.40903695558,1589.2598876953125,3264644,0.0,0.0
2021-09-01,1589.3074233718175,1632.7882513695813,1589.2598569349389,1602.755615234375,3530101,0.0,0.0
2021-09-02,1604.1811803011642,1625.1850101532214,1598.5737936127007,1602.5654296875,2400278,0.0,0.0
2021-09-03,1612.8297421159104,1619.767712574896,1589.16474508915,1607.6025390625,2336258,0.0,0.0
2021-09-06,1615.6810712329504,1630.8874813151428,1606.3670986513268,1610.168701171875,1850835,0.0,0.0
2021-09-07,1610.1687041880289,1620.4330774190166,1596.1502948672485,1598.2886962890625,1734879,0.0,0.0
2021-09-08,1598.5737793078977,1610.643820295918,1575.76416533442,1583.89013671875,1644392,0.0,0.0
2021-09-09,1573.1030111514378,1597.2432093557652,1573.1030111514378,1587.216552734375,1225239,0.0,0.0
2021-09-13,1579.6132734446508,1592.5386976635045,1578.1401061924853,1588.7845458984375,1578773,0.0,0.0
2021-09-14,1592.871482108994,1614.54066323609,1592.301264924745,1612.30712890625,1407269,0.0,0.0
2021-09-15,1615.6810798267327,1639.0609122493202,1612.829877921156,1631.837890625,2757989,0.0,0.0
2021-09-16,1624.8048847148882,1642.7674797240945,1624.4722676993974,1635.8770751953125,2128381,0.0,0.0
2021-09-17,1638.4905633429144,1655.3126068271065,1621.4783701375493,1631.077392578125,3473932,0.0,0.0
2021-09-20,1615.8709999848822,1648.9449861714284,1615.6333998427826,1619.815185546875,1820374,0.0,0.0
2021-09-21,1614.350453576156,1644.9058564027825,1608.4580161981244,1635.54443359375,2029747,0.0,0.0
2021-09-22,1635.5444112473126,1644.1930334803994,1621.3834191430992,1626.0404052734375,1487933,0.0,0.0
2021-09-23,1633.0733320519203,1686.9609975097574,1629.984530225494,1681.923828125,3702946,0.0,0.0
2021-09-24,1691.7130024293285,1720.225019324205,1663.2009855344522,1681.02099609375,3612494,0.0,0.0
2021-09-27,1684.109897807162,1694.3267044671097,1650.845876123612,1653.31689453125,1650711,0.0,0.0
2021-09-28,1658.7340686664077,1671.8020757746851,1633.738488663936,1650.98828125,1442615,0.0,0.0
2021-09-29,1646.093933566513,1655.5979401113543,1631.4577402843165,1635.6395263671875,1698747,0.0,0.0
2021-09-30,1634.6414289790216,1648.2322036611274,1612.8297821034646,1618.484619140625,1792078,0.0,0.0
2021-10-01,1613.304958346537,1627.5609668149893,1603.800952700902,1612.7347412109375,1563937,0.0,0.0
2021-10-04,1612.3545500468,1638.4429990126325,1600.5221094810274,1630.174560546875,1588493,0.0,0.0
2021-10-05,1629.4617774567193,1653.696991994571,1621.383372610769,1631.5526123046875,1705242,0.0,0.0
2021-10-06,1631.5526424100342,1649.800403302305,1606.176993126096,1610.9765625,1845661,0.0,0.0
2021-10-07,1625.1849927183378,1643.527770328981,1615.6809869129672,1627.513427734375,1378863,0.0,0.0
2021-10-08,1653.6970508805368,1654.6474514844913,1634.6890388014504,1641.246826171875,1755402,0.0,0.0
2021-10-11,1647.7570246063858,1660.2072491450451,1629.937013525567,1631.7427978515625,1528151,0.0,0.0
2021-10-12,1625.660233239416,1639.9638087367525,1615.681026896818,1632.978271484375,1671988,0.0,0.0
2021-10-13,1641.3420733273258,1676.4118837370572,1638.5384375585593,1665.149658203125,2105025,0.0,0.0
2021-10-14,1686.9609834829519,1727.7331904559037,1679.7854128934093,1700.5517578125,4440909,0.0,0.0
2021-10-18,1717.5164572073584,1720.7002759951517,1693.6138590573655,1699.743896484375,1918546,0.0,0.0
2021-10-19,1720.03503906176,1791.5051172259816,1712.6694344683906,1754.487060546875,6639827,0.0,0.0
2021-10-20,1762.9931412387405,1775.9661328396749,1707.204671531428,1717.0887451171875,3295376,0.0,0.0
2021-10-21,1724.9769960921276,1735.906602403455,1702.2149493543789,1716.185791015625,2774633,0.0,0.0
2021-10-22,1725.927359224613,1740.6585674118273,1692.9959577190891,1703.3553466796875,1520637,0.0,0.0
2021-10-25,1703.3555707206956,1722.886350550501,1673.0377666800653,1695.6573486328125,2488386,0.0,0.0
2021-10-26,1696.4648549631393,1722.0306510505943,1693.1860197169628,1707.1568603515625,1930107,0.0,0.0
2021-10-27,1711.671396208532,1724.0266033993767,1687.0559986790188,1696.037353515625,1408879,0.0,0.0
2021-10-28,1710.2934398640773,1769.6459107101332,1702.1674683575986,1724.2642822265625,6379424,0.0,0.0
2021-10-29,1731.6297934613042,1734.3859782456927,1649.705312866283,1679.025146484375,3984689,0.0,0.0
2021-11-01,1687.9115287179534,1715.4731471485957,1664.3415465502956,1706.3017578125,2316925,0.0,0.0
2021-11-02,1710.7210562461994,1733.958304187265,1706.3492367500428,1725.5948486328125,1687119,0.0,0.0
2021-11-03,1727.8282202271187,1820.0170746616789,1727.8282202271187,1795.7818603515625,11580233,0.0,0.0
2021-11-04,1805.761172795857,1825.5770024626083,1805.761172795857,1814.2672119140625,764191,0.0,0.0
2021-11-08,1848.101394361745,1856.987616101336,1817.3558444478797,1829.0933837890625,3674523,0.0,0.0
2021-11-09,1837.5995854093692,1866.681820966781,1834.5583498537615,1847.1986083984375,3550645,0.0,0.0
2021-11-10,1836.8391463979613,1857.0827250682898,1836.1739124011956,1853.4237060546875,3208195,0.0,0.0
2021-11-11,1851.2377868495848,1883.456390416093,1830.138939920561,1835.8887939453125,7061537,0.0,0.0
2021-11-12,1843.7772247104026,1867.5372404927532,1832.4674339948633,1862.7376708984375,2026320,0.0,0.0
2021-11-15,1863.9731812085015,1876.5659891886226,1846.6283702170138,1850.4775390625,1127678,0.0,0.0
2021-11-16,1853.2811897350814,1881.7456416019122,1847.578786074358,1858.318359375,2279531,0.0,0.0
2021-11-17,1852.3306461488032,1880.74764540112,1847.1510096297275,1856.0372314453125,2166686,0.0,0.0
2021-11-18,1856.0373280836868,1857.0827455254184,1799.1083097643896,1802.909912109375,1883794,0.0,0.0
2021-11-22,1804.097993882932,1805.7611949835748,1746.6937726918927,1772.02197265625,2407464,0.0,0.0
2021-11-23,1758.2410485382786,1801.5792911801914,1753.0138454210025,1792.7880859375,2028470,0.0,0.0
2021-11-24,1800.058712248322,1808.0421003843473,1754.3919176247616,1770.12109375,1361828,0.0,0.0
2021-11-25,1762.9930156830555,1774.255238968243,1747.0262400781398,1758.14599609375,1930012,0.0,0.0
2021-11-26,1729.7290755121046,1750.4002883650653,1680.8784619346125,1689.954833984375,2796595,0.0,0.0
2021-11-29,1689.8121426132143,1701.2645154078418,1649.087503099268,1679.5953369140625,2111420,0.0,0.0
2021-11-30,1679.5954839552678,1709.6756865711586,1664.4366405785024,1677.219482421875,3385628,0.0,0.0
2021-12-01,1676.50659289045,1705.0186097763421,1674.6533581991446,1697.4154052734375,1359786,0.0,0.0
2021-12-02,1697.3679850140666,1705.0187566102659,1675.5563366242468,1700.456787109375,2813690,0.0,0.0
2021-12-03,1710.6733684653957,1753.2989245724793,1707.4420995120288,1711.908935546875,3612772,0.0,0.0
2021-12-06,1709.7707163962207,1730.679530048648,1689.812303364358,1694.231689453125,1566109,0.0,0.0
2021-12-07,1701.4070953147013,1720.2250734638444,1684.2048677832024,1708.915283203125,2097201,0.0,0.0
2021-12-08,1712.6217854417253,1749.6874067692652,1712.6217854417253,1734.528564453125,3433206,0.0,0.0
2021-12-09,1743.9851166824099,1790.697329795599,1737.284745985879,1786.5631103515625,3791595,0.0,0.0
2021-12-10,1786.563055661637,1797.064912455173,1768.7430447968973,1780.48046875,1771926,0.0,0.0
2021-12-13,1799.7736303095628,1802.1971983273056,1763.0407386974177,1769.1707763671875,1857829,0.0,0.0
2021-12-14,1758.241231540766,1781.050847517511,1754.6296626048322,1773.1624755859375,1685243,0.0,0.0
2021-12-15,1773.4474529765153,1804.5730714572126,1771.2140348535584,1787.513427734375,2176709,0.0,0.0
2021-12-16,1798.157915949259,1813.364325386462,1773.7326671970304,1780.9556884765625,2469902,0.0,0.0
2021-12-17,1773.9225341231502,1781.7157718207118,1740.8485503005963,1755.4847412109375,2352938,0.0,0.0
2021-12-20,1730.679590916723,1738.900579776882,1683.6347585441927,1710.1033935546875,2488158,0.0,0.0
2021-12-21,1727.7332740920076,1760.3319450653976,1722.6010876484258,1736.9046630859375,2077840,0.0,0.0
2021-12-22,1736.904604613526,1786.325434154046,1736.904604613526,1778.199462890625,1692505,0.0,0.0
2021-12-23,1789.6042762334043,1794.2136958022952,1769.7408810848176,1785.2799072265625,1677127,0.0,0.0
2021-12-24,1795.0690376081466,1795.0690376081466,1758.2410163203554,1767.1748046875,1203991,0.0,0.0
2021-12-27,1767.1749186989923,1782.6189286225201,1754.249493596903,1773.6375732421875,1139744,0.0,0.0
2021-12-28,1779.244889764809,1814.3146941166672,1779.244889764809,1805.285888671875,1916098,0.0,0.0
2021-12-29,1801.0090383634558,1814.2670796010682,1796.3046020573847,1800.866455078125,1287946,0.0,0.0
2021-12-30,1798.443024589243,1807.376697033212,1787.6084350111712,1792.1702880859375,1805349,0.0,0.0
2021-12-31,1793.7385305015841,1812.5089421558446,1793.6910800814978,1801.864501953125,1145546,0.0,0.0
2022-01-03,1801.0090292100926,1841.3534858592084,1799.7260116800205,1827.4776611328125,1906676,0.0,0.0
2022-01-04,1827.4777720277043,1846.6283673367811,1819.5895166505584,1841.44873046875,1643920,0.0,0.0
2022-01-05,1844.442373679356,1854.2315461364833,1832.0397156224074,1851.9505615234375,1711667,0.0,0.0
2022-01-06,1848.0539098528027,1856.1323147043065,1824.388912437612,1829.0458984375,1372015,0.0,0.0
2022-01-07,1833.370288065635,1838.9775586836736,1803.0524863140217,1810.4180908203125,1447123,0.0,0.0
2022-01-10,1815.2651737100382,1862.7376379984264,1812.6515720201414,1856.2274169921875,2397846,0.0,0.0
2022-01-11,1852.330783248653,1872.289195997869,1841.5437595611452,1863.878173828125,2232435,0.0,0.0
2022-01-12,1880.3675305821941,1885.5947337250811,1863.070286588373,1876.28076171875,1585970,0.0,0.0
2022-01-13,1877.5639321370008,1928.3627972704487,1877.5639321370008,1918.28857421875,2373324,0.0,0.0
2022-01-14,1914.1068460147558,1948.2737018499008,1907.4540416840193,1943.3316650390625,3124945,0.0,0.0
2022-01-17,1943.3316291279104,1969.1824790719327,1940.7180274748468,1966.7589111328125,1858651,0.0,0.0
2022-01-18,1972.6987641862572,1975.4550649377595,1910.8278289991767,1921.89990234375,1460676,0.0,0.0
2022-01-19,1919.7141502034985,1926.4619711023954,1888.4459479923332,1920.66455078125,2336679,0.0,0.0
2022-01-20,1919.8091730584758,1934.065181769306,1885.689769007416,1904.1275634765625,2031107,0.0,0.0
2022-01-21,1883.8364365258853,1895.859026451286,1846.675798951121,1859.031005859375,2209132,0.0,0.0
2022-01-24,1858.0330623636714,1861.8346645373056,1788.2261888565918,1805.666015625,2307120,0.0,0.0
2022-01-25,1801.008970420981,1835.508555416323,1758.3359642247556,1829.80615234375,2998042,0.0,0.0
2022-01-27,1819.5895499435626,1826.6699881427264,1774.3979541428046,1816.072998046875,2932713,0.0,0.0
2022-01-28,1821.0626011139116,1851.380404034036,1797.492735394767,1803.4327392578125,2233620,0.0,0.0
2022-01-31,1796.4471495250175,1828.5707358860514,1758.6687260575172,1814.5047607421875,3161064,0.0,0.0
2022-02-01,1832.9902049600403,1900.7062500953314,1821.918014376884,1891.7724609375,5392787,0.0,0.0
2022-02-02,1896.144243758674,1908.4044348951545,1872.8594286914772,1884.3592529296875,3579380,0.0,0.0
2022-02-03,1883.218583916213,1886.5449856541422,1834.272958343826,1837.741943359375,2262217,0.0,0.0
2022-02-04,1851.3803301071603,1860.6943021987827,1827.905482184051,1851.332763671875,1440816,0.0,0.0
2022-02-07,1836.6490102491127,1850.9050180906324,1781.5733463609843,1791.02978515625,2641464,0.0,0.0
2022-02-08,1796.2570804980046,1802.8623180649865,1756.3402564869377,1782.5712890625,2040523,0.0,0.0
2022-02-09,1791.0298084411284,1805.6659998851756,1782.5712204753868,1795.1165771484375,1390810,0.0,0.0
2022-02-10,1798.1578209248423,1816.2154311772588,1787.7034149892327,1806.71142578125,1288856,0.0,0.0
2022-02-11,1795.306744543775,1795.306744543775,1758.2411209137024,1778.4371337890625,1744894,0.0,0.0
2022-02-14,1751.8258552148384,1755.3422909267185,1705.969027592912,1709.7706298828125,2290199,0.0,0.0
2022-02-15,1720.2251375889623,1788.6539828411198,1716.5661183723691,1782.9991455078125,2602134,0.0,0.0
2022-02-16,1782.9991428287747,1793.691149883359,1750.78053836782,1768.410400390625,1898439,0.0,0.0
2022-02-17,1776.2987163901626,1791.4101090906822,1762.1377242869623,1776.0135498046875,1459905,0.0,0.0
2022-02-18,1777.2489949829367,1801.959408816924,1772.639575605504,1789.69921875,1912482,0.0,0.0
2022-02-21,1781.9535520697134,1790.459707018133,1757.148119703252,1771.4991455078125,1262585,0.0,0.0
2022-02-22,1723.076256670038,1762.9930811488805,1711.1962493846681,1752.96630859375,2288298,0.0,0.0
2022-02-23,1757.2906094180635,1760.141811055843,1726.0699746875168,1730.01416015625,1583872,0.0,0.0
2022-02-24,1694.8017990810222,1710.7210084653525,1664.1513810126846,1670.1864013671875,3616355,0.0,0.0
2022-02-25,1693.6138603673107,1709.4855038982562,1677.4570502515733,1688.909423828125,2476882,0.0,0.0
2022-02-28,1677.3621303608184,1731.8675844342897,1665.8623056991466,1726.640380859375,2553662,0.0,0.0
2022-03-02,1710.7210774420357,1736.334327167458,1680.7834585868,1695.9898681640625,3152628,0.0,0.0
2022-03-03,1720.2250292967349,1723.5989977217992,1658.9717590520875,1665.386962890625,2259979,0.0,0.0
2022-03-04,1653.697084204305,1667.0502593652234,1618.5322611493857,1626.8482666015625,3906819,0.0,0.0
2022-03-07,1576.0017826583,1584.1277541312027,1525.9157178352152,1553.3822021484375,6318251,0.0,0.0
2022-03-08,1547.1571450067154,1583.367384313998,1515.8889423654423,1576.2393798828125,4421730,0.0,0.0
2022-03-09,1593.3465918418233,1615.4909720327216,1568.2085425998969,1607.079833984375,3306502,0.0,0.0
2022-03-10,1653.697073490964,1670.8042845960429,1622.3338531316524,1642.4822998046875,2776325,0.0,0.0
2022-03-11,1634.6889242580785,1649.372566154004,1621.193283033852,1642.909912109375,1577597,0.0,0.0
2022-03-14,1648.9449760073394,1667.0025866956044,1630.4121650378045,1660.1121826171875,1558334,0.0,0.0
2022-03-15,1661.300076696105,1677.4568852223256,1640.9614827599603,1656.9757080078125,2062332,0.0,0.0
2022-03-16,1673.6554751963433,1682.8268642913881,1659.589499753774,1669.093505859375,2101909,0.0,0.0
2022-03-17,1692.805987599901,1715.0928344171612,1680.7358308289101,1699.22119140625,3383036,0.0,0.0
2022-03-21,1715.472935393717,1715.472935393717,1658.4489043002973,1669.1884765625,2301462,0.0,0.0
2022-03-22,1669.1884960730968,1688.8617406240053,1635.7818942639183,1686.05810546875,3986030,0.0,0.0
2022-03-23,1691.7129436735217,1702.6901162030724,1671.8971158229558,1679.5953369140625,1574226,0.0,0.0
2022-03-24,1667.953074438117,1691.4279231535586,1664.1514719892552,1683.6822509765625,1580887,0.0,0.0
2022-03-25,1687.5312745560605,1689.717242332494,1652.7466359558734,1664.2464599609375,1483897,0.0,0.0
2022-03-28,1665.1018407482848,1667.953042530388,1639.5360415656196,1655.2176513671875,1799629,0.0,0.0
2022-03-29,1661.9654635120169,1667.0976498955524,1647.0442206715884,1660.0172119140625,2071779,0.0,0.0
2022-03-30,1679.262855504228,1688.9094448672274,1667.0976813298494,1685.6304931640625,1712835,0.0,0.0
2022-03-31,1691.6655662252217,1692.9961503192212,1670.8043186641096,1679.9757080078125,1401916,0.0,0.0
2022-04-01,1671.754577636781,1705.0185970894743,1671.754577636781,1701.31201171875,2050573,0.0,0.0
2022-04-04,1695.5145976070917,1739.0904400431261,1688.4816102658967,1735.7640380859375,1955281,0.0,0.0
2022-04-05,1748.7371904461706,1753.4891936810789,1736.3819820354097,1744.983154296875,1718581,0.0,0.0
2022-04-06,1742.084123230399,1765.8441358221937,1737.0469541546638,1760.902099609375,2245496,0.0,0.0
2022-04-07,1758.1459822768663,1763.8008190840008,1720.3675608091216,1735.716552734375,2003954,0.0,0.0
2022-04-08,1744.365308906681,1747.6917110533316,1727.8758814685677,1739.9459228515625,1903321,0.0,0.0
2022-04-11,1729.9665704642057,1738.9953755291199,1690.7625484718153,1693.1385498046875,2262446,0.0,0.0
2022-04-12,1691.7129991860118,1693.1386000280224,1647.614389936676,1661.0150146484375,4215141,0.0,0.0
2022-04-13,1667.1925955992479,1684.9175890300703,1660.4447749087371,1673.46533203125,1673417,0.0,0.0
2022-04-18,1659.6846608418193,1663.1535303167745,1629.937074819303,1652.12890625,1808707,0.0,0.0
2022-04-19,1661.5852169905454,1673.417656641455,1603.325620760548,1621.1456298828125,2737766,0.0,0.0
2022-04-20,1625.1374596436558,1627.4660107231891,1588.452019684991,1607.6976318359375,3832617,0.0,0.0
2022-04-21,1618.4846189031973,1640.2013649365304,1615.6809836026357,1629.4617919921875,1797489,0.0,0.0
2022-04-22,1616.6313441207078,1631.2675358714414,1606.557121440437,1610.3111572265625,1474689,0.0,0.0
2022-04-25,1591.921078947347,1591.921078947347,1570.0618641319506,1575.146484375,1964344,0.0,0.0
2022-04-26,1596.6729776482678,1618.6272078877923,1581.4665683373319,1615.6334228515625,2440990,0.0,0.0
2022-04-27,1591.9210171145185,1607.697643991439,1584.0326456682087,1593.869384765625,1346726,0.0,0.0
2022-04-28,1606.1769793389649,1645.1434030980759,1596.67297354406,1633.9761962890625,3117433,0.0,0.0
2022-04-29,1645.1433607718668,1652.7465652121757,1603.4683196365613,1610.3111572265625,2404830,0.0,0.0
2022-05-02,1585.8384450715157,1602.3278725603122,1572.960586330749,1596.1502685546875,1399802,0.0,0.0
2022-05-04,1596.1979007521525,1598.4788855282645,1544.4486314716498,1552.9071044921875,1777673,0.0,0.0
2022-05-05,1568.8262423499164,1588.3094548776332,1552.0041979395824,1556.423583984375,1707752,0.0,0.0
2022-05-06,1535.8473794889967,1552.004189793027,1532.1407939219912,1541.9774169921875,1439520,0.0,0.0
2022-05-09,1527.8164466580686,1549.0103092595427,1512.3248713263438,1535.9898681640625,1400010,0.0,0.0
2022-05-10,1531.095301315804,1548.7727285189185,1521.5912957210442,1528.196533203125,1176030,0.0,0.0
2022-05-11,1521.116008757853,1529.194413053037,1480.1062037503411,1492.88916015625,2988788,0.0,0.0
2022-05-12,1473.121011858613,1477.8254486837504,1438.051204566709,1450.4539794921875,3407191,0.0,0.0
2022-05-13,1454.1128459494134,1496.7858539781264,1427.5016304679864,1458.3896484375,4328846,0.0,0.0
2022-05-16,1473.1208676462409,1489.7528774422467,1463.0940953343713,1466.373046875,1775914,0.0,0.0
2022-05-17,1468.3688271486328,1528.1490440266246,1468.3688271486328,1524.5374755859375,1608711,0.0,0.0
2022-05-18,1542.4999851730176,1542.4999851730176,1487.3767571138465,1494.5047607421875,2984009,0.0,0.0
2022-05-19,1473.1208528858497,1485.2384599015236,1463.9494643728092,1471.1724853515625,1798843,0.0,0.0
2022-05-20,1491.5586130495353,1533.423686732293,1483.6227918374716,1530.2398681640625,2175224,0.0,0.0
2022-05-23,1548.2024828053593,1577.6648996052159,1525.9630869210391,1562.60107421875,4177811,0.0,0.0
2022-05-24,1563.2190083995781,1571.6774812252338,1530.240036807443,1545.6365966796875,1970395,0.0,0.0
2022-05-25,1552.0040176423092,1558.3716545907216,1493.174203445872,1496.6431884765625,1417130,0.0,0.0
2022-05-26,1496.880858036729,1510.091448812382,1460.433020347354,1486.94921875,3578710,0.0,0.0
2022-05-27,1497.0708791052816,1526.3432620439069,1495.9304448674404,1520.926025390625,1279218,0.0,0.0
2022-05-30,1539.6489378739752,1581.181396767137,1533.566350965655,1578.4727783203125,2119326,0.0,0.0
2022-05-31,1578.140270077523,1591.3508622382533,1563.409060088844,1572.4378662109375,3534742,0.0,0.0
2022-06-01,1571.5349013803761,1578.615339186585,1557.183760029761,1566.2601318359375,1425466,0.0,0.0
2022-06-02,1551.053777968559,1567.6382220191126,1543.1654065885425,1555.9483642578125,1852251,0.0,0.0
2022-06-03,1575.7166457894518,1590.6854554049908,1563.3614378528164,1570.109375,2928263,0.0,0.0
2022-06-06,1570.2044028832029,1579.8509923507577,1553.049625336757,1558.8470458984375,1538005,0.0,0.0
2022-06-07,1549.1529251640493,1557.1363131349046,1507.4303170439155,1510.6141357421875,2157491,0.0,0.0
2022-06-08,1515.888792103683,1528.0539648666515,1492.2237965347895,1505.9571533203125,2122442,0.0,0.0
2022-06-09,1479.013282300665,1520.640872594208,1479.013282300665,1515.98388671875,1361104,0.0,0.0
2022-06-10,1492.1287126768532,1515.4135237982437,1491.2258786518878,1506.479736328125,1337799,0.0,0.0
2022-06-13,1482.7675128374617,1488.2797666840436,1442.9932711037707,1456.061279296875,2460367,0.0,0.0
2022-06-14,1456.0612309754965,1477.2076435316567,1449.550894297337,1468.0362548828125,1983405,0.0,0.0
2022-06-15,1471.1725291541395,1489.2777065817206,1462.7140568176358,1482.95751953125,1461683,0.0,0.0
2022-06-16,1490.6083942022592,1496.881015253514,1441.5201777052491,1451.6419677734375,2329325,0.0,0.0
2022-06-17,1446.5098264986684,1454.0654654541886,1407.9235823195195,1416.0494384765625,4548572,0.0,0.0
2022-06-20,1416.0968039607908,1423.557424993285,1384.1158026010885,1398.799560546875,1837431,0.0,0.0
2022-06-21,1406.5928088277915,1440.0468616585001,1403.6465903367634,1425.885986328125,1458922,0.0,0.0
2022-06-22,1416.0969141285398,1416.9997483050934,1395.18810063134,1405.4049072265625,1906619,0.0,0.0
2022-06-23,1408.0182992321243,1436.7679135093917,1408.0182992321243,1420.1834716796875,1828491,0.0,0.0
2022-06-24,1427.263963468814,1437.0055686797714,1415.1463569868913,1420.7061767578125,1731440,0.0,0.0
2022-06-27,1448.4105921228645,1468.0838391922673,1434.867382846125,1459.6253662109375,2389778,0.0,0.0
2022-06-28,1454.112896195466,1480.2489123035543,1448.5055095364096,1474.5465087890625,2072405,0.0,0.0
2022-06-29,1455.3009287682398,1476.9225425670822,1449.7411084231057,1471.1251220703125,1480197,0.0,0.0
2022-06-30,1472.2181525416881,1489.1827807019747,1465.6127985078508,1480.9617919921875,3308971,0.0,0.0
2022-07-01,1483.5279278904284,1497.8315048474449,1458.484892621026,1494.1724853515625,1294305,0.0,0.0
2022-07-04,1494.1245915580098,1508.7132159196483,1473.310797562131,1503.2484130859375,1269969,0.0,0.0
2022-07-05,1505.4346114144516,1518.0274198748314,1484.1456139084805,1487.281982421875,1445200,0.0,0.0
2022-07-06,1487.899608572238,1511.612055587469,1474.8316011756158,1478.9658203125,2422594,0.0,0.0
2022-07-07,1488.2322490311744,1534.0890757098912,1487.9946488929427,1531.1903076171875,1697912,0.0,0.0
2022-07-08,1540.5993456113788,1617.5817928627803,1537.748143861327,1603.75341796875,6516138,0.0,0.0
2022-07-11,1601.3774826109266,1605.0840682421313,1571.3924125779288,1580.5162353515625,1316037,0.0,0.0
2022-07-12,1572.9128541607615,1589.9250466022543,1567.258017496187,1571.724853515625,781516,0.0,0.0
2022-07-13,1581.4665730763393,1599.7617843333824,1562.838744817762,1565.54736328125,1914814,0.0,0.0
2022-07-14,1569.9193125701895,1584.6505228522892,1553.5249011272074,1564.5020751953125,1170472,0.0,0.0
2022-07-15,1571.8673780937127,1604.1334280043477,1567.4004262254077,1601.2822265625,1345141,0.0,0.0
2022-07-18,1611.9269594281882,1648.5648323894459,1606.1769894796894,1641.9595947265625,3200640,0.0,0.0
2022-07-19,1634.641270014533,1648.8972773091123,1628.98643352729,1644.0028076171875,1351783,0.0,0.0
2022-07-20,1654.0295974910405,1660.2072011538164,1642.2446073004521,1653.6494140625,1509911,0.0,0.0
2022-07-21,1662.2645306557908,1702.740586465624,1650.9061414325038,1699.0828857421875,2827327,22.0,0.0
2022-07-22,1699.419785665869,1712.9439606690337,1686.9545331907111,1701.5855712890625,1495629,0.0,0.0
2022-07-25,1698.9384066928599,1718.6711190652131,1694.1737255839914,1715.7352294921875,1916615,0.0,0.0
2022-07-26,1714.0991047654297,1714.0991047654297,1676.7032275384106,1685.7032470703125,1585897,0.0,0.0
2022-07-27,1688.3502369216471,1751.3986636710017,1684.499951318633,1729.4039306640625,5369460,0.0,0.0
2022-07-28,1737.4414299694222,1748.0297156922277,1720.06696866917,1733.831787109375,1831059,0.0,0.0
2022-07-29,1747.0189681954248,1763.9121437762135,1726.8531437569043,1740.3773193359375,1747781,0.0,0.0
2022-08-01,1740.3290171372007,1749.8103215234285,1723.291551082817,1746.7781982421875,1341943,0.0,0.0
2022-08-02,1741.2915645981739,1743.8424021648882,1709.2378917816336,1725.9385986328125,1749346,0.0,0.0
2022-08-03,1725.9386597190296,1736.4787693283106,1706.6390565516044,1722.810302734375,1264299,0.0,0.0
2022-08-04,1726.6605648280258,1746.8745635315472,1708.5641761309848,1713.4732666015625,1856927,0.0,0.0
2022-08-05,1716.2165246705554,1739.3664124118422,1708.8529479162944,1720.548095703125,1430542,0.0,0.0
2022-08-08,1729.1632036545461,1763.4788959215232,1723.2433663277554,1761.168701171875,2625195,0.0,0.0
2022-08-10,1761.5055408531032,1797.120680203685,1754.045613016157,1785.7142333984375,3422074,0.0,0.0
2022-08-11,1800.0567394204436,1808.4792393849762,1785.7624597652357,1797.2652587890625,1918049,0.0,0.0
2022-08-12,1795.195589509483,1799.0458749561521,1769.2061627444664,1777.33984375,1041383,0.0,0.0
2022-08-16,1790.3828837736014,1794.2331695451574,1773.0565978015986,1779.6983642578125,1426893,0.0,0.0
2022-08-17,1791.7785601947028,1797.4577551916389,1780.8053397785507,1786.2437744140625,1748371,0.0,0.0
2022-08-18,1787.4950462476081,1827.4899339436877,1780.7570466117797,1823.6396484375,2519639,0.0,0.0
2022-08-19,1823.2064846211597,1869.3136786715766,1821.9070367176244,1863.58642578125,4134598,0.0,0.0
2022-08-22,1864.5971207820703,1871.2388872463414,1804.821457606425,1810.260009765625,3175874,0.0,0.0
2022-08-23,1800.0083808107204,1840.3882009625788,1795.8692771056292,1806.7945556640625,1811509,0.0,0.0
2022-08-24,1805.784028095353,1826.960599853401,1782.2972613725115,1822.484619140625,1534933,0.0,0.0
2022-08-25,1828.8855966718663,1846.2118812719157,1802.8961697717925,1807.61279296875,1121363,0.0,0.0
2022-08-26,1819.4524619915087,1840.436566073871,1816.564747714196,1834.0836181640625,1119310,0.0,0.0
2022-08-29,1800.0084323563729,1819.2598594403983,1791.3452901685614,1811.0780029296875,1183546,0.0,0.0
2022-08-30,1823.0139393762122,1855.8375995611182,1818.441725373144,1850.54345703125,1394462,0.0,0.0
2022-09-01,1833.6984347917535,1858.244004391328,1821.2812407881618,1841.350830078125,2014905,0.0,0.0
2022-09-02,1829.366896022137,1885.4848541187675,1829.126253178672,1867.8697509765625,3201140,0.0,0.0
2022-09-05,1875.0407675424317,1898.9125834285649,1869.4097487854242,1894.67724609375,2474746,0.0,0.0
2022-09-06,1899.9234527988926,1910.800438983397,1878.2655965670237,1888.8538818359375,1172733,0.0,0.0
2022-09-07,1868.447321353502,1887.9393922067754,1861.6130879126326,1884.81103515625,1238549,0.0,0.0
2022-09-08,1894.2442625253725,1903.003638677073,1874.65595823249,1900.5009765625,1632797,0.0,0.0
2022-09-09,1903.3405063196258,1913.014395748022,1871.2387741016476,1876.7735595703125,980869,0.0,0.0
2022-09-12,1876.773727257257,1893.3780851468264,1874.9929935345979,1888.468994140625,791708,0.0,0.0
2022-09-13,1895.206726759533,1920.3298151263225,1889.6237660107427,1916.81640625,1761021,0.0,0.0
2022-09-14,1891.1159532541533,1899.1052254947508,1876.4367391810376,1880.768310546875,2322752,0.0,0.0
2022-09-15,1885.7734890815398,1910.4152918903305,1881.6345028195192,1884.2333984375,1566565,0.0,0.0
2022-09-16,1874.1265127182007,1883.6559930628089,1843.3242279688518,1848.1370849609375,3881617,0.0,0.0
2022-09-19,1849.195824281802,1859.6397000831932,1833.6984488183132,1839.18505859375,1755456,0.0,0.0
2022-09-20,1858.7253699595228,1882.597187635893,1852.949941570213,1860.3616943359375,1666658,0.0,0.0
2022-09-21,1849.1957575929116,1873.4526255970197,1820.7999033728038,1824.6983642578125,1618385,0.0,0.0
2022-09-22,1811.559447829971,1834.2761102854768,1802.8963048807311,1817.52734375,1875115,0.0,0.0
2022-09-23,1819.2599739075813,1824.5059411174982,1783.211721425155,1787.3507080078125,1948766,0.0,0.0
2022-09-26,1779.7945790217468,1806.5541118507554,1749.954864608727,1782.15283203125,1529101,0.0,0.0
2022-09-27,1786.5324803704275,1794.233051406507,1763.9120529519444,1772.286376953125,1443698,0.0,0.0
2022-09-28,1761.2169231842097,1786.5325991490026,1757.2704037661103,1766.751708984375,1853503,0.0,0.0
2022-09-29,1775.6071950319597,1787.879979265841,1730.1257005181646,1747.5482177734375,2377718,0.0,0.0
2022-09-30,1755.6820205582321,1812.4737319461367,1748.077800661641,1778.5430908203125,2339518,0.0,0.0
2022-10-03,1782.6822142090027,1782.6822142090027,1746.1045013904595,1751.2061767578125,1850414,0.0,0.0
2022-10-04,1766.6073959456028,1810.5486878101983,1766.6073959456028,1801.5006103515625,1637532,0.0,0.0
2022-10-06,1811.559293584294,1847.1744337875982,1807.805241792317,1841.350830078125,2771898,0.0,0.0
2022-10-07,1833.6985277225285,1856.752065886777,1831.8215604821096,1852.516845703125,1469264,0.0,0.0
2022-10-10,1833.698458110032,1845.2493145390715,1813.0031736746694,1838.1744384765625,1656954,0.0,0.0
2022-10-11,1851.7948326597761,1851.7948326597761,1801.2116606013192,1808.6234130859375,1047963,0.0,0.0
2022-10-12,1809.6342431736427,1844.2868137876062,1788.5058478137416,1839.714599609375,1907748,0.0,0.0
2022-10-13,1829.8482203721273,1840.4365057083153,1798.324007212113,1805.9283447265625,1303645,0.0,0.0
2022-10-14,1828.885587305658,1864.2600848495963,1827.3935546944065,1840.0513916015625,1819114,0.0,0.0
2022-10-17,1831.6770819427377,1842.361600640532,1808.0940833974435,1812.71435546875,2588147,0.0,0.0
2022-10-18,1822.2438214250476,1858.9177668073728,1822.2438214250476,1846.30810546875,1401849,0.0,0.0
2022-10-19,1848.1370996532446,1874.1265276171182,1830.4739378521494,1833.602294921875,1636141,0.0,0.0
2022-10-20,1827.5862283467163,1846.0194943207575,1815.698494951383,1832.88037109375,1374019,0.0,0.0
2022-10-21,1842.0728252977985,1852.949929024577,1797.2170219448064,1806.505859375,2225676,0.0,0.0
2022-10-24,1834.6609873316615,1848.0407525548715,1828.88555924982,1838.2706298828125,269400,0.0,0.0
2022-10-25,1843.3241670475036,1881.4901452336471,1820.7519155011846,1876.1478271484375,2136147,0.0,0.0
2022-10-27,1879.0355318041827,1898.046316199072,1876.9179218088511,1890.538330078125,2245395,0.0,0.0
2022-10-28,1898.1906973035814,1911.6666961688197,1890.2976592544958,1901.1265869140625,2013794,0.0,0.0
2022-10-31,1911.6666785935276,1958.4957977199751,1904.1585751513678,1947.3780517578125,3176507,0.0,0.0
2022-11-01,1955.9449508070709,1979.0466628244772,1915.565130343866,1948.677490234375,4464211,0.0,0.0
2022-11-02,1960.2766780893223,1965.5708208487092,1925.1428215952099,1937.945068359375,1889651,0.0,0.0
2022-11-03,1930.9183160166924,1946.8007448373683,1918.4048872488875,1933.5172119140625,1052241,0.0,0.0
2022-11-04,1934.7685216455666,1953.394254808891,1929.7150217755968,1939.6776123046875,2312753,0.0,0.0
2022-11-07,1945.7418448862418,1955.94507819149,1918.4047937183266,1942.1322021484375,1395070,0.0,0.0
2022-11-09,1949.255178547691,1960.7096837245826,1921.533076393655,1928.51171875,1301233,0.0,0.0
2022-11-10,1920.3298620466296,1926.923452358392,1896.4580453324124,1903.6292724609375,1261210,0.0,0.0
2022-11-11,1928.608106803878,1943.2392631405228,1917.3941260676017,1935.827392578125,1203125,0.0,0.0
2022-11-14,1937.7042654520806,1946.2229982337124,1920.570448754581,1924.9501953125,1175155,0.0,0.0
2022-11-15,1928.0304376971555,1941.5064367624377,1904.062387287912,1921.8218994140625,1450841,0.0,0.0
2022-11-16,1911.6667990983758,1934.6241034724662,1910.752403269555,1928.6080322265625,1195832,0.0,0.0
2022-11-17,1927.0679034629582,1981.9344721429725,1926.2015657203644,1953.5867919921875,3786182,0.0,0.0
2022-11-18,1962.682950145481,1974.1856305869278,1931.7362582552205,1948.677490234375,1248459,0.0,0.0
2022-11-21,1943.431523071226,1956.9075217453205,1931.880667064859,1936.1640625,714687,0.0,0.0
2022-11-22,1945.886300436153,1957.052105404056,1944.0092156669584,1953.8275146484375,1337869,0.0,0.0
2022-11-23,1962.6349778204053,1967.4960105613425,1942.4691532841434,1949.2071533203125,1046988,0.0,0.0
2022-11-24,1954.501164313592,1982.8970196926864,1952.4797879394255,1975.388916015625,1611889,0.0,0.0
2022-11-25,1983.8595675074423,2017.3570977439304,1981.404963545634,1985.5440673828125,2652761,0.0,0.0
2022-11-28,1987.0843037864377,1994.447880773705,1975.1964533531093,1987.180419921875,1105372,0.0,0.0
2022-11-29,1992.5227475049865,1994.4478902561991,1962.2979828106718,1973.80078125,1413764,0.0,0.0
2022-11-30,1976.159005921691,2007.9238608634423,1968.4584350267207,1997.1912841796875,2104550,0.0,0.0
2022-12-01,2007.2017464045746,2031.0253854039815,2001.618786022345,2025.4906005859375,2614357,0.0,0.0
2022-12-02,2017.6458549624408,2020.3408666790833,1991.70436966625,2007.4425048828125,1957264,0.0,0.0
2022-12-05,2017.5014130934114,2018.3196927578626,1991.4158700050236,2007.5389404296875,1767537,0.0,0.0
2022-12-06,2003.110924858565,2021.399780011046,1989.6349263251582,2015.14306640625,1530731,0.0,0.0
2022-12-07,2017.8385274826414,2063.753137505885,2017.8385274826414,2044.501708984375,3438327,0.0,0.0
2022-12-08,2040.6510717150854,2093.5924910284484,2040.6510717150854,2086.565673828125,3743754,0.0,0.0
2022-12-09,2086.8545804602045,2112.218428241348,2057.496155781221,2073.4267578125,2573609,0.0,0.0
2022-12-12,2068.4694732379885,2087.817251310717,2054.6567154123986,2082.715576171875,1536090,0.0,0.0
2022-12-13,2088.7796822048226,2094.2662915123674,2071.934684767687,2091.571044921875,1233124,0.0,0.0
2022-12-14,2095.4695306771364,2127.282558932309,2093.6407392203337,2113.277099609375,1516631,0.0,0.0
2022-12-15,2114.480511275397,2126.320186293795,2092.2452533167266,2096.04736328125,1323412,0.0,0.0
2022-12-16,2080.116773976293,2128.8229803157674,2080.116773976293,2093.5927734375,2822390,0.0,0.0
2022-12-19,2089.742431640625,2105.5766835808754,2074.389465382466,2102.255859375,1592779,0.0,0.0
2022-12-20,2098.309189662704,2098.309189662704,2057.9775441411216,2082.282470703125,1747181,0.0,0.0
2022-12-21,2072.512573530463,2093.544617600419,2062.646216689083,2065.967041015625,1979681,0.0,0.0
2022-12-22,2063.753267251808,2067.940547219602,2018.4160562322347,2030.9776611328125,1993744,0.0,0.0
2022-12-23,2016.105707978815,2025.394427576176,1973.3676337133884,1985.5440673828125,2026125,0.0,0.0
2022-12-26,1975.918261769112,2029.100326785672,1974.2337619722075,2012.7847900390625,1154610,0.0,0.0
2022-12-27,2022.8917486535033,2048.3517123634847,2006.9611467471175,2044.5977783203125,1059351,0.0,0.0
2022-12-28,2049.3145473436657,2056.0525472644763,2034.5389820876308,2041.7103271484375,1153883,0.0,0.0
2022-12-29,2030.6886314700348,2041.18080058425,2015.768774979715,2031.891845703125,1517150,0.0,0.0
2022-12-30,2035.8384828026471,2053.1647677626697,2003.2074067957167,2007.7314453125,1189427,0.0,0.0
2023-01-02,2014.5655752832981,2019.0898488345877,1997.3838169124567,2011.2447509765625,807344,0.0,0.0
2023-01-03,2009.849153943059,2018.319829561768,1990.5495496931912,2010.7635498046875,1260225,0.0,0.0
2023-01-04,2012.6887317958124,2022.7957320480239,1980.9720494334788,1993.0523681640625,1015547,0.0,0.0
2023-01-05,2002.1485169336402,2020.6298408586247,1991.0789458063628,2009.2235107421875,1881403,0.0,0.0
2023-01-06,2011.9667829764528,2042.2877834282162,1994.3037380006733,2008.4534912109375,1877917,0.0,0.0
2023-01-09,2029.1004170884403,2047.678091247347,2022.1217747621163,2042.28759765625,1844365,0.0,0.0
2023-01-10,2052.1055835941916,2052.1055835941916,2018.7044077359974,2027.8006591796875,1425414,0.0,0.0
2023-01-11,2027.271769623491,2059.9028468885067,2018.6086268094741,2045.80126953125,1455621,0.0,0.0
2023-01-12,2038.8223301110575,2083.629835367396,2038.8223301110575,2078.913330078125,2726901,0.0,0.0
2023-01-13,2080.9831268684957,2083.8229006524825,2037.9562299896563,2072.80126953125,2180210,0.0,0.0
2023-01-16,2066.6407661163144,2080.116765522755,2052.4910137401075,2057.20751953125,1009649,0.0,0.0
2023-01-17,2059.8064316719865,2134.7908842536053,2056.437431793555,2130.266845703125,4645453,0.0,0.0
2023-01-18,2137.8709722452018,2189.657357970111,2117.656973858372,2181.66796875,4090049,0.0,0.0
2023-01-19,2175.26716861958,2198.320707669915,2157.1226029249615,2188.021240234375,2176835,0.0,0.0
2023-01-20,2197.0208727356176,2211.651909868338,2154.6677344550894,2165.7373046875,1962410,0.0,0.0
2023-01-23,2170.5983598690746,2188.2134622956164,2143.6463624959774,2149.903076171875,1466706,0.0,0.0
2023-01-24,2160.6838273425064,2167.9994634851055,2117.6569356950736,2124.876220703125,1036962,0.0,0.0
2023-01-25,2118.6193825454775,2122.4696676568733,2074.341103764427,2093.3037109375,2134447,0.0,0.0
2023-01-27,2093.303808767432,2112.844053621524,2047.4855548021733,2079.009765625,1647900,0.0,0.0
2023-01-30,2049.699567721572,2091.908420136582,2005.8064502586335,2033.817138671875,3441304,0.0,0.0
2023-01-31,2040.6032009323956,2052.9241619042923,1995.0735265221222,2044.8865966796875,4516463,0.0,0.0
2023-02-01,2053.1645563873176,2133.0097976907177,2002.4370965329172,2065.244873046875,6868872,0.0,0.0
2023-02-02,2055.6676583883864,2085.8441319884814,2028.9563009657668,2064.619384765625,3488506,0.0,0.0
2023-02-03,2095.4696323132403,2100.186372882479,2051.287701793572,2085.458984375,2045634,0.0,0.0
2023-02-06,2083.2450088525175,2099.945715492456,2062.1166150794484,2075.400146484375,1332484,0.0,0.0
2023-02-07,2081.3199696608517,2090.705040630533,2069.576645807037,2084.255859375,1089248,0.0,0.0
2023-02-08,2079.6835363764235,2093.833287942821,2045.9935397884458,2051.09521484375,1452145,0.0,0.0
2023-02-09,2069.5286587272262,2071.4056260915586,2055.7638397174574,2067.02587890625,1563181,0.0,0.0
2023-02-10,2060.0953954898473,2088.7318964776473,2057.544675117263,2082.8603515625,1454665,0.0,0.0
2023-02-13,2091.667537275684,2127.6676116565873,2079.3465770320886,2120.83349609375,2978938,0.0,0.0
2023-02-14,2132.09576631297,2133.05833776503,2100.47520011168,2109.61962890625,1874906,0.0,0.0
2023-02-15,2104.181223829148,2105.962075041651,2076.507294192786,2093.64111328125,1946344,0.0,0.0
2023-02-16,2104.9511438512955,2119.8710002630323,2090.4162219910077,2096.769287109375,2464602,0.0,0.0
2023-02-17,2088.587534754324,2164.8231449710665,2079.1542877445545,2143.02099609375,3753179,0.0,0.0
2023-02-20,2150.095675146679,2167.7107786522693,2132.095637084714,2142.20263671875,1779752,0.0,0.0
2023-02-21,2155.1974872060105,2177.336630665474,2139.507525492875,2146.0048828125,1882604,0.0,0.0
2023-02-22,2145.5715850680604,2157.1224415152637,2100.3789062189317,2112.603515625,2103097,0.0,0.0
2023-02-23,2121.5073586496783,2125.5501115158772,2072.8975031089303,2078.3359375,2000556,0.0,0.0
2023-02-24,2079.153970755751,2090.9936445342164,2039.4479053420125,2054.17529296875,1479060,0.0,0.0
2023-02-27,2054.1753340595506,2059.806235174666,2004.1698019205721,2034.5869140625,1398112,0.0,0.0
2023-02-28,2035.8384118073711,2058.266371335165,2006.9612712143587,2030.207275390625,2108587,0.0,0.0
2023-03-01,2021.3999299883233,2050.2770718452994,2021.3999299883233,2036.1273193359375,1389077,0.0,0.0
2023-03-02,2050.2287357693062,2068.5657664134965,2028.6672322051895,2042.19140625,1727640,0.0,0.0
2023-03-03,2059.9029200559016,2079.0579980683865,2052.4429912566334,2071.501953125,1821066,0.0,0.0
2023-03-06,2077.469339235931,2103.0738277342703,2059.709947196098,2061.00927734375,1821012,0.0,0.0
2023-03-08,2071.453659449478,2107.646438206772,2060.4804394553666,2089.550048828125,2965342,0.0,0.0
2023-03-09,2093.5444019002866,2116.6942886654606,2090.2235779158927,2111.111328125,1873933,0.0,0.0
2023-03-10,2090.2237219459203,2100.330721292193,2053.1647243429184,2077.084716796875,1900535,0.0,0.0
2023-03-13,2083.052764685979,2097.394985092345,2028.138017219187,2053.983154296875,2334468,0.0,0.0
2023-03-14,2064.0900833528385,2089.7425172581875,2054.512309884596,2063.945556640625,2871343,0.0,0.0
2023-03-15,2083.1969414773384,2129.6410107380625,2079.154188666598,2095.180908203125,3044201,0.0,0.0
2023-03-16,2103.122230521694,2105.1437245326497,2052.202295703525,2092.245361328125,2946792,0.0,0.0
2023-03-17,2104.8548438952967,2145.4753101776796,2104.8548438952967,2113.566162109375,3286473,0.0,0.0
2023-03-20,2109.0902525291035,2122.4699007595373,2071.4536174306236,2096.04736328125,1996773,0.0,0.0
2023-03-21,2101.004557815971,2143.646518040229,2100.330804833309,2125.790771484375,3178680,0.0,0.0
2023-03-22,2136.4272793507166,2162.176064988307,2125.261356811431,2131.0849609375,1956033,0.0,0.0
2023-03-23,2131.1328543715185,2158.0848507231003,2118.1863174103282,2124.057861328125,2455799,0.0,0.0
2023-03-24,2123.4322908295812,2136.2827117040188,2072.464187422415,2085.07373046875,1449544,0.0,0.0
2023-03-27,2093.6408357753894,2108.031230278334,2069.5283767572687,2073.378662109375,1540581,0.0,0.0
2023-03-28,2086.614150927096,2088.587469296307,2043.0096195362742,2053.742431640625,1627243,0.0,0.0
2023-03-29,2057.6407275753922,2078.480540079479,2041.614007234007,2067.073974609375,2372385,0.0,0.0
2023-03-31,2075.7850252742296,2095.469561518221,2070.057772993362,2083.19677734375,1489542,0.0,0.0
2023-04-03,2098.4054938421186,2101.7744934881957,2074.341210655856,2088.924072265625,1231654,0.0,0.0
2023-04-05,2088.7801987165735,2177.818064330068,2083.967341115844,2173.245849609375,2763363,0.0,0.0
2023-04-06,2173.2457445137734,2205.8768234675936,2170.069211650343,2189.128173828125,2389899,0.0,0.0
2023-04-10,2199.3791603346162,2233.0691572280252,2192.7856876585674,2223.2509765625,1955914,0.0,0.0
2023-04-11,2233.165479714317,2242.7911929889474,2201.6894443068277,2215.35791015625,1342440,0.0,0.0
2023-04-12,2217.764092200131,2226.138414818568,2196.539349785949,2202.84423828125,1165839,0.0,0.0
2023-04-13,2208.9089995548616,2209.1014668433522,2158.5182903950295,2174.208251953125,1956668,0.0,0.0
2023-04-17,2174.2081263265636,2188.69487274105,2118.7639202827686,2131.133056640625,4125850,0.0,0.0
2023-04-18,2136.9083907668455,2146.534104238768,2106.106107656693,2133.6357421875,2848601,0.0,0.0
2023-04-19,2125.4538671043265,2151.346942115708,2125.4538671043265,2136.5234375,1970015,0.0,0.0
2023-04-20,2141.7212244831903,2167.1811893422237,2139.074153306863,2149.18115234375,1898996,0.0,0.0
2023-04-21,2156.3041950026736,2159.0476174521755,2119.582190650776,2132.2880859375,1009316,0.0,0.0
2023-04-24,2136.9085501689347,2149.1331601896136,2104.710583204109,2145.475341796875,1239073,0.0,0.0
2023-04-25,2147.5448937701212,2169.635859626007,2135.079641577173,2163.812255859375,1350118,0.0,0.0
2023-04-26,2163.7162046283606,2201.6895991671618,2160.0583863261677,2190.956787109375,1894812,0.0,0.0
2023-04-27,2190.5718375499196,2223.5399076086187,2182.245689039856,2219.3046875,1252989,0.0,0.0
2023-04-28,2225.753977794887,2280.3317311991373,2225.753977794887,2275.90380859375,2884961,0.0,0.0
2023-05-02,2284.374440695244,2325.9095383563103,2284.374440695244,2295.203369140625,1840153,0.0,0.0
2023-05-03,2294.866464296418,2300.545541296837,2260.5988300149047,2268.10693359375,998235,0.0,0.0
2023-05-04,2273.401311447886,2292.5082138450057,2255.160629359921,2268.6845703125,1230912,0.0,0.0
2023-05-05,2268.7807146876644,2316.861107525314,2268.7807146876644,2288.513427734375,2425866,0.0,0.0
2023-05-08,2288.46524287697,2295.7327036774263,2265.941166955207,2276.8662109375,1583576,0.0,0.0
2023-05-09,2279.032272529482,2312.000345747091,2279.032272529482,2285.481689453125,1417301,0.0,0.0
2023-05-10,2297.6579364109916,2299.5349036442017,2262.0427945395186,2275.951904296875,1675409,0.0,0.0
2023-05-11,2213.9143448180644,2227.438520751099,2153.6093372092473,2158.2294921875,9470848,0.0,0.0
2023-05-12,2139.4593270335567,2151.347178373787,2115.1064574908896,2137.967529296875,5367292,0.0,0.0
2023-05-15,2137.774746069045,2175.411382123715,2132.095668762845,2162.753662109375,2662740,0.0,0.0
2023-05-16,2170.2134632218285,2170.5983977613428,2139.8924656477784,2143.8388671875,2528855,0.0,0.0
2023-05-17,2141.0956513590827,2160.010084164496,2127.4751259140494,2136.5234375,1961004,0.0,0.0
2023-05-18,2146.5341134706114,2149.951288768395,2099.368117255338,2106.298583984375,2290757,0.0,0.0
2023-05-19,2109.9565571161743,2116.7427326421284,2087.336128698186,2108.07958984375,1729803,0.0,0.0
2023-05-22,2108.0312503510772,2138.83353346123,2096.865328722539,2133.6357421875,1112099,0.0,0.0
2023-05-23,2142.2990791341613,2145.1867934383486,2111.8817277956055,2115.39501953125,2265389,0.0,0.0
2023-05-24,2117.657072207262,2125.838929077154,2094.555358692274,2103.36279296875,2648479,0.0,0.0
2023-05-25,2108.0313995391816,2124.683932024683,2096.480542555405,2122.18115234375,1689521,0.0,0.0
2023-05-26,2126.3202510550777,2137.6304651564346,2118.619679752026,2135.41650390625,1249128,0.0,0.0
2023-05-29,2141.721196032774,2157.8924412775295,2137.1008066767345,2141.2880859375,1369656,0.0,0.0
2023-05-30,2146.5343030932686,2153.2723031478213,2124.587627343595,2128.052978515625,1716729,0.0,0.0
2023-05-31,2118.715947230931,2140.758737714379,2117.6570247174614,2123.095458984375,2809284,0.0,0.0
2023-06-01,2134.020893496281,2138.833750721126,2119.7266135373734,2125.165283203125,1049488,0.0,0.0
2023-06-02,2137.8711724616855,2153.5611339652273,2129.352321199746,2150.9140625,1399950,0.0,0.0
2023-06-05,2160.9731586315597,2187.7326950797665,2156.1603008172356,2183.401123046875,2344944,0.0,0.0
2023-06-06,2184.074242994709,2195.3362800148884,2178.9725681898954,2192.689208984375,1677680,0.0,0.0
2023-06-07,2192.7375583702224,2231.2404127753184,2192.7375583702224,2228.833984375,2128603,0.0,0.0
2023-06-08,2230.2296751926024,2257.2780245266404,2226.1869224636807,2252.705810546875,2556995,0.0,0.0
2023-06-09,2257.2298676454056,2280.1872888718226,2250.7325108835266,2274.55615234375,2501720,0.0,0.0
2023-06-12,2276.481357012698,2281.2942140042683,2245.7754234075933,2252.368896484375,1172382,0.0,0.0
2023-06-13,2258.048035210332,2269.646831666449,2239.9998228789073,2266.27783203125,1688768,0.0,0.0
2023-06-14,2264.834139094841,2271.6684899938164,2252.4170621125127,2266.90380859375,1013564,0.0,0.0
2023-06-15,2266.855674979593,2280.8129604518663,2261.0802465083075,2272.919921875,2561534,0.0,0.0
2023-06-16,2275.2782214611652,2290.92000722478,2264.2086499976845,2278.214111328125,1794542,0.0,0.0
2023-06-19,2289.957440493079,2329.326518125492,2272.6311546885913,2277.781005859375,3111256,0.0,0.0
2023-06-20,2276.433324470778,2300.2087925023934,2266.326324153457,2292.84521484375,1771306,0.0,0.0
2023-06-21,2292.8451343219544,2321.722277071601,2292.8451343219544,2304.8291015625,1607299,0.0,0.0
2023-06-22,2304.973412878823,2333.2729161277807,2290.9197773861874,2325.81298828125,1741775,0.0,0.0
2023-06-23,2328.4120541464354,2336.1608009606443,2294.0483019734056,2300.112548828125,1212955,0.0,0.0
2023-06-26,2308.3426576136853,2313.877443377737,2279.320987779635,2288.561767578125,793572,0.0,0.0
2023-06-27,2298.090820245858,2307.235247663748,2282.7860304633364,2298.66845703125,1012317,0.0,0.0
2023-06-28,2310.1712508213386,2341.839754383572,2300.5937128445294,2330.818359375,1734938,0.0,0.0
2023-06-30,2329.4226691452036,2390.545949926493,2324.65798795887,2382.8935546875,2690699,0.0,0.0
2023-07-03,2385.444246030269,2399.1127120476467,2356.374638584236,2362.1982421875,1078456,0.0,0.0
2023-07-04,2366.1930162860926,2391.412340475068,2366.1930162860926,2369.70654296875,1441581,0.0,0.0
2023-07-05,2368.8882862006303,2391.9418249190912,2362.4872802004325,2378.321533203125,1191896,0.0,0.0
2023-07-06,2375.7223660882964,2406.3801215924436,2375.192904862369,2395.455078125,1796824,0.0,0.0
2023-07-07,2389.8241066717114,2410.27874860778,2353.102102326423,2357.67431640625,1837661,0.0,0.0
2023-07-10,2358.2998752642875,2371.150297157145,2329.4227339345207,2347.470947265625,1178479,0.0,0.0
2023-07-11,2355.604488585689,2386.214303578904,2355.604488585689,2381.930908203125,1219658,0.0,0.0
2023-07-12,2387.4662238047417,2392.9046589730483,2356.1826489363243,2363.06494140625,1822435,0.0,0.0
2023-07-13,2373.701187367562,2391.8936937075823,2354.6904012967957,2358.4443359375,1141663,0.0,0.0
2023-07-14,2358.5404711289452,2384.33743053691,2357.0002629542596,2379.717041015625,845623,0.0,0.0
2023-07-17,2382.3641357152073,2400.6529917065563,2372.7384220355502,2376.396240234375,878697,0.0,0.0
2023-07-18,2376.5888293749313,2396.754653567328,2375.722609100454,2382.075439453125,720865,0.0,0.0
2023-07-19,2381.979038186707,2409.2677935996885,2374.0857655072496,2400.797119140625,1431080,0.0,0.0
2023-07-20,2400.653019947124,2402.2893442913596,2376.6369110344153,2396.513916015625,1045704,0.0,0.0
2023-07-21,2427.604746971665,2497.8724497983626,2426.738526828327,2489.449951171875,4610417,0.0,0.0
2023-07-24,2538.9262314615617,2539.263225435719,2487.188021314795,2507.739013671875,2155297,0.0,0.0
2023-07-25,2518.086602476432,2519.77110230607,2457.4446086094536,2465.048828125,2068876,0.0,0.0
2023-07-26,2494.022280478714,2573.7714080335286,2488.2468525810405,2547.204345703125,5820099,0.0,0.0
2023-07-27,2569.055068691831,2576.178238546102,2547.397210694087,2560.632568359375,2117794,0.0,0.0
2023-07-28,2560.5842193685376,2568.2847905795434,2526.749928611294,2550.381103515625,1325724,0.0,0.0
2023-07-31,2555.627115920243,2589.3171155651426,2532.6217530209833,2580.990966796875,1284981,0.0,0.0
2023-08-01,2580.9908072911157,2588.354384185887,2555.963951958712,2566.8408203125,1298745,0.0,0.0
2023-08-02,2568.1552978931927,2574.921239486123,2533.7898667279774,2552.724853515625,1479486,30.0,0.0
2023-08-03,2545.764221395254,2572.7795013737314,2517.824141529422,2529.311767578125,1612618,0.0,0.0
2023-08-04,2536.0290487297975,2565.234757544344,2529.7011451533126,2557.34912109375,1101278,0.0,0.0
2023-08-07,2558.4198548326954,2583.7314667907053,2553.649684572805,2566.110595703125,1163125,0.0,0.0
2023-08-08,2569.1775208365666,2579.3507949874465,2558.712142068454,2562.5087890625,767310,0.0,0.0
2023-08-09,2565.2346768985485,2584.7051488294674,2546.0075858667665,2581.395263671875,906865,0.0,0.0
2023-08-10,2570.1996364630936,2591.13039292684,2552.23793670521,2573.509521484375,1040041,0.0,0.0
2023-08-11,2572.0979017858276,2586.5545836667434,2561.5838000782064,2568.641845703125,1320121,0.0,0.0
2023-08-14,2567.181746313659,2593.028845561023,2546.737750609227,2589.475341796875,1364413,0.0,0.0
2023-08-16,2598.3342957853365,2623.645907508985,2581.8331195239016,2619.800537109375,1703875,0.0,0.0
2023-08-17,2619.8008686578014,2619.8008686578014,2572.049486039114,2582.271484375,1629067,0.0,0.0
2023-08-18,2579.837645256952,2603.883631622692,2563.0443624717886,2572.000732421875,1898966,0.0,0.0
2023-08-21,2571.9033973815463,2595.998106290907,2553.9904206772794,2591.76318359375,1376318,0.0,0.0
2023-08-22,2597.3608978556585,2614.5434938821304,2591.5197564062078,2607.875,1497180,0.0,0.0
2023-08-23,2618.3403218566345,2653.8252078600053,2611.4282095534713,2645.647705078125,1990672,0.0,0.0
2023-08-24,2674.756013988986,2693.5450664633477,2609.6273820948204,2616.977294921875,2619182,0.0,0.0
2023-08-25,2606.5608234269394,2611.6718225389873,2561.340697866157,2568.544677734375,1408427,0.0,0.0
2023-08-28,2583.2934841576816,2628.5136058790486,2579.886151705616,2623.98681640625,1551734,0.0,0.0
2023-08-29,2638.2491688156197,2650.0289003965013,2624.911941955098,2646.962158203125,1101830,0.0,0.0
2023-08-30,2650.8559970945485,2665.166746252531,2635.3283434558416,2637.275390625,1920079,0.0,0.0
2023-08-31,2647.9843407457765,2652.4626446280013,2607.4371755987763,2631.142333984375,2439625,0.0,0.0
2023-09-01,2638.2488465189385,2644.0412641632347,2617.123432810925,2630.55810546875,1263430,0.0,0.0
2023-09-04,2660.6401412703453,2669.401854139512,2633.381479010715,2639.320068359375,1548282,0.0,0.0
2023-09-05,2648.4709871564314,2666.4811739832626,2647.9842253503007,2660.59130859375,1066447,0.0,0.0
2023-09-06,2667.454423640077,2670.1803370097814,2640.1957652963097,2658.1572265625,1747425,0.0,0.0
2023-09-07,2660.639877384175,2780.334551006688,2657.7193067174526,2771.037353515625,4100519,0.0,0.0
2023-09-08,2811.5361072495525,2851.158469535917,2796.3977680010184,2824.776123046875,3638510,0.0,0.0
2023-09-11,2828.085879093955,2848.5298734006583,2813.5317497299884,2817.57177734375,1545803,0.0,0.0
2023-09-12,2873.452305786712,2929.332464441182,2854.809186545939,2866.15087890625,7788759,0.0,0.0
2023-09-13,2865.5665408874547,2865.7611980601864,2811.974022458341,2829.78955078125,2458417,0.0,0.0
2023-09-14,2847.459180624869,2854.0304651511588,2829.059679021925,2841.326171875,1910041,0.0,0.0
2023-09-15,2855.344841838461,2857.2431654049287,2823.218561654121,2831.542236328125,1655275,0.0,0.0
2023-09-18,2832.953422935313,2852.4238931960367,2830.0328523962044,2842.542724609375,736631,0.0,0.0
2023-09-20,2849.454803146066,2866.9782276364963,2809.6377836801394,2813.483154296875,1399240,0.0,0.0
2023-09-21,2808.664258597414,2828.183453957495,2770.6968388884243,2822.585693359375,2444711,0.0,0.0
2023-09-22,2831.6881805031353,2858.7034616693154,2825.4090005241683,2841.228759765625,1965569,0.0,0.0
2023-09-25,2840.6932363390206,2846.3884446606567,2794.9863493217053,2825.65234375,1049532,0.0,0.0
2023-09-26,2837.821120294925,2866.0533029668127,2832.9535025928753,2835.43603515625,953456,0.0,0.0
2023-09-27,2844.635904863339,2915.6056788770497,2834.5598407251423,2886.546142578125,2903693,0.0,0.0
2023-09-28,2909.8621559320495,2969.7338597091725,2899.396776816536,2930.30615234375,4081102,0.0,0.0
2023-09-29,2959.5119755312726,2977.3762300595095,2925.682027784657,2943.49755859375,2698016,0.0,0.0
2023-10-03,2959.9984503534783,2995.9700991643276,2915.8005748120545,2991.88134765625,3254492,0.0,0.0
2023-10-04,2982.9736137210602,2982.9736137210602,2910.884147088422,2947.5859375,3100946,0.0,0.0
2023-10-05,2952.2588912485066,3032.4284130436918,2952.2588912485066,3014.07763671875,3413447,0.0,0.0
2023-10-06,3032.4771706054303,3032.4771706054303,2991.7838381960946,3011.789794921875,1898118,0.0,0.0
2023-10-09,2993.5848292012106,3003.320064418125,2974.64984423964,2993.292724609375,1181760,0.0,0.0
2023-10-10,2992.465857050547,3016.9498825172454,2990.810676654193,2994.558837890625,1551789,0.0,0.0
2023-10-11,3008.1879915249915,3027.6584639620464,3002.73616417195,3006.92236328125,2066921,0.0,0.0
2023-10-12,3012.082158796494,3022.839642613244,2985.8457440889174,3000.156494140625,1870280,0.0,0.0
2023-10-13,2986.5269984350853,3016.9496106756837,2982.3895231703636,3007.798583984375,1437808,0.0,0.0
2023-10-16,3016.9008580454692,3030.8222928086698,2993.2929111730336,3019.772705078125,818794,0.0,0.0
2023-10-17,3027.5609651014033,3031.747164139594,2981.90280308275,2985.115478515625,1847182,0.0,0.0
2023-10-18,2987.403152277704,2997.6251502563455,2956.73715834178,2964.963623046875,1350839,0.0,0.0
2023-10-19,2945.492984986287,2988.6198886522316,2927.5312851216245,2973.5302734375,1599104,0.0,0.0
2023-10-20,2959.4628572740226,2975.3313386153,2898.47170216415,2932.59375,1667471,0.0,0.0
2023-10-23,2923.4913099952078,2927.2879568855783,2870.9210366886005,2879.974853515625,1614030,0.0,0.0
2023-10-25,2880.6564023681162,2886.984305921814,2833.2458494318957,2838.892333984375,2108353,0.0,0.0
2023-10-26,2829.0593945387704,2838.9405633547503,2781.405465005045,2788.755615234375,3286109,0.0,0.0
2023-10-27,2788.8041191589405,2833.4889923369483,2781.989454365822,2825.06787109375,2399538,0.0,0.0
2023-10-30,2822.4397834387823,2854.3714074282952,2780.5295418073392,2848.87109375,1693052,0.0,0.0
2023-10-31,2852.3755879383502,2873.4037939754976,2830.9580675095303,2851.49951171875,1556467,0.0,0.0
2023-11-01,2869.4122295934885,2904.1669763018217,2795.035117935411,2818.64306640625,3875595,0.0,0.0
2023-11-02,2857.2918094884953,2860.06644686139,2826.333711001975,2840.83935546875,1451606,0.0,0.0
2023-11-03,2856.3183167735615,2869.9963712450462,2828.0861316384444,2834.170654296875,1136175,0.0,0.0
2023-11-06,2855.3446263502524,2900.1267105003076,2849.7468658314956,2896.670654296875,1235499,0.0,0.0
2023-11-07,2891.3651156664937,2904.60513180553,2877.833232586396,2882.8955078125,1112206,0.0,0.0
2023-11-08,2895.940365407755,2923.2477476602153,2882.603140728298,2917.114501953125,1013438,0.0,0.0
2023-11-09,2923.491353845821,2948.5108626853935,2917.6502122796956,2944.762939453125,1719911,0.0,0.0
2023-11-10,2941.0634894235445,2963.405808281134,2925.681769164546,2952.9404296875,947753,0.0,0.0
2023-11-13,2969.2469064575816,2973.481829083355,2951.38265376938,2967.78662109375,531769,0.0,0.0
2023-11-15,2981.270006708633,2989.7396142523266,2974.1145133815544,2983.801025390625,1160184,0.0,0.0
2023-11-16,2976.9864631335927,3000.4972008221303,2964.3793799724904,2970.366455078125,1597607,0.0,0.0
2023-11-17,2969.246923152792,3032.963994017576,2964.5252387125265,3026.684814453125,1325050,0.0,0.0
2023-11-20,3013.1530216715832,3029.556751901108,2994.753282828709,3007.019775390625,1231164,0.0,0.0
2023-11-21,3006.727711375348,3016.949709422763,2981.36737344619,2993.439208984375,1884782,0.0,0.0
2023-11-22,2993.4391911143334,3006.873626897974,2981.4160793644346,3000.69189453125,1104208,0.0,0.0
2023-11-23,2998.4525925568473,3006.240781108943,2950.798661389042,2965.011962890625,1514688,0.0,0.0
2023-11-24,2969.247046092279,2985.796947660662,2959.1224954975814,2973.384521484375,915121,0.0,0.0
2023-11-28,2973.1411648309427,2978.1547164527706,2954.6442158683403,2969.2470703125,1210508,0.0,0.0
2023-11-29,2969.2468514073266,3008.0903462944216,2968.2733278494884,3002.103271484375,1801107,0.0,0.0
2023-11-30,2994.8505645909777,3041.8230761951563,2977.716454924804,3026.87939453125,3131624,0.0,0.0
2023-12-01,3047.0800190073683,3113.2796210856454,3038.415754394254,3106.1728515625,2112908,0.0,0.0
2023-12-04,3198.0251882123744,3258.9191400164104,3163.951860484084,3225.8193359375,3095974,0.0,0.0
2023-12-05,3231.1734811255383,3236.965898882945,3192.232537981082,3227.668701171875,1659309,0.0,0.0
2023-12-06,3241.8335635023623,3310.9537385800404,3233.0718511685723,3302.484130859375,2057233,0.0,0.0
2023-12-07,3302.484127655013,3319.6180002629158,3248.6969492136564,3266.755859375,2128823,0.0,0.0
2023-12-08,3287.5889267127186,3339.185673267582,3276.8801679937847,3289.00048828125,2428891,0.0,0.0
2023-12-11,3288.513994674936,3314.847855570971,3271.039293603073,3296.15625,1534238,0.0,0.0
2023-12-12,3285.6422387251864,3285.6422387251864,3243.7807227947615,3253.9052734375,1888423,0.0,0.0
2023-12-13,3264.175967950125,3319.7155379010755,3257.6046835275934,3309.78564453125,1509107,0.0,0.0
2023-12-14,3335.243021302496,3348.9210749725253,3310.077579667778,3342.203857421875,2425646,0.0,0.0
2023-12-15,3344.1993317343295,3406.2614581214793,3341.960417707955,3395.650146484375,2632935,0.0,0.0
2023-12-18,3403.438193532833,3413.173428640192,3374.2324882107546,3399.15478515625,1767429,0.0,0.0
2023-12-19,3396.575066877133,3431.6706396778222,3384.0167076919533,3406.310302734375,1311700,0.0,0.0
2023-12-20,3412.2002712292715,3421.546193005729,3322.198060540597,3327.990478515625,1876048,0.0,0.0
2023-12-21,3300.293952382983,3348.8726882593187,3244.754379686792,3333.490966796875,2292802,0.0,0.0
2023-12-22,3333.3446625198667,3403.4383586943495,3318.3524947976507,3385.8662109375,1681707,0.0,0.0
2023-12-26,3385.8662657807404,3415.461525028665,3385.8662657807404,3397.64599609375,1072263,0.0,0.0
2023-12-27,3417.0676795838917,3455.035098245935,3411.3724717139257,3450.16748046875,1389266,0.0,0.0
2023-12-28,3451.1409529107455,3465.6950823136435,3407.8191553354204,3424.904541015625,3371121,0.0,0.0
2023-12-29,3437.5116607267887,3446.273372691258,3402.4648128689114,3432.64404296875,968577,0.0,0.0
2024-01-01,3444.3264109890674,3444.3264109890674,3403.487144521857,3432.108642578125,777080,0.0,0.0
2024-01-02,3431.719361397301,3432.1086757607013,3341.132944262997,3347.071533203125,1511464,0.0,0.0
2024-01-03,3342.1064694655865,3374.0868143241737,3321.273159803781,3349.261962890625,1283859,0.0,0.0
2024-01-04,3349.9436232493176,3387.959769542773,3332.371473727195,3367.126220703125,1651616,0.0,0.0
2024-01-05,3373.2107079551092,3460.876559768114,3368.3918134451965,3428.65283203125,2069018,0.0,0.0
2024-01-08,3446.2735373493792,3465.6952855965674,3397.5973574433146,3408.403564453125,1993855,0.0,0.0
2024-01-09,3434.0556041731193,3498.600263172331,3426.9003486756465,3461.801025390625,1807271,0.0,0.0
2024-01-10,3455.9600621795576,3464.721774594502,3426.8030778451557,3451.6279296875,1534821,0.0,0.0
2024-01-11,3451.6278374986227,3465.3058912719607,3407.868000308086,3412.05419921875,1105348,0.0,0.0
2024-01-12,3412.2491460798838,3483.900344725182,3401.5403858385207,3474.311279296875,1782631,0.0,0.0
2024-01-15,3481.417923196578,3510.23407983068,3444.375301806993,3449.242919921875,1783518,0.0,0.0
2024-01-16,3454.061865992724,3493.9763351318734,3444.326629617322,3478.88671875,1791818,0.0,0.0
2024-01-17,3460.876398845912,3518.7523293447257,3453.7696290288427,3476.404052734375,2699076,0.0,0.0
2024-01-18,3476.258024959248,3521.186042820734,3431.670597742609,3500.790771484375,2148898,0.0,0.0
2024-01-19,3507.6055262696923,3559.056343533904,3507.6055262696923,3549.467041015625,1913923,0.0,0.0
2024-01-23,3541.2896635900984,3564.410849881152,3442.574224566715,3456.982421875,1742142,0.0,0.0
2024-01-24,3475.4790497996682,3522.159456168511,3428.4578151199903,3494.170654296875,3711521,0.0,0.0
2024-01-25,3504.587529324063,3522.451782540132,3470.4169934066963,3498.308349609375,2206540,0.0,0.0
2024-01-29,3508.578986998129,3634.9911191003416,3504.782340101729,3609.825439453125,2072982,0.0,0.0
2024-01-30,3617.5649003174335,3638.9336953675434,3528.9255308046827,3537.103271484375,1454989,0.0,0.0
2024-01-31,3426.8032231122925,3444.3266486850257,3297.3733023201326,3387.618896484375,9637606,0.0,0.0
2024-02-01,3387.8621385741612,3401.2480881159413,3281.748065842959,3308.033203125,6149780,0.0,0.0
2024-02-02,3312.608614794192,3345.3678256364046,3272.0127293295104,3286.664306640625,7579802,0.0,0.0
2024-02-05,3286.1288821409535,3317.719675140498,3230.5893137268954,3253.2724609375,2954238,0.0,0.0
2024-02-06,3257.4101528277174,3336.995711702095,3249.1839254702268,3333.58837890625,2545192,0.0,0.0
2024-02-07,3353.788841837622,3355.7358890607493,3299.2715195900437,3304.820556640625,2099940,0.0,0.0
2024-02-08,3322.6360677571297,3327.309028601936,3206.640825156168,3247.18798828125,3471727,0.0,0.0
2024-02-09,3247.918255264219,3300.2451510965016,3221.3410122643027,3236.528076171875,3121873,0.0,0.0
2024-02-12,3241.8334420153906,3250.7410874836023,3199.971929100477,3212.189697265625,1922273,0.0,0.0
2024-02-13,3224.3101196748457,3250.157218441266,3197.1489066721606,3233.55859375,2151493,0.0,0.0
2024-02-14,3202.941423431917,3229.1291136567993,3176.6562857746753,3221.3896484375,2502138,0.0,0.0
2024-02-15,3221.389774278484,3233.9968580749432,3203.087482029811,3212.920166015625,1999189,0.0,0.0
2024-02-16,3217.4467766145026,3308.033195195431,3216.5707004445326,3297.0810546875,2768329,0.0,0.0
2024-02-19,3310.515685838943,3317.7683890366875,3247.1879288825917,3251.4228515625,1216447,0.0,0.0
2024-02-20,3251.4227908755515,3278.584003412405,3240.324479569715,3267.875244140625,1578162,0.0,0.0
2024-02-21,3268.0212237005408,3268.0212237005408,3202.9413147232717,3209.123046875,2430672,0.0,0.0
2024-02-22,3222.363048994333,3279.800940199972,3190.1880471480467,3274.68994140625,2521388,0.0,0.0
2024-02-23,3274.689801350331,3309.8825821827018,3252.2987599735766,3298.2490234375,2107176,0.0,0.0
2024-02-26,3309.980122042526,3399.2034617322174,3303.16545708538,3378.272705078125,4122419,0.0,0.0
2024-02-27,3382.99454639222,3419.0149199797056,3360.506055919638,3413.61181640625,2122286,0.0,0.0
2024-02-28,3412.199955269261,3419.98814346959,3354.908000749932,3378.3212890625,1666903,0.0,0.0
2024-02-29,3392.7297540831973,3403.438513708711,3345.465135655257,3385.47705078125,2119512,0.0,0.0
2024-03-01,3408.9389105214204,3561.490252884215,3407.3326916089,3537.298095703125,4407803,0.0,0.0
2024-03-04,3572.8313372746056,3582.3719153563347,3526.1509317793298,3547.957763671875,1307501,0.0,0.0
2024-03-05,3535.058812182142,3547.957999748582,3495.2417924250776,3516.951416015625,1981370,0.0,0.0
2024-03-06,3522.208597259863,3555.746439767536,3491.1045638989976,3545.767822265625,1500196,0.0,0.0
2024-03-07,3563.826621012567,3607.0509750228152,3546.7899575234683,3579.59765625,2344401,0.0,0.0
2024-03-11,3602.037413346041,3602.037413346041,3535.302321301283,3544.210205078125,1748541,0.0,0.0
2024-03-12,3542.7011723221276,3574.778728024377,3517.4867679906843,3525.76171875,1470377,0.0,0.0
2024-03-13,3538.660918931016,3540.5107564190216,3418.9175134116877,3444.862060546875,2503293,0.0,0.0
2024-03-14,3433.6666200200048,3539.731973619388,3428.750278076866,3512.66796875,4528490,0.0,0.0
2024-03-15,3502.7380315769433,3507.605649742003,3430.746006451044,3443.4990234375,4054210,0.0,0.0
2024-03-18,3443.499062341833,3477.621113599743,3433.325787797255,3466.912353515625,1354787,0.0,0.0
2024-03-19,3447.2470739135283,3455.5220245286837,3388.8356578065495,3408.987548828125,1447405,0.0,0.0
2024-03-20,3410.0096934722833,3431.6218692458056,3395.4068398852205,3416.775634765625,1442811,0.0,0.0
2024-03-21,3431.816505123692,3500.79074487579,3431.816505123692,3465.743896484375,2504962,0.0,0.0
2024-03-22,3452.3092881474963,3550.732617620486,3452.3092881474963,3522.013671875,3020545,0.0,0.0
2024-03-26,3509.552475498462,3579.5487252234566,3504.684857640628,3572.928955078125,2320963,0.0,0.0
2024-03-27,3585.48722220473,3628.516915430044,3572.9288635239795,3608.267578125,2387693,0.0,0.0
2024-03-28,3608.4139258038645,3712.3862932051306,3599.652213455611,3664.245361328125,4278668,0.0,0.0
2024-04-01,3680.7467667272217,3749.8669417375013,3680.7467667272217,3736.383544921875,1905190,0.0,0.0
2024-04-02,3747.8712942530547,3757.8011876799847,3671.400966072057,3706.59375,3608162,0.0,0.0
2024-04-03,3699.097726143796,3699.097726143796,3670.330055056019,3682.304443359375,1684618,0.0,0.0
2024-04-04,3704.1600265647603,3718.616947782315,3632.2654478948357,3697.296875,2339529,0.0,0.0
2024-04-05,3670.2814754921155,3689.6545003573633,3617.8571337606995,3643.996337890625,1645597,0.0,0.0
2024-04-08,3645.8459283139514,3718.6655420543266,3643.9963285211197,3707.031982421875,1083395,0.0,0.0
2024-04-09,3718.860219148339,3726.599684372752,3675.0516563573246,3685.0302734375,1997057,0.0,0.0
2024-04-10,3699.389563866302,3699.389563866302,3650.8108328219823,3653.82861328125,1951581,0.0,0.0
2024-04-12,3650.6647402267217,3701.434138071264,3566.5036733733205,3581.836669921875,3437544,0.0,0.0
2024-04-15,3530.045338373408,3582.420956197923,3491.2503273915177,3505.4638671875,1719910,0.0,0.0
2024-04-16,3485.2631381567744,3502.8837723388842,3436.0027499657804,3449.632080078125,2291042,0.0,0.0
2024-04-18,3467.6423533929515,3521.8675705951105,3445.9814532060723,3456.93359375,3273257,0.0,0.0
2024-04-19,3431.6708586719096,3449.0968368977597,3380.4634197243213,3425.197021484375,2759031,0.0,0.0
2024-04-22,3474.2622702510453,3524.155353641691,3447.1982672374716,3517.048583984375,2605754,0.0,0.0
2024-04-23,3536.5676450753876,3536.5676450753876,3493.002466597066,3514.56591796875,1434580,0.0,0.0
2024-04-24,3520.7967755130394,3558.1799861769427,3505.7558836317294,3538.6123046875,1501234,0.0,0.0
2024-04-25,3520.3585927959994,3568.937322712618,3515.977736835223,3555.60009765625,2420380,0.0,0.0
2024-04-26,3555.3082674974617,3563.972532662482,3490.0821848243154,3509.747314453125,1973113,0.0,0.0
2024-04-29,3510.623586022925,3553.263730010906,3509.747272167695,3538.076904296875,1396979,0.0,0.0
2024-04-30,3542.6521973233307,3552.3387091074205,3489.1571258031736,3499.1357421875,1571996,0.0,0.0
2024-05-02,3494.9982480876793,3537.930493789475,3481.3689184661603,3504.197998046875,3748847,0.0,0.0
2024-05-03,3514.4201925319253,3526.1024757203973,3396.088351533365,3407.137939453125,4079696,0.0,0.0
2024-05-06,3429.5291491495896,3433.6179009292264,3349.9923147722734,3371.6044921875,2614667,0.0,0.0
2024-05-07,3387.27800562745,3403.438592872511,3334.3184155001004,3336.99560546875,3376013,0.0,0.0
2024-05-08,3338.212328014195,3404.8012452608773,3278.632732949797,3394.53076171875,4116670,0.0,0.0
2024-05-09,3225.0402605073564,3287.589150926977,3180.1607281083748,3188.727783203125,12120574,0.0,0.0
2024-05-10,3194.7151474006923,3218.614961688515,3148.9595381065947,3184.833740234375,4132191,0.0,0.0
2024-05-13,3180.5501464486542,3227.2305529139962,3139.8080910041035,3206.640625,3557067,0.0,0.0
2024-05-14,3212.6279608042837,3295.2800214524914,3206.2026098120086,3289.974365234375,2870328,0.0,0.0
2024-05-15,3300.2451003511496,3326.9195526992503,3264.370659573126,3320.981201171875,2718682,0.0,0.0
2024-05-16,3338.163665853629,3376.6665713672146,3289.244105464065,3368.975830078125,3398714,0.0,0.0
2024-05-17,3383.9194670742613,3383.9194670742613,3321.80861097376,3359.38671875,2676919,0.0,0.0
2024-05-21,3366.4445719995083,3378.4189596839415,3343.0800058549194,3349.845947265625,2100848,0.0,0.0
2024-05-22,3358.7051358904127,3380.7553503083777,3344.102281924434,3369.21923828125,1409992,0.0,0.0
2024-05-23,3369.2677468198476,3506.291194115664,3363.5240526255366,3490.471435546875,4525637,0.0,0.0
2024-05-24,3491.05567287108,3562.1228965519467,3487.453683041766,3529.899169921875,2740360,0.0,0.0
2024-05-27,3548.395992996985,3597.169619306416,3504.684879432503,3555.30810546875,2570708,0.0,0.0
2024-05-28,3555.3081953421342,3587.677855116265,3549.515777444201,3561.343994140625,1440187,0.0,0.0
2024-05-29,3515.3938108861275,3564.8975823022824,3514.761115600362,3538.563720703125,1506146,0.0,0.0
2024-05-30,3530.04542422168,3547.4714022174862,3512.2298941658737,3538.46630859375,2701849,0.0,0.0
2024-05-31,3540.121077855591,3645.651177326948,3540.121077855591,3572.150146484375,6432341,0.0,0.0
2024-06-03,3753.3226761151627,3816.114946370256,3700.460536413825,3793.96728515625,5767666,0.0,0.0
2024-06-04,3750.0128970127853,3794.794982491131,3232.098343219742,3313.095458984375,9920882,0.0,0.0
2024-06-05,3350.3814602731854,3350.3814602731854,3090.9861452951395,3318.741943359375,10372458,0.0,0.0
2024-06-06,3346.974201804827,3444.52122088405,3295.6695546237215,3390.3447265625,8374602,0.0,0.0
2024-06-07,3373.3078082319025,3454.06153878052,3354.762137158307,3438.971923828125,5879660,0.0,0.0
2024-06-10,3427.8253778442504,3490.0821655919312,3427.8253778442504,3449.92431640625,3151257,0.0,0.0
2024-06-11,3475.479110803564,3542.652236474557,3457.1768203317893,3503.419189453125,2548176,0.0,0.0
2024-06-12,3519.2879023389096,3552.3389818532046,3483.267528234749,3534.182861328125,2242274,0.0,0.0
2024-06-13,3568.450746004489,3617.5162402391384,3538.7582762859956,3605.590576171875,2965500,0.0,0.0
2024-06-14,3619.5605196054958,3621.507566684358,3577.699007409951,3590.16015625,1746508,0.0,0.0
2024-06-18,3609.8254844512553,3611.7725316381225,3577.6992058679516,3591.523193359375,1936792,0.0,0.0
2024-06-19,3592.3022101835263,3601.063922891291,3480.346992250977,3494.901123046875,2936151,0.0,0.0
2024-06-20,3517.4678877586944,3545.284331357324,3497.501094013525,3526.7890625,2618715,28.0,0.0
2024-06-21,3536.2087729009913,3542.046724440859,3449.8161449124823,3468.45849609375,4508508,0.0,0.0
2024-06-24,3454.0843244488224,3499.8561062184517,3439.0231713752937,3465.12255859375,2330559,0.0,0.0
2024-06-25,3489.553779970902,3524.3364345784094,3461.5902532651035,3520.2646484375,2158039,0.0,0.0
2024-06-26,3533.2161484970234,3556.6661681883425,3524.6308551620195,3535.12939453125,2480187,0.0,0.0
2024-06-27,3529.7328583391873,3533.5104831538574,3483.1760878347363,3497.304931640625,5519875,0.0,0.0
2024-06-28,3473.364380945658,3508.637623854451,3471.5002416439474,3481.6552734375,3141514,0.0,0.0
2024-07-01,3468.654560018073,3474.737805435941,3447.8536694545537,3460.16748046875,2961120,0.0,0.0
2024-07-02,3468.507553407131,3565.5949067142474,3468.507553407131,3558.236083984375,5087748,0.0,0.0
2024-07-03,3581.6372910517402,3581.7843716905904,3537.1408464442075,3546.31494140625,1923801,0.0,0.0
2024-07-04,3548.0317474576927,3575.4064706659233,3498.678531196746,3506.037353515625,1851947,0.0,0.0
2024-07-05,3506.037575430059,3569.5196387433475,3500.8372927532337,3558.873779296875,1635209,0.0,0.0
2024-07-08,3571.5801927576968,3577.074636691156,3526.3478663776414,3563.632568359375,1706210,0.0,0.0
2024-07-09,3581.2937847862586,3615.6349580650312,3577.46729272463,3597.0908203125,2425176,0.0,0.0
2024-07-10,3615.683945584045,3624.465425981089,3533.216025705983,3581.3427734375,2231438,0.0,0.0
2024-07-11,3591.1056547500657,3615.2426902147554,3535.1785994711713,3552.93798828125,2942924,0.0,0.0
2024-07-12,3561.6701476838834,3598.660448140635,3544.6957489333035,3580.656005859375,2001185,0.0,0.0
2024-07-15,3600.91707375713,3604.841779014631,3568.538255382747,3582.863525390625,943302,0.0,0.0
2024-07-16,3577.466961151237,3582.8634307377356,3552.839340493037,3568.0966796875,2220953,0.0,0.0
2024-07-18,3571.48194403035,3609.9931160916663,3530.9102057987047,3587.376953125,3240772,0.0,0.0
2024-07-19,3582.2749509897058,3590.0752552747235,3542.0467195488463,3550.38671875,2432533,0.0,0.0
2024-07-22,3549.7977943876153,3592.920686284693,3500.4448159864874,3582.71630859375,3639057,0.0,0.0
2024-07-23,3600.524720570956,3644.088853371615,3394.870068030638,3471.450927734375,6957691,0.0,0.0
2024-07-24,3482.1949818901894,3490.9764626055644,3435.098515524811,3453.201171875,3184060,0.0,0.0
2024-07-25,3472.3832227089542,3562.553236573613,3465.5640947496818,3551.0244140625,4691483,0.0,0.0
2024-07-26,3560.6890775280353,3631.333776779074,3528.4084704938305,3610.630859375,2617659,0.0,0.0
2024-07-29,3631.3336586429027,3718.6583534873284,3617.2048150703467,3703.8916015625,4159919,0.0,0.0
2024-07-30,3703.7935990607602,3723.5642064734407,3668.2259567723117,3713.408935546875,1979989,0.0,0.0
2024-07-31,3705.952149876589,3750.0559785335436,3692.264787816845,3743.187744140625,2703636,0.0,0.0
2024-08-01,3738.2819788329634,3766.6869869048573,3694.9631378096365,3708.159912109375,1998663,0.0,0.0
2024-08-02,3660.1314394799247,3678.332069864614,3588.260268966907,3596.6982421875,2512525,0.0,0.0
2024-08-05,3529.2912545755607,3539.985980741122,3445.4006784659664,3461.590087890625,2900685,0.0,0.0
2024-08-06,3481.2136873584077,3566.4778162956036,3479.251334659784,3508.8828125,2125532,0.0,0.0
2024-08-07,3561.6701876062925,3586.9354788820124,3542.390167945932,3569.764892578125,1613097,0.0,0.0
2024-08-08,3552.8394749391305,3560.4435914624055,3480.673908283438,3486.6591796875,2038088,0.0,0.0
2024-08-09,3532.234874417838,3537.680451091567,3508.392241106516,3524.4345703125,848232,0.0,0.0
2024-08-12,3511.63023194983,3543.0278758230893,3495.9314100132005,3504.712890625,1965035,0.0,0.0
2024-08-13,3512.6112632837126,3539.103024207919,3478.466279072401,3484.942138671875,1316218,0.0,0.0
2024-08-14,3491.957483252983,3511.335715945336,3469.930122354727,3478.46630859375,1584372,0.0,0.0
2024-08-16,3510.6491646598424,3513.4944804062598,3466.4962265911745,3501.180908203125,2808865,0.0,0.0
2024-08-19,3532.08785281875,3532.1367200012605,3480.232585824866,3488.131103515625,1898535,0.0,0.0
2024-08-20,3494.9501913347194,3512.611365799634,3481.213722306453,3505.44873046875,1285569,0.0,0.0
2024-08-21,3522.422966252373,3547.246774898472,3514.475342293247,3528.359130859375,1714248,0.0,0.0
2024-08-22,3539.1522437361164,3544.156099454285,3516.486973960555,3538.612548828125,1734927,0.0,0.0
2024-08-23,3538.612560051415,3553.820793707535,3519.5287276628987,3530.812255859375,1825180,0.0,0.0
2024-08-26,3543.0276947678326,3579.3312186411117,3527.034472828172,3573.345947265625,1606911,0.0,0.0
2024-08-27,3574.082019867214,3666.6561064927087,3567.5572928037163,3633.001708984375,3315435,0.0,0.0
2024-08-28,3635.258357368185,3654.2930826386964,3615.6348304728103,3619.608642578125,1278175,0.0,0.0
2024-08-29,3621.031354915697,3640.1642939269036,3582.814583620265,3614.114013671875,2165489,0.0,0.0
2024-08-30,3648.357102278157,3674.505355653256,3597.3848003013845,3634.914794921875,2592912,0.0,0.0
2024-09-02,3636.2395948078406,3651.8893098608423,3597.336047902118,3613.770751953125,1277813,0.0,0.0
2024-09-03,3624.4162621096075,3644.039788741092,3597.875394431524,3620.687744140625,1211993,0.0,0.0
2024-09-04,3581.2936243039085,3611.710090702106,3562.749487382364,3582.07861328125,1930121,0.0,0.0
2024-09-05,3598.954854579987,3598.954854579987,3540.476648256813,3555.93017578125,2958770,0.0,0.0
2024-09-06,3547.050767159477,3555.586953612089,3469.635808359902,3507.460205078125,3096557,0.0,0.0
2024-09-09,3516.53601662637,3526.3477800656174,3486.9536456750407,3510.943359375,1454589,0.0,0.0
2024-09-10,3517.5172547816233,3556.76430922828,3503.7807857252933,3528.457275390625,1203483,0.0,0.0
2024-09-11,3527.3291642010095,3536.110645087443,3450.2086032074244,3470.371826171875,1865165,0.0,0.0
2024-09-12,3491.025513301957,3569.568729378419,3467.4772804972217,3553.82080078125,3751523,0.0,0.0
2024-09-13,3553.8208217288266,3566.3308204800805,3532.2840482582187,3544.990234375,1752455,0.0,0.0
2024-09-16,3551.024192949311,3600.917104783176,3544.9900543819117,3593.31298828125,1045964,0.0,0.0
2024-09-17,3598.954873295229,3635.258398462057,3590.8110616325876,3625.642822265625,1289060,0.0,0.0
2024-09-18,3619.5595364583974,3687.211597532537,3614.8498420937167,3660.229248046875,2249929,0.0,0.0
2024-09-19,3679.4111682225493,3679.8035429291604,3604.8417685465724,3614.359130859375,1711564,0.0,0.0
2024-09-20,3630.352499714604,3738.1836849016377,3610.9742667769383,3722.48486328125,5401701,0.0,0.0
2024-09-23,3728.4701283367426,3766.5398186087614,3678.4301345090653,3716.401611328125,1937874,0.0,0.0
2024-09-24,3716.401540067454,3759.671512071468,3703.9406485759473,3720.228271484375,2676546,0.0,0.0
2024-09-25,3716.2545761693636,3741.4216540256025,3706.8842940073782,3722.43603515625,2113862,0.0,0.0
2024-09-26,3729.4513166520505,3731.364562630834,3666.0672284489583,3691.33251953125,2750597,0.0,0.0
2024-09-27,3667.63714640242,3667.63714640242,3582.27480511376,3635.89599609375,4095425,0.0,0.0
2024-09-30,3629.3713305426427,3645.7078210056707,3596.0113345333293,3606.36279296875,1837697,0.0,0.0
2024-10-01,3597.9736638855506,3653.9007156557923,3570.8442337132515,3584.727783203125,1674100,0.0,0.0
2024-10-03,3515.0644364024,3548.915022042563,3419.792112594254,3431.8115234375,5315877,0.0,0.0
2024-10-04,3448.8347173640486,3486.6591118888045,3403.2100191115796,3428.180908203125,3445879,0.0,0.0
2024-10-07,3439.0232513433066,3446.823555744768,3364.453845608045,3403.063232421875,2304227,0.0,0.0
2024-10-08,3427.199867646705,3471.892498087252,3403.700742084125,3465.9072265625,2249452,0.0,0.0
2024-10-09,3475.375798534109,3490.7311128591805,3415.474933421605,3421.460205078125,1645791,0.0,0.0
2024-10-10,3448.8350618763316,3487.983904598541,3390.4550658075855,3395.2138671875,2686116,0.0,0.0
2024-10-11,3404.0932364871355,3431.2720138454197,3382.1149813961556,3416.995849609375,1280465,0.0,0.0
2024-10-14,3443.929060119898,3506.5772671882323,3435.3928736063813,3488.131103515625,1974378,0.0,0.0
2024-10-15,3502.7994260883984,3502.7994260883984,3453.8876912254395,3485.0400390625,1231552,0.0,0.0
2024-10-16,3483.176132880612,3514.4755634397593,3447.412301904122,3466.103759765625,1961835,0.0,0.0
2024-10-17,3483.077852737479,3515.5548859613777,3455.506940841957,3503.093994140625,2968537,0.0,0.0
2024-10-18,3502.750306896012,3524.8267737885767,3473.609418506825,3510.45263671875,2102609,0.0,0.0
2024-10-21,3512.6112737459366,3553.7715730251043,3504.0750875539347,3518.10595703125,1750549,0.0,0.0
2024-10-22,3517.51730166589,3524.0420287366096,3434.117309855123,3445.793212890625,1363574,0.0,0.0
2024-10-23,3435.147533894267,3447.8046130863913,3378.1901984396873,3390.356689453125,2125268,0.0,0.0
2024-10-24,3379.171363583563,3409.195455837588,3352.434307933838,3377.8466796875,1924421,0.0,0.0
2024-10-25,3360.5289959569714,3370.3407594488162,3252.648704273135,3263.784912109375,3236774,0.0,0.0
2024-10-28,3253.5808406321084,3309.5078936827813,3201.137011601489,3277.9140625,2991674,0.0,0.0
2024-10-29,3253.580783765879,3320.6931504356885,3253.580783765879,3317.259033203125,2253467,0.0,0.0
2024-10-30,3316.3270738977785,3373.6767856803704,3289.8844182364055,3344.192626953125,1785128,0.0,0.0
2024-10-31,3463.552606969321,3586.150547230521,3442.310234248832,3554.115234375,7637083,0.0,0.0
2024-11-01,3556.7153206498506,3573.346212615072,3551.8585454097442,3558.089111328125,212796,0.0,0.0
2024-11-04,3556.7151773732153,3556.7151773732153,3464.4354933484624,3507.165771484375,1724189,0.0,0.0
2024-11-05,3489.0631139839893,3517.517228243139,3475.228431577917,3507.50927734375,1251506,0.0,0.0
2024-11-06,3526.347869437788,3591.007296323164,3490.436718522003,3576.829345703125,1819732,0.0,0.0
2024-11-07,3578.693680400606,3594.0489945648405,3551.8584112270605,3577.90869140625,1581009,0.0,0.0
2024-11-08,3571.8741061093674,3597.9734915030353,3552.4958741875826,3591.399658203125,1622142,0.0,0.0
2024-11-11,3577.36907123832,3592.0867168961845,3538.1220161506803,3560.5419921875,926127,0.0,0.0
2024-11-12,3581.2937002087674,3582.274876564989,3512.611355273257,3523.747802734375,1116206,0.0,0.0
2024-11-13,3517.5171821205345,3536.9936283053685,3469.0960338791992,3481.16455078125,1568694,0.0,0.0
2024-11-14,3491.0256418103063,3498.6297589334176,3434.264491079784,3459.873291015625,1291765,0.0,0.0
2024-11-18,3454.820305443358,3501.131783447937,3444.7632473794974,3475.473876953125,1233217,0.0,0.0
2024-11-19,3492.8895277768793,3539.103028822926,3429.211279660695,3439.906005859375,1826460,0.0,0.0
2024-11-21,3463.5524335707623,3464.0921284594974,3387.4621615191522,3417.927734375,1510581,0.0,0.0
2024-11-22,3434.117194004093,3545.48070872394,3407.723646245321,3535.6689453125,2534018,0.0,0.0
2024-11-25,3591.1055764763187,3690.204391564873,3585.218518154227,3682.35498046875,4753829,0.0,0.0
2024-11-26,3684.2191423123977,3684.2191423123977,3620.5408902237596,3632.90380859375,1141534,0.0,0.0
2024-11-27,3634.2771868414757,3649.9760083829074,3615.634836261025,3629.076904296875,971816,0.0,0.0
2024-11-28,3630.3526385374244,3650.466754507699,3579.3314663201418,3597.041748046875,2124283,0.0,0.0
2024-11-29,3566.6743185324817,3679.411387631506,3566.6743185324817,3654.685791015625,2094305,0.0,0.0
2024-12-02,3637.073513461759,3647.8664529100997,3603.7623859829273,3634.326171875,1158369,0.0,0.0
2024-12-03,3650.9571706802785,3727.3418447668805,3631.8242320002823,3715.763916015625,3252670,0.0,0.0
2024-12-04,3703.9408703488857,3762.8114537186693,3687.309978455925,3718.560302734375,2510166,0.0,0.0
2024-12-05,3738.2821141722115,3810.8891683582337,3689.223293776251,3759.426513671875,2765170,0.0,0.0
2024-12-06,3759.867779290104,3810.839842846165,3728.470136039247,3793.91455078125,1856562,0.0,0.0
2024-12-09,3794.699635845581,3884.4772742889863,3794.699635845581,3872.99755859375,3332753,0.0,0.0
2024-12-10,3880.552319209978,3888.892317873261,3827.863199093295,3849.3017578125,2349493,0.0,0.0
2024-12-11,3849.3018937465476,3873.3407142719752,3828.5501098048444,3843.0224609375,1237958,0.0,0.0
2024-12-12,3856.0229883966945,3884.47710205153,3774.536246038242,3787.242431640625,1899867,0.0,0.0
2024-12-13,3786.3595813921,3824.6254595144874,3722.7793052182087,3813.83251953125,2300361,0.0,0.0
2024-12-16,3808.9265222894905,3840.7165396405203,3784.642408063147,3804.854736328125,918660,0.0,0.0
2024-12-17,3790.3332169161704,3802.4506006965134,3725.526473310008,3735.534423828125,1690180,0.0,0.0
2024-12-18,3735.534708884533,3747.112638210369,3674.505585257353,3687.407958984375,1318341,0.0,0.0
2024-12-19,3632.4618797708927,3691.3815667096774,3630.3524464645975,3646.394775390625,1856838,0.0,0.0
2024-12-20,3646.3949505772566,3654.882030481039,3539.20143062288,3561.523193359375,2796593,0.0,0.0
2024-12-23,3600.917113704548,3630.3524034623506,3548.963875191026,3571.972412109375,1217612,0.0,0.0
2024-12-24,3579.2821703192803,3609.747743489315,3564.0248303713397,3571.236572265625,627922,0.0,0.0
2024-12-26,3589.1432144579144,3596.1585297889987,3542.3902555550567,3561.1796875,1124705,0.0,0.0
2024-12-27,3564.0250117517803,3575.063246103768,3535.669109990014,3540.1826171875,1309122,0.0,0.0
2024-12-30,3539.9860621495345,3554.8019208726373,3498.8748688467635,3511.5810546875,1591690,0.0,0.0
2024-12-31,3495.489813505843,3552.4471478790047,3483.176002545589,3539.74072265625,1267628,0.0,0.0
2025-01-01,3532.234710506135,3619.559401960314,3532.1856037817115,3598.464111328125,1202029,0.0,0.0
2025-01-02,3607.393077046229,3653.9989538368345,3581.342796952162,3643.598388671875,1882900,0.0,0.0
2025-01-03,3638.2017563930235,3649.8776586605363,3582.7161881701013,3591.007080078125,1290107,0.0,0.0
2025-01-06,3615.389489506093,3622.748311996437,3518.0077385505383,3535.37451171875,1212012,0.0,0.0
2025-01-07,3539.201191767013,3581.1464793531127,3528.0156380170533,3574.7197265625,1453540,0.0,0.0
2025-01-08,3593.067694229379,3594.882966244628,3522.422998985109,3528.653564453125,1813201,0.0,0.0
2025-01-09,3532.136640437175,3538.4163127933175,3420.3807501834913,3461.491943359375,2921681,0.0,0.0
2025-01-10,3434.0681338002832,3485.334598319579,3426.5622305068487,3469.586669921875,1794238,0.0,0.0
2025-01-13,3439.5628808380425,3467.967888915489,3383.684934328107,3399.08935546875,2137212,0.0,0.0
2025-01-14,3400.6099655440958,3426.2185231745875,3383.6846744170202,3397.421142578125,2924491,0.0,0.0
2025-01-15,3405.957458707444,3459.774836941175,3405.957458707444,3435.49072265625,1155446,0.0,0.0
2025-01-16,3468.45838299686,3476.7492752112885,3418.1730952660005,3441.868408203125,2305460,0.0,0.0
2025-01-17,3457.665425707677,3512.4642201709044,3445.842202889545,3501.474853515625,1600246,0.0,0.0
2025-01-20,3507.6073110946336,3549.0620127484026,3489.5537616953757,3525.36669921875,1593334,0.0,0.0
2025-01-21,3544.74479185411,3574.7197766923596,3461.688311205306,3474.443603515625,2576596,0.0,0.0
2025-01-22,3495.931358053237,3514.917216368667,3424.4036974855876,3451.974609375,1626055,0.0,0.0
2025-01-23,3426.267918071612,3461.394080375507,3395.4590755656063,3437.30615234375,1993204,0.0,0.0
2025-01-24,3448.344280291684,3454.820140016338,3381.182807077918,3393.10400390625,1206454,0.0,0.0
2025-01-27,3382.3112077462342,3428.1320973050597,3337.1279870236654,3392.564453125,1552938,0.0,0.0
2025-01-28,3399.727041435355,3416.603227219977,3339.9734958614013,3349.637939453125,1657689,0.0,0.0
2025-01-29,3366.4159666711275,3389.964198440322,3347.773616520515,3384.763916015625,1238704,0.0,0.0
2025-01-30,3389.9642782998344,3451.5822007897996,3331.0936974899964,3356.55517578125,2717740,0.0,0.0
2025-01-31,3435.147386229306,3522.422971557076,3415.523859925367,3500.248291015625,3995513,0.0,0.0
2025-02-01,3510.6489825054387,3560.885163747996,3337.961944796954,3382.60546875,4752505,0.0,0.0
2025-02-03,3355.6233227486114,3355.6233227486114,3208.4468612245496,3227.285400390625,6077580,0.0,0.0
2025-02-04,3253.5805888054583,3384.0770358232885,3244.9952962384955,3374.412353515625,4742516,0.0,0.0
2025-02-05,3379.808860993891,3385.990319620355,3315.8362138586517,3319.515625,2670316,0.0,0.0
2025-02-06,3339.9244504278204,3339.9244504278204,3279.778289472041,3289.63916015625,2874856,0.0,0.0
2025-02-07,3303.6209075221423,3306.5153299657345,3248.773243099434,3274.08740234375,1722789,0.0,0.0
2025-02-10,3284.782347267599,3285.9597110197556,3232.0441166114892,3265.99267578125,1236663,0.0,0.0
2025-02-11,3297.6847117439966,3297.7338184720784,3170.1808888673863,3178.66796875,2593537,0.0,0.0
2025-02-12,3197.653846188099,3237.882078067115,3161.595613955079,3227.726806640625,1632415,0.0,0.0
2025-02-13,3227.7266492790254,3252.5013518503324,3191.7175255299285,3202.216064453125,2127644,0.0,0.0
2025-02-14,3213.4017062314106,3223.949352168714,3160.908770636458,3176.70556640625,1378340,0.0,0.0
2025-02-17,3153.0593133707102,3178.42257833882,3134.416962685713,3161.203125,1966689,0.0,0.0
2025-02-18,3166.256065891852,3179.9925347243548,3123.0843067039864,3159.534912109375,2428215,0.0,0.0
2025-02-19,3159.5347727318085,3240.678244534589,3151.145906986596,3214.2353515625,1677978,0.0,0.0
2025-02-20,3198.6839240635686,3223.605706883726,3186.615407365224,3214.137451171875,1236693,0.0,0.0
2025-02-21,3214.1374761511306,3262.3130903234783,3209.3295683975134,3252.69775390625,1706850,0.0,0.0
2025-02-24,3227.7758172868807,3262.901978815365,3188.8231637798635,3196.378173828125,1512844,0.0,0.0
2025-02-25,3172.142961183161,3187.7926751766895,3146.0435759227034,3165.176513671875,2529084,0.0,0.0
2025-02-27,3177.0489747843317,3197.1630896648376,3124.0654526600715,3149.08544921875,2572065,0.0,0.0
2025-02-28,3139.568164101987,3139.568164101987,3081.8749462348164,3104.294921875,2494680,0.0,0.0
2025-03-03,3106.3552595666883,3166.256124456815,3100.5173081138937,3137.115234375,1352460,0.0,0.0
2025-03-04,3111.3594732910274,3160.369186596079,3108.1706499888114,3152.519775390625,1442098,0.0,0.0
2025-03-05,3152.519713999044,3183.91735820943,3127.84322382045,3178.66796875,1945855,0.0,0.0
2025-03-06,3188.9212846995256,3204.9633739617284,3154.48189971204,3198.53662109375,1854837,0.0,0.0
2025-03-07,3198.5368803851457,3227.089209709554,3179.1097791199018,3183.623046875,930240,0.0,0.0
2025-03-10,3184.898425682085,3185.192826495493,3109.39695361073,3117.884033203125,1777752,0.0,0.0
2025-03-11,3110.6235584273086,3144.0815296132955,3101.596783544536,3135.300048828125,1274649,0.0,0.0
2025-03-12,3144.67013857302,3161.3010294624005,3093.698076123559,3133.53369140625,1360149,0.0,0.0
2025-03-13,3141.9720055011107,3172.2902592716723,3118.227585447547,3127.303466796875,1414376,0.0,0.0
2025-03-17,3129.952628201622,3179.060553553098,3099.536160654835,3113.714111328125,2805790,0.0,0.0
2025-03-18,3113.714111328125,3113.714111328125,3113.714111328125,3113.714111328125,0,0.0,0.0
2025-03-19,3213.352511021465,3263.9813059444155,3206.974864816384,3257.06396484375,1616312,0.0,0.0
2025-03-20,3272.4683135373043,3295.6730376324017,3215.2165795827627,3287.970947265625,2434722,0.0,0.0
2025-03-21,3293.809114254698,3389.9643996872155,3270.01558699206,3351.6494140625,3042073,0.0,0.0
2025-03-24,3384.077342059388,3450.7973360460614,3381.1338129129167,3416.30908203125,1955564,0.0,0.0
2025-03-25,3439.0230976614544,3458.646624609594,3370.6842608825614,3404.28955078125,4235900,0.0,0.0
2025-03-26,3407.6256698044867,3430.9777162569253,3354.1515554928415,3379.95654296875,2315715,0.0,0.0
2025-03-27,3394.870223253125,3461.5902160800647,3386.0396359672063,3435.687255859375,3467864,0.0,0.0
2025-03-28,3443.8308160982156,3447.853734999173,3407.1840227158823,3426.562255859375,1348143,0.0,0.0
2025-04-01,3414.4937040802274,3435.6872090959696,3365.434886492868,3372.10693359375,1935147,0.0,0.0
2025-04-02,3368.3784083421438,3392.662522995936,3343.84899960094,3355.52490234375,1338839,0.0,0.0
2025-04-03,3335.999412946053,3397.8135197153474,3329.131178860576,3355.77001953125,1200631,0.0,0.0
2025-04-04,3335.99933620767,3339.7278539630174,3176.362004116377,3198.78173828125,2366979,0.0,0.0
2025-04-07,2991.655913259223,3032.423840083069,2909.48239077744,3010.73974609375,4953864,0.0,0.0
2025-04-08,3066.127010634854,3133.779072579321,3034.4840731036807,3101.5966796875,2877816,0.0,0.0
2025-04-09,3099.339917217843,3099.339917217843,2990.625529205188,2996.65966796875,4451381,0.0,0.0
2025-04-11,3055.3831407534835,3097.5737236219484,3041.793752546452,3057.29638671875,3979116,0.0,0.0
2025-04-15,3120.1408904807195,3210.409117500916,3116.3143984141734,3196.2802734375,2161492,0.0,0.0
2025-04-16,3208.446678792638,3215.1187259113617,3163.4107799450203,3166.94287109375,1578260,0.0,0.0
2025-04-17,3153.5990647105064,3188.724987099061,3102.872054776453,3186.174072265625,3209331,0.0,0.0
2025-04-21,3188.332556518871,3228.0701987835314,3164.3919493428566,3218.7490234375,1643003,0.0,0.0
2025-04-22,3218.2586309345156,3223.164512993867,3186.8609857546667,3196.4765625,2060322,0.0,0.0
2025-04-23,3213.744827462232,3252.599505609687,3205.2086413746097,3238.863037109375,2381699,0.0,0.0
2025-04-24,3244.750135843254,3244.750135843254,3218.258374830926,3238.470703125,1993448,0.0,0.0
2025-04-25,3247.6938131494953,3272.9099981703844,3169.2979163177597,3210.50732421875,2004819,0.0,0.0
2025-04-28,3198.6349946924197,3287.725857791015,3193.5329254319745,3264.668212890625,1689485,0.0,0.0
2025-04-29,3272.2230986583695,3312.8437033754367,3252.5995718298336,3259.76220703125,1843861,0.0,0.0
2025-04-30,3261.4301098683964,3291.846575995328,3241.1198078152197,3278.110107421875,1930714,0.0,0.0
2025-05-02,3262.411449697103,3311.37205503395,3262.411449697103,3272.125,1411889,0.0,0.0
2025-05-05,3286.940767342896,3286.940767342896,3238.5687254547884,3267.513427734375,1947332,0.0,0.0
2025-05-06,3283.0160595322345,3289.8842939664023,3240.6292892189426,3271.241943359375,1695516,0.0,0.0
2025-05-07,3269.279715893045,3276.93293960756,3222.2814628541255,3258.879150390625,2422707,0.0,0.0
2025-05-08,3247.7919890181015,3302.6396521287957,3237.6858245265303,3261.33203125,3204333,0.0,0.0
2025-05-09,3268.298288470599,3411.5500297244885,3268.298288470599,3379.072998046875,5637694,0.0,0.0
2025-05-12,3446.87254344212,3534.9822282429814,3424.305487222601,3519.67578125,3147384,0.0,0.0
2025-05-13,3519.6756709198476,3538.1218337691867,3478.2700778457474,3499.85595703125,2374439,0.0,0.0
2025-05-14,3519.4795640274842,3548.91485449886,3499.8560370465675,3505.84130859375,2440116,0.0,0.0
2025-05-15,3526.3476224628544,3580.017918167856,3476.3076311591244,3550.092041015625,3720879,0.0,0.0
2025-05-16,3573.444115622975,3573.444115622975,3532.234710665214,3536.84619140625,1278520,0.0,0.0
2025-05-19,3536.8464460499713,3551.760279104204,3519.4796720478375,3532.43115234375,1519244,0.0,0.0
2025-05-20,3561.66998740703,3565.594692627313,3489.06294083179,3500.640869140625,1532347,0.0,0.0
2025-05-21,3498.5804378335674,3542.53718590278,3488.0818988739466,3521.44189453125,1563885,0.0,0.0
2025-05-22,3517.517181412424,3524.38541579733,3470.322503606713,3484.549560546875,1597159,0.0,0.0
2025-05-23,3502.799641103302,3563.240201316815,3484.3534774372292,3532.13671875,1119217,0.0,0.0
2025-05-26,3547.7374606151934,3603.370111223932,3540.476611967004,3580.01806640625,1678934,0.0,0.0
2025-05-27,3580.01811997658,3596.0113424783226,3535.178408444583,3571.48193359375,2013954,0.0,0.0
2025-05-28,3591.1053980031797,3594.0489270179364,3551.8583444730903,3577.663330078125,1293244,0.0,0.0
2025-05-29,3594.9321139328026,3599.837995929788,3549.8962130184864,3586.494140625,1972248,0.0,0.0
2025-05-30,3586.4940466109406,3625.741101558025,3585.7090576029964,3605.92138671875,2571304,0.0,0.0
2025-06-02,3605.9213762531426,3627.703443776553,3537.729618480499,3610.336669921875,1954517,0.0,0.0
2025-06-03,3619.6457221369187,3633.7083192679256,3580.329782758445,3609.54443359375,2472483,34.0,0.0
2025-06-04,3609.7424388776626,3626.2808538220524,3580.329771064847,3591.42138671875,1086783,0.0,0.0
2025-06-05,3594.7883746045572,3641.828913569135,3577.0616155800667,3607.36572265625,1466416,0.0,0.0
2025-06-06,3609.742360631415,3631.529557321097,3587.9551639417327,3620.93310546875,1172711,0.0,0.0
2025-06-09,3628.5586753109446,3673.024267606258,3626.7760380862514,3643.314453125,898170,0.0,0.0
2025-06-10,3668.1716786661445,3668.1716786661445,3631.727592034163,3644.205810546875,1454535,0.0,0.0
2025-06-11,3654.2079940176677,3656.2877777101226,3620.7351303210544,3649.157470703125,1265737,0.0,0.0
2025-06-12,3649.157403635138,3672.1329443594564,3550.3227091501217,3569.039794921875,2335718,0.0,0.0
2025-06-13,3467.333312317492,3561.216372952479,3452.1812588153534,3552.699462890625,1981445,0.0,0.0
2025-06-16,3540.9145008243536,3618.358030699406,3527.3470680834566,3593.599853515625,1322630,0.0,0.0
2025-06-17,3586.9648163998227,3592.51074496453,3567.1582740674103,3587.261962890625,930603,0.0,0.0
2025-06-18,3586.964791688359,3603.8994819775367,3552.5013599115728,3566.6630859375,743311,0.0,0.0
2025-06-19,3572.110020977579,3607.761798287031,3556.3639160442067,3586.07373046875,1580819,0.0,0.0
2025-06-20,3579.0421795264283,3634.401368325457,3579.0421795264283,3626.577880859375,2575277,0.0,0.0
2025-06-23,3609.7422554310338,3624.5971618319845,3540.023324767535,3549.03515625,1867977,0.0,0.0
2025-06-24,3601.918765795773,3648.365009734674,3562.206552664393,3569.93115234375,2751637,0.0,0.0
2025-06-25,3604.7906921438557,3606.7713463703085,3573.9914222108846,3584.7861328125,1405262,0.0,0.0
2025-06-26,3585.0832512090933,3633.510149954749,3585.0832512090933,3624.201171875,2578926,0.0,0.0
2025-06-27,3629.5489752059107,3695.306600719016,3629.5489752059107,3643.611572265625,2720600,0.0,0.0
2025-06-30,3646.3844326657727,3681.5410452023384,3617.3677998783687,3634.302490234375,1508882,0.0,0.0
2025-07-01,3634.302532674973,3643.314364447488,3609.742371612438,3631.232421875,1054380,0.0,0.0
2025-07-02,3631.1334245333373,3638.659765390575,3549.233180324374,3562.008544921875,1330176,0.0,0.0
2025-07-03,3570.129245852185,3589.9357881315314,3541.4097595471326,3548.242919921875,1229034,0.0,0.0
2025-07-04,3555.2744765130965,3565.177748035417,3535.567062895315,3559.830078125,696402,0.0,0.0
2025-07-07,3565.078620686346,3574.8830045666114,3540.518700719949,3546.757568359375,719539,0.0,0.0
2025-07-08,3545.3710857718625,3579.0422078155057,3525.5645433932486,3571.515625,1513912,0.0,0.0
2025-07-09,3570.1292993238308,3570.2284287483444,3533.6852126281756,3545.073974609375,1008876,0.0,0.0
2025-07-10,3540.4194609455244,3555.175238350839,3534.4774982138674,3540.122314453125,1063910,0.0,0.0
2025-07-11,3540.419451110438,3551.9073424046946,3501.3015299023646,3506.352294921875,1439747,0.0,0.0
2025-07-14,3506.35228822281,3514.373792805488,3454.260985141215,3462.08447265625,1358844,0.0,0.0
2025-07-15,3484.961058312576,3486.941712508832,3448.0218091965844,3460.202880859375,1585193,0.0,0.0
2025-07-16,3470.1062201927107,3481.9901456043294,3443.367388016568,3469.908203125,1266964,0.0,0.0
2025-07-17,3480.9998971151767,3480.9998971151767,3433.959357964972,3440.396484375,2217275,0.0,0.0
2025-07-18,3455.2512679662464,3465.1545390122947,3416.628510886658,3431.285400390625,1818696,0.0,0.0
2025-07-21,3434.0585016330883,3474.166750969609,3411.5778820384844,3468.91796875,1521623,0.0,0.0
2025-07-22,3468.1255395496387,3473.6714680777977,3420.6889676877618,3431.08740234375,2586522,0.0,0.0
2025-07-23,3442.575120295206,3456.2416830424227,3425.1455078779727,3451.19091796875,1192261,0.0,0.0
2025-07-24,3451.1908727811447,3459.608653274326,3427.522151400184,3443.862548828125,1083671,0.0,0.0
2025-07-25,3436.435129815252,3443.3674197024875,3404.1503687716367,3409.59716796875,1338744,0.0,0.0
2025-07-28,3396.9211414026654,3412.7663752777876,3372.162963472787,3389.097412109375,2256080,0.0,0.0
2025-07-29,3384.938115982578,3470.4033952948885,3373.549354035884,3461.78759765625,1241060,0.0,0.0
2025-07-30,3586.9647545171442,3649.6525082735493,3555.274287332012,3629.64794921875,8760659,0.0,0.0
2025-07-31,3589.935701355291,3627.4690013557615,3585.9743929951746,3601.324462890625,1927627,0.0,0.0
2025-08-01,3600.8294691403003,3600.8294691403003,3543.4896246354265,3552.6005859375,1205945,0.0,0.0
2025-08-04,3560.4239189093996,3601.621622718892,3542.4000141599004,3595.976806640625,1033049,0.0,0.0
2025-08-05,3594.887552678455,3622.3195663637375,3573.397501890162,3617.26904296875,1158433,0.0,0.0
2025-08-06,3614.6938963361813,3635.4907653288005,3587.1627547425182,3593.302734375,931383,0.0,0.0
2025-08-07,3575.3779577261193,3613.703567928493,3564.385230265241,3606.375244140625,1211790,0.0,0.0
2025-08-08,3606.375222575065,3626.8749449533707,3565.1775189774735,3572.7041015625,1337067,0.0,0.0
2025-08-11,3575.0810068518304,3641.3337963890554,3565.177735364706,3632.916015625,1822410,0.0,0.0
2025-08-12,3644.4037321901733,3691.840303623083,3637.570571903948,3650.44482421875,2280103,0.0,0.0
2025-08-13,3660.2489921110528,3680.055534276156,3645.6912319755174,3657.97119140625,1227196,0.0,0.0
2025-08-14,3664.2103853451354,3672.6281659601173,3606.474265241853,3641.432861328125,1769702,0.0,0.0
2025-08-18,3663.2200390614244,3665.6958568764157,3586.6677038660705,3599.938232421875,1950151,0.0,0.0
2025-08-19,3613.6046500159473,3618.655415205292,3573.2983832653463,3578.052001953125,1352944,0.0,0.0
2025-08-20,3578.547133180976,3584.8851301879954,3545.3711738723932,3557.55224609375,1325096,0.0,0.0
2025-08-21,3564.187216509058,3612.713244185897,3553.2936184591554,3577.65576171875,1624009,0.0,0.0
2025-08-22,3575.08090731123,3599.343921779132,3547.3517479193424,3561.018310546875,1060447,0.0,0.0
2025-08-25,3581.0229260853794,3582.9044509333585,3549.629604209751,3568.247802734375,980393,0.0,0.0
2025-08-26,3564.1872355123155,3565.1775626130416,3496.8449926629582,3507.04541015625,1787363,0.0,0.0
2025-08-28,3505.7579029732888,3542.3008759282447,3502.9849387620147,3525.66357421875,1695226,0.0,0.0
2025-08-29,3541.013756545707,3580.0325484674395,3505.9560313355887,3566.16796875,1678055,0.0,0.0
2025-09-01,3566.1679648058634,3593.501090073076,3547.252620072072,3563.593017578125,1094155,0.0,0.0
2025-09-02,3563.5929997406147,3584.885032747986,3525.5645351739663,3540.3203125,1230950,0.0,0.0
2025-09-03,3559.2356978772013,3571.4167699068885,3525.5645755266655,3565.969970703125,1314831,0.0,0.0
2025-09-04,3587.856084029622,3589.836738301471,3537.943693090656,3557.849365234375,1434998,0.0,0.0
2025-09-05,3558.047337382281,3574.1897178498575,3514.770090444606,3519.2265625,830812,0.0,0.0
2025-09-08,3535.467859637405,3545.272001528127,3490.903138717606,3495.458740234375,1039999,0.0,0.0
2025-09-09,3512.888289742588,3515.6612540170654,3482.386166281497,3490.903076171875,1522116,0.0,0.0
2025-09-10,3524.5743212890625,3542.796244108677,3506.847562043667,3515.661376953125,1136732,0.0,0.0
2025-09-11,3513.680701137509,3530.2191160593115,3498.825794001922,3505.4609375,1177793,0.0,0.0
2025-09-12,3521.9992958762114,3560.6220538086504,3513.7797741497543,3545.173095703125,1146873,0.0,0.0
2025-09-15,3546.3613337803777,3572.109838298191,3540.914534747763,3551.510986328125,1177076,0.0,0.0
2025-09-16,3569.0397307325097,3638.461756993749,3558.344391500482,3632.32177734375,2928060,0.0,0.0
2025-09-17,3636.4811698717945,3668.1716375830956,3627.2710793373817,3649.8505859375,1610471,0.0,0.0
2025-09-18,3655.2973386419903,3664.210282572572,3636.976287229127,3650.345703125,1270148,0.0,0.0
2025-09-19,3643.413418820417,3669.161923547063,3635.490801981449,3639.84814453125,2227521,0.0,0.0
2025-09-22,3657.872227019285,3657.872227019285,3598.7495064736067,3609.2470703125,839430,0.0,0.0
2025-09-23,3611.6237657042916,3637.9665629945675,3578.249791146559,3622.220458984375,1262120,0.0,0.0
2025-09-24,3622.220664612041,3673.3214002597188,3601.918958126379,3638.263916015625,1745130,0.0,0.0
2025-09-25,3648.364998684974,3668.171540480224,3600.5321518936316,3609.14794921875,1999071,0.0,0.0
2025-09-26,3628.558621505899,3758.1923467252477,3625.5876401018277,3693.425048828125,5870301,0.0,0.0
2025-09-29,3701.8427334272105,3703.8233876452027,3644.0077269734734,3652.722412109375,2599630,0.0,0.0
2025-09-30,3659.2587099286434,3660.8433300329384,3612.7133352691994,3623.60693359375,1676302,0.0,0.0
2025-10-01,3623.507733402203,3652.3263487550407,3580.032470376755,3634.797607421875,2005028,0.0,0.0
2025-10-03,3654.30703918401,3709.7653573938487,3630.8363350117334,3696.990234375,1959124,0.0,0.0
2025-10-06,3684.0169776056996,3730.5623533980297,3667.1814161488996,3700.8525390625,1581506,0.0,0.0
2025-10-07,3711.746081702309,3729.571970034924,3688.968557721745,3693.623046875,1673945,0.0,0.0
2025-10-08,3693.9201850384043,3723.6299988590886,3679.0652781280623,3693.72216796875,1424633,0.0,0.0
2025-10-09,3699.36699090069,3759.6778163536533,3694.0193211149704,3732.740966796875,1827249,0.0,0.0
2025-10-10,3728.581490385608,3762.252611414323,3723.629854940209,3747.397705078125,1129678,0.0,0.0
2025-10-13,3743.4365207172705,3747.397829204802,3708.7750714513695,3733.0380859375,1191248,0.0,0.0
2025-10-14,3738.484780545012,3750.1706886121997,3694.1180783697487,3708.081787109375,1364583,0.0,0.0
2025-10-15,3710.755608261642,3806.7182066235514,3708.0817734729926,3791.665283203125,2575918,0.0,0.0
2025-10-16,3793.250008284209,3848.3120509754262,3792.952861793004,3824.4453125,2330283,0.0,0.0
2025-10-17,3822.6627988916825,3832.070906816416,3793.0521138191575,3802.261962890625,1337364,0.0,0.0
2025-10-20,3824.643294384854,3849.9957650830866,3808.203767666286,3835.23974609375,1223232,0.0,0.0
2025-10-21,3854.3531351462984,3857.3241164940473,3839.6962454749205,3850.58984375,260327,0.0,0.0
2025-10-23,3852.3725812636535,3927.8354611063683,3852.3725812636535,3880.794921875,2815778,0.0,0.0
2025-10-24,3891.2922999965385,3901.7896221286937,3859.7998500419208,3867.128173828125,1146636,0.0,0.0
2025-10-27,3874.1597944485043,3909.81157169803,3869.2081587194034,3885.845703125,1057688,0.0,0.0
2025-10-28,3884.162046024061,3947.4438514977546,3879.4084275510377,3934.37158203125,3391806,0.0,0.0
2025-10-29,3949.424649733679,3977.846990406787,3882.082403950858,3919.81396484375,2563641,0.0,0.0
2025-10-30,3941.5019898608934,4023.303107769138,3937.1446471867516,3948.929443359375,4959400,0.0,0.0
2025-10-31,3962.3978695741725,4006.7643303770587,3941.6998880485453,3991.909423828125,2328183,0.0,0.0
2025-11-03,3991.018262368892,4001.911860603646,3936.451141772266,3941.9970703125,1154072,0.0,0.0
2025-11-04,3946.4536181325493,3951.4052537889265,3878.913356135383,3886.439697265625,2042881,0.0,0.0
2025-11-06,3906.8405995609546,3939.521395450818,3834.6458471704373,3844.053955078125,1749063,0.0,0.0
2025-11-07,3839.5973985882933,3855.2443737626,3794.0423507725736,3844.945068359375,1577294,0.0,0.0
2025-11-10,3857.3242358837683,3905.652248992122,3856.3339087372,3880.596923828125,1397176,0.0,0.0
2025-11-11,3890.9951479288484,3928.4295603955593,3859.3046809566613,3916.74365234375,1775462,0.0,0.0
2025-11-12,3931.5985969168373,3935.361888262145,3898.8186731125243,3916.34765625,981350,0.0,0.0
2025-11-13,3916.3476087646436,3983.9867556218724,3887.628123140424,3963.7841796875,1834962,0.0,0.0
2025-11-14,3963.2890831386517,3972.6971906573467,3933.1832357904595,3965.665771484375,1916910,0.0,0.0
2025-11-17,3965.6658083468374,3991.018279239245,3961.4075951694253,3988.740478515625,1206133,0.0,0.0
2025-11-18,3981.1149295809723,3987.8492021957804,3940.4123891863123,3960.912353515625,1748928,0.0,0.0
2025-11-19,3968.24077569857,3987.5521545670804,3941.799089911349,3980.718994140625,923032,0.0,0.0
2025-11-20,3995.9699912742126,4008.844244034204,3968.934012122414,3998.3466796875,1463574,0.0,0.0
2025-11-21,3987.056985840705,4017.757126566254,3976.361404586955,3985.967529296875,1241149,0.0,0.0
2025-11-24,3986.0667597125935,3998.941012601106,3964.9727431625206,3974.47998046875,1584741,0.0,0.0
2025-11-25,3974.182663333758,4016.2715652006113,3943.086489019054,3958.040283203125,1749083,0.0,0.0
2025-11-26,3960.318132003266,4035.186958592229,3959.3278048884863,4022.708740234375,2058237,0.0,0.0
2025-11-27,4031.6216040492895,4099.954173609447,4020.331971877068,4041.822021484375,2225064,0.0,0.0
2025-11-28,4045.486292526487,4064.5007666881884,4015.4793323803274,4030.2353515625,1318133,0.0,0.0
2025-12-01,4047.46685529645,4063.7081230151744,4010.8247526182095,4033.80029296875,1251770,0.0,0.0
2025-12-02,4027.1652037915483,4049.0515296938343,3984.878284435106,3991.513427734375,1490917,0.0,0.0
2025-12-03,3992.9989538929285,4007.754731291664,3931.697801783636,3949.424560546875,1123990,0.0,0.0
2025-12-04,3951.405135410527,3970.4193674055587,3923.378830079243,3945.067138671875,1026968,0.0,0.0
2025-12-05,3960.318141380168,4008.84417011926,3936.649419992529,3999.138916015625,1073758,0.0,0.0
2025-12-08,4007.853784827241,4008.7449825080844,3938.4317582128697,3958.040283203125,1127841,0.0,0.0
2025-12-09,3951.405310081496,3981.015995016837,3910.9010265469324,3958.832763671875,1788464,0.0,0.0
2025-12-10,3961.3084244204233,3991.018237603577,3931.5986112372702,3952.692626953125,957277,0.0,0.0
2025-12-11,3954.5742024814103,3976.1633820273128,3946.0575343270825,3965.170654296875,841371,0.0,0.0
2025-12-12,4021.7185122960796,4074.205850673743,4009.4385524816194,4034.69189453125,2207898,0.0,0.0
2025-12-15,4033.4044410018055,4056.3799823899935,4024.4914967045615,4052.7158203125,1064975,0.0,0.0
2025-12-16,4044.1988683310005,4064.1042986548377,4012.0132364794144,4024.491455078125,2199214,0.0,0.0
2025-12-17,4039.544262989653,4039.544262989653,4000.9215058784503,4023.104736328125,1087334,0.0,0.0
2025-12-18,4027.6603121627704,4032.413930594411,3984.48195392906,3992.107666015625,1004303,0.0,0.0
2025-12-19,4001.020583924859,4051.9232997779573,4001.020583924859,4034.097412109375,1327935,0.0,0.0
2025-12-22,4041.524966562853,4058.8556911192977,4029.145877593964,4033.008056640625,764774,0.0,0.0
2025-12-23,4049.447625827489,4055.389588594661,4014.0929957186345,4019.539794921875,1867147,0.0,0.0
2025-12-24,4025.679769249292,4041.2278567796284,4008.9433375229637,4014.39013671875,1021436,0.0,0.0
2025-12-26,4012.805367872498,4022.213475225605,3991.216188959028,4008.15087890625,594330,0.0,0.0
2025-12-29,4013.7957591696304,4021.817505436967,3994.3852511874034,3999.634033203125,952143,0.0,0.0
2025-12-30,3999.931167587476,4024.590215731732,3967.4483902648694,4012.805419921875,1362208,0.0,0.0
2025-12-31,4018.7473912496557,4054.894330574597,4008.8441202017266,4044.000732421875,1160164,0.0,0.0
2026-01-01,4050.437710116081,4106.688094182946,4048.754202455465,4100.35009765625,1360716,0.0,0.0
2026-01-02,4098.072846397531,4132.3382622505915,4087.179247826558,4123.1279296875,984027,0.0,0.0
2026-01-05,4122.632506474317,4154.422102468241,4092.8235646412827,4110.25341796875,1167460,0.0,0.0
2026-01-06,4112.828298731514,4144.518764794459,4089.9516468306983,4100.54833984375,1205337,0.0,0.0
2026-01-07,4066.2833534738093,4139.5675639358315,4054.399427452941,4116.7900390625,1213160,0.0,0.0
2026-01-08,4119.760736848472,4129.5648784288605,3952.6926033998798,3989.43359375,2328813,0.0,0.0
2026-01-09,3990.0279398241755,4054.3992021941363,3967.448433283204,3986.2646484375,1718127,0.0,0.0
2026-01-12,3987.057045804888,3987.9482435148198,3906.147367225221,3980.124755859375,1386513,0.0,0.0
2026-01-13,3989.0376992976735,3989.0376992976735,3799.8852165355447,3849.797607421875,4978634,0.0,0.0
2026-01-14,3862.2758783975337,3867.128384712603,3819.295776872643,3828.40673828125,1914244,0.0,0.0
2026-01-15,3828.40673828125,3828.40673828125,3828.40673828125,3828.40673828125,0,0.0,0.0
2026-01-16,3852.3725000813506,3876.1403509815955,3811.4719416346966,3819.097412109375,1807300,0.0,0.0
2026-01-19,3783.0495812141053,3840.8845880477356,3771.660819385843,3832.367919921875,1709380,0.0,0.0
2026-01-20,3820.682141143715,3836.824522029507,3763.2431664971787,3773.6416015625,1658119,0.0,0.0
2026-01-21,3763.243097558244,3792.952911486335,3685.997581345206,3730.067138671875,2537185,0.0,0.0
2026-01-22,3762.1535505226097,3764.5304806471427,3718.777416654062,3757.10302734375,1856812,0.0,0.0
2026-01-23,3761.2623507419985,3762.648711979561,3684.1159658520496,3707.586669921875,1898703,0.0,0.0
2026-01-27,3707.586739308066,3778.097982259424,3702.833120751766,3751.1611328125,2162193,0.0,0.0
2026-01-28,3767.5014428981335,3791.170163926839,3732.6419772598138,3757.301025390625,2111741,0.0,0.0
2026-01-29,3822.662671754787,3922.586581151978,3806.421403747047,3894.857421875,4227139,0.0,0.0
2026-01-30,3864.751630858486,3904.2655866955392,3854.15517890676,3894.263427734375,2208465,0.0,0.0
2026-02-02,3793.646137206122,3896.739289473399,3788.001320848518,3883.369873046875,3034613,0.0,0.0
2026-02-03,4077.176685441057,4082.1283209589596,3991.61252040333,3999.733154296875,3742190,0.0,0.0
2026-02-04,3990.028058400209,4067.2735755397516,3978.0450032605168,4047.566162109375,1403373,0.0,0.0
2026-02-05,4048.457370023944,4048.9525335965986,3996.8612290417004,4023.996337890625,1433240,0.0,0.0
2026-02-06,4015.7763741904337,4038.5538973979255,4003.1992684273296,4028.749755859375,1630836,0.0,0.0
2026-02-09,4034.4936336236087,4084.80254240429,4023.1048715286006,4073.809814453125,1830267,0.0,0.0
2026-02-10,4099.954341193931,4134.219756795737,4082.524486896545,4128.673828125,1890409,0.0,0.0
2026-02-11,4132.53587635422,4147.1930076310955,4100.251116046062,4130.06005859375,1689489,0.0,0.0
2026-02-12,4147.390810471535,4158.3835381126855,4120.651978480812,4145.41015625,2006458,0.0,0.0
2026-02-13,4133.724626039453,4158.383675198847,4094.1115403028602,4133.5263671875,2234376,0.0,0.0
2026-02-16,4129.664070867548,4165.315847018922,4095.299526542819,4160.859375,852552,0.0,0.0
2026-02-17,4169.376344676558,4245.532404224515,4149.569802086287,4238.40185546875,1763048,0.0,0.0
2026-02-18,4248.998667692766,4293.068226185325,4219.883145984599,4284.05615234375,2042626,0.0,0.0
2026-02-19,4284.254227989648,4292.077715484829,4220.675033797088,4239.09521484375,2007080,0.0,0.0
2026-02-20,4225.824923381601,4347.536028937959,4225.824923381601,4338.22705078125,2542442,0.0,0.0
2026-02-23,4353.08189805949,4388.733673664306,4329.413177077925,4375.3642578125,2122782,0.0,0.0
2026-02-24,4372.789400346814,4397.052414797838,4187.202194686123,4218.00146484375,3673070,0.0,0.0
2026-02-25,4228.69657702178,4302.871977644797,4213.049602782989,4256.9208984375,2481469,0.0,0.0
2026-02-26,4263.2590312828725,4298.0196091654025,4236.9162337408725,4245.037109375,2370148,0.0,0.0
2026-02-27,4247.414068535446,4263.061527830492,4213.247781445278,4236.91650390625,2357853,0.0,0.0
2026-03-02,4021.718464978784,4101.340669322136,3936.946366148908,4027.36328125,6542141,0.0,0.0
2026-03-04,3911.7921409181713,3920.705085036719,3723.629987304386,3845.044189453125,7635350,0.0,0.0
2026-03-05,3886.2415796070422,4033.5031718602877,3871.089526534894,3999.634033203125,4996312,0.0,0.0
2026-03-06,3976.1632721469473,3976.1632721469473,3902.8790673801045,3911.593994140625,2379314,0.0,0.0
2026-03-09,3812.759522920217,3814.7401772178378,3706.794517997499,3804.93603515625,4248784,0.0,0.0
2026-03-10,3897.9274380804954,3933.5792134287926,3813.7496351747936,3838.5078125,3330102,0.0,0.0
2026-03-11,3842.1720063386033,3859.007567059743,3794.933451965104,3801.667724609375,2066473,0.0,0.0
2026-03-12,3788.0012398366084,3792.952875444238,3669.0628558297135,3683.521728515625,4255443,0.0,0.0
2026-03-13,3660.2489254688862,3661.239252559111,3391.3751204729983,3405.73486328125,10778730,0.0,0.0
2026-03-16,3420.0947157845285,3460.995274278437,3363.7451992550614,3435.8408203125,8459233,0.0,0.0
2026-03-17,3444.3577594550566,3515.6613128422805,3416.6285998044696,3508.531005859375,5003418,0.0,0.0
2026-03-18,3534.477591355991,3603.602474645025,3520.613011283426,3573.001220703125,4190485,0.0,0.0
2026-03-19,3492.586678462303,3494.171298598927,3388.899475195398,3401.278564453125,4898518,0.0,0.0
2026-03-20,3441.3867859706,3489.9128154706173,3377.0155223481283,3401.57568359375,4743217,0.0,0.0
2026-03-23,3372.16304103714,3376.916417885746,3256.294765660181,3310.0693359375,5645839,0.0,0.0
2026-03-24,3406.72529938431,3512.789430852937,3357.7041068495646,3482.782470703125,6037848,0.0,0.0
2026-03-25,3535.3686156571594,3624.5971840303014,3511.6998946916524,3614.000732421875,5090205,0.0,0.0
2026-03-27,3604.7907320135955,3604.7907320135955,3512.6903094648965,3529.625,3991388,0.0,0.0
2026-03-30,3466.144884403692,3509.3232431038955,3457.33106983784,3470.205322265625,3549203,0.0,0.0
2026-04-01,3619.6455172871188,3647.2755464119623,3562.503692497252,3572.60498046875,4099786,0.0,0.0
2026-04-02,3505.0649310073672,3593.8972280231887,3436.435211143694,3578.151123046875,4121638,0.0,0.0
2026-04-06,3581.61713670185,3700.8524244991,3542.4000862813164,3691.642333984375,3353246,0.0,0.0
2026-04-07,3644.4037006454223,3700.060034891855,3622.616504608955,3687.284912109375,3083714,0.0,0.0
2026-04-08,3909.811522872209,3992.9990020822556,3892.975961603509,3967.1513671875,7368477,0.0,0.0
2026-04-09,3949.424528544847,3949.424528544847,3848.015128836471,3858.512451171875,4415151,0.0,0.0
2026-04-10,3893.9661619938656,3926.646956334099,3877.7248942455017,3921.59619140625,2822017,0.0,0.0
2026-04-13,3788.0011935064013,3933.2821321015367,3778.6922153895466,3916.050537109375,4897563,0.0,0.0
2026-04-15,4006.2693514998937,4064.302619137815,3992.107866693713,4036.87060546875,4562142,0.0,0.0
2026-04-16,4088.0703386726873,4108.867208128145,4049.447581112553,4079.949462890625,5092608,0.0,0.0
2026-04-17,4094.0123049589974,4102.826119595728,4033.4043337058415,4056.47900390625,2796673,0.0,0.0
2026-04-20,4060.3412146981454,4090.051028464229,3985.0763531573994,4011.815185546875,3545024,0.0,0.0
2026-04-21,3999.931193844929,4052.220513563709,3992.9989040809,4035.97900390625,2426718,0.0,0.0
2026-04-22,4030.6314906487546,4030.6314906487546,3972.202188941561,3982.20458984375,2178082,0.0,0.0
2026-04-23,3971.1126019970075,4024.6893956337844,3940.0164272955244,4014.88525390625,2229134,0.0,0.0
2026-04-24,4032.6120414365805,4048.5564048149936,3944.670944632933,3975.47021484375,2162213,0.0,0.0
2026-04-27,4018.7474793637457,4049.942783848703,3991.2163368910456,4014.39013671875,2000348,0.0,0.0
2026-04-28,4020.728142151919,4048.3581723284724,3984.977236097506,3998.643798828125,1750237,0.0,0.0
2026-04-29,4020.7280982422662,4086.089688016648,4012.112300673278,4056.47900390625,2175030,0.0,0.0
2026-04-30,4043.5056676023564,4060.341228794921,3951.40524460774,3975.173095703125,2569328,0.0,0.0
2026-05-01,3975.173095703125,3975.173095703125,3975.173095703125,3975.173095703125,0,0.0,0.0
2026-05-04,3987.0570248896283,4099.459154130804,3987.0570248896283,4061.13330078125,2173027,0.0,0.0
2026-05-05,4045.486226723394,4050.4378622518193,3985.0762732766066,4015.28125,3849402,0.0,0.0
2026-05-06,3935.5600322215682,3982.1054075397396,3862.2758242738087,3969.726318359375,9540104,0.0,0.0
2026-05-07,3989.0375730176484,4026.471985886887,3952.3954701870493,3984.0859375,3477185,0.0,0.0
2026-05-08,3971.21178887478,3975.173097392361,3921.6954324050193,3936.05517578125,1620273,0.0,0.0
2026-05-11,3909.811514041804,3915.258313263493,3848.510361331151,3902.0869140625,2027769,0.0,0.0
2026-05-12,3887.133070256449,3901.8888476132015,3809.788425575631,3819.196533203125,2255075,0.0,0.0
2026-05-13,3810.7788666919755,3914.7632172643916,3810.7788666919755,3877.923095703125,2486330,0.0,0.0
2026-05-14,3903.86953222323,3949.424580037098,3887.0339710746266,3902.284912109375,2982228,0.0,0.0
2026-05-15,3911.197839728613,3911.197839728613,3855.3434867478295,3871.188720703125,1339185,0.0,0.0
2026-05-18,3836.4280596540248,3886.7367247380407,3814.7399928548766,3879.903564453125,1771638,0.0,0.0
2026-05-19,3902.780167473302,3921.695512743879,3862.2758837629112,3883.07275390625,2318170,0.0,0.0
2026-05-20,3863.8604825083903,3905.3550931385853,3845.5394303407566,3872.872314453125,1972259,0.0,0.0
2026-05-21,3931.5985745195367,3931.5985745195367,3874.8527835138552,3890.5,1624945,0.0,0.0
2026-05-22,3907.0,3960.0,3900.10009765625,3926.60009765625,1330428,38.0,0.0
2026-05-25,3970.0,4038.39990234375,3961.5,4033.39990234375,2099927,0.0,0.0
2026-05-26,4029.60009765625,4052.89990234375,4014.199951171875,4037.800048828125,1552847,0.0,0.0
2026-05-27,4043.0,4069.89990234375,4017.89990234375,4047.5,1607028,0.0,0.0
2026-05-28,4047.5,4047.5,4047.5,4047.5,0,0.0,0.0
2026-05-29,4045.800048828125,4128.0,4045.0,4076.5,4882940,0.0,0.0
2026-06-01,4089.0,4105.7998046875,4002.10009765625,4010.800048828125,1409388,0.0,0.0
2026-06-02,3980.0,4017.0,3923.5,4000.89990234375,2085054,0.0,0.0
2026-06-03,4000.89990234375,4008.0,3894.0,3953.199951171875,1872929,0.0,0.0
2026-06-04,3945.0,3974.89990234375,3930.10009765625,3942.10009765625,1398297,0.0,0.0
2026-06-05,3960.0,3978.0,3923.89990234375,3953.199951171875,1278243,0.0,0.0
2026-06-08,3901.10009765625,3916.699951171875,3863.10009765625,3875.5,1678709,0.0,0.0
2026-06-09,3924.89990234375,3924.89990234375,3885.0,3900.60009765625,1506501,0.0,0.0
2026-06-10,3904.0,3962.800048828125,3900.0,3917.5,2033070,0.0,0.0
2026-06-11,3900.0,3909.800048828125,3854.39990234375,3862.0,2224659,0.0,0.0
2026-06-12,3930.0,4059.800048828125,3921.0,4049.300048828125,3065790,0.0,0.0
2026-06-15,4130.0,4214.89990234375,4130.0,4169.7998046875,3978153,0.0,0.0
2026-06-16,4205.0,4235.39990234375,4177.10009765625,4186.39990234375,2647549,0.0,0.0
2026-06-17,4200.10009765625,4214.7001953125,4172.0,4207.7001953125,1312925,0.0,0.0
2026-06-18,4207.7001953125,4244.89990234375,4165.60009765625,4190.0,1485427,0.0,0.0
2026-06-19,4190.0,4217.5,4161.60009765625,4209.39990234375,1397746,0.0,0.0
2026-06-22,4228.0,4235.39990234375,4190.0,4201.2998046875,1169466,0.0,0.0
2026-06-23,4210.0,4242.39990234375,4166.0,4179.39990234375,2198497,0.0,0.0
2026-06-24,4176.5,4215.0,4170.0,4181.7001953125,1367416,0.0,0.0
2026-06-25,4207.0,4272.2998046875,4187.10009765625,4216.39990234375,3104020,0.0,0.0
2026-06-26,4216.39990234375,4216.39990234375,4216.39990234375,4216.39990234375,0,0.0,0.0
2026-06-29,4225.0,4252.0,4157.7998046875,4165.2001953125,2706906,0.0,0.0
2026-06-30,4183.0,4193.7998046875,4134.10009765625,4143.39990234375,1539094,0.0,0.0
2026-07-01,4130.10009765625,4142.7998046875,4081.10009765625,4092.60009765625,1437109,0.0,0.0
2026-07-02,4100.0,4110.0,4012.0,4059.39990234375,2481554,0.0,0.0
2026-07-03,4080.0,4094.0,4019.0,4026.60009765625,1505428,0.0,0.0
2026-07-06,4027.699951171875,4068.0,4016.5,4041.0,1252054,0.0,0.0
2026-07-07,4044.5,4046.300048828125,3975.0,3991.89990234375,2442514,0.0,0.0
2026-07-08,3950.0,3988.0,3871.0,3892.10009765625,2252308,0.0,0.0
2026-07-09,3916.0,3947.300048828125,3867.800048828125,3886.0,5117653,0.0,0.0
2026-07-10,3905.0,3953.800048828125,3905.0,3945.800048828125,1283990,0.0,0.0
2026-07-13,3895.0,3939.0,3875.60009765625,3928.5,1744547,0.0,0.0
2026-07-14,3892.0,3897.89990234375,3843.0,3848.699951171875,2409089,0.0,0.0
2026-07-15,3868.0,3868.0,3778.60009765625,3783.89990234375,3602201,0.0,0.0
2026-07-16,3795.0,3802.0,3762.300048828125,3775.60009765625,2936753,0.0,0.0
2026-07-17,3788.89990234375,3828.89990234375,3767.699951171875,3814.5,1942610,0.0,0.0
2026-07-20,3815.0,3850.0,3807.0,3838.800048828125,1450930,0.0,0.0
2026-07-21,3839.0,3859.5,3815.699951171875,3846.60009765625,1393919,0.0,0.0
2026-07-22,3835.0,3843.300048828125,3806.199951171875,3817.39990234375,1157406,0.0,0.0
