Date,Open,High,Low,Close,Volume
2011-09-05 00:00:00+05:30,163.4209796520207,164.34658730504475,161.04525517333983,162.2588348388672,19981247
2011-09-06 00:00:00+05:30,161.09668913299348,169.79739003871921,159.71856188544777,168.97462463378906,31333473
2011-09-07 00:00:00+05:30,169.48882905046338,173.49978588512298,169.42712371215845,171.44288635253906,31438175
2011-09-08 00:00:00+05:30,171.4429130309095,176.6880186396775,167.53479781861316,175.3407440185547,35284258
2011-09-09 00:00:00+05:30,175.27905328191,176.59547533881627,169.42716420030314,169.8488311767578,29564130
2011-09-12 00:00:00+05:30,166.68119426192965,169.1700454978115,163.5752757625039,165.84814453125,18579499
2011-09-13 00:00:00+05:30,167.26735106568424,169.643074999825,163.88374591470847,166.6605682373047,25400442
2011-09-14 00:00:00+05:30,167.41138466312432,170.6715662132838,165.6218746776869,169.77682495117188,20539026
2011-09-15 00:00:00+05:30,171.34004164476872,172.49190207101677,167.3393690910023,172.01881408691406,20407052
2011-09-16 00:00:00+05:30,174.83681744610143,174.83681744610143,168.8718018978331,169.82826232910156,26810791
2011-09-19 00:00:00+05:30,169.69451894265168,170.5481369444002,167.7610300247952,168.98489379882812,12796090
2011-09-20 00:00:00+05:30,169.28316842998373,175.6492818928603,167.90504115527412,175.20704650878906,18437927
2011-09-21 00:00:00+05:30,175.02191191851935,175.02191191851935,171.19608439591147,172.28623962402344,17030216
2011-09-22 00:00:00+05:30,169.47858621900306,170.29106749965928,160.4384910679842,161.74462890625,27298045
2011-09-23 00:00:00+05:30,159.18379124461558,163.03020152613803,157.16801434134774,158.5050048828125,38513013
2011-09-26 00:00:00+05:30,158.21700852670483,158.5255352255301,153.76380253427487,156.16009521484375,27202137
2011-09-27 00:00:00+05:30,159.20433165572112,164.69625828441693,158.79294896691061,163.97634887695312,22046959
2011-09-28 00:00:00+05:30,164.50085802926984,165.84811882860146,162.3102496738009,163.97634887695312,25034598
2011-09-29 00:00:00+05:30,162.59823886951594,167.17484258895942,161.35380644753366,166.1361083984375,31511671
2011-09-30 00:00:00+05:30,165.27219343510856,169.26258229233062,163.0096091757717,166.26979064941406,34944185
2011-10-03 00:00:00+05:30,162.7422045110455,164.5317144423499,161.28180348439417,162.12513732910156,21109422
2011-10-04 00:00:00+05:30,161.26123434149494,162.6599300169886,157.40454044239428,158.71067810058594,26251892
2011-10-05 00:00:00+05:30,158.90605677704445,160.0064960722771,156.68459601047897,157.7644805908203,20734666
2011-10-07 00:00:00+05:30,161.81661851383083,166.19782217971755,161.44637266290604,165.1488037109375,19911027
2011-10-10 00:00:00+05:30,165.42647598107158,170.908118728265,165.41619175647398,170.5687255859375,14846381
2011-10-11 00:00:00+05:30,171.75145741781134,173.0678656643941,169.18031881274527,170.10592651367188,15716423
2011-10-12 00:00:00+05:30,170.59959655870668,175.227635430109,169.9105397061509,174.76483154296875,17269967
2011-10-13 00:00:00+05:30,174.8368086522041,176.48233956937932,173.21185991557067,174.1991729736328,18353721
2011-10-14 00:00:00+05:30,173.19124721497226,178.88887115831486,173.0883912609731,178.31292724609375,17871109
2011-10-17 00:00:00+05:30,178.33355687676513,178.71408696449072,170.95956097026098,171.504638671875,22052401
2011-10-18 00:00:00+05:30,169.69452610273024,169.9824981001255,166.8868643485043,168.6455078125,18299531
2011-10-19 00:00:00+05:30,169.79741281420817,173.80837067268428,169.50944076467403,173.39698791503906,11872557
2011-10-20 00:00:00+05:30,171.72056755535232,172.96498595824406,169.0774399484821,172.51246643066406,9971735
2011-10-21 00:00:00+05:30,172.77988715783988,174.6722392378908,170.9492404198855,171.90570068359375,10342733
2011-10-24 00:00:00+05:30,174.42542432920362,175.65957250580874,173.51010085427478,174.1168975830078,9081569
2011-10-25 00:00:00+05:30,175.86527013385813,181.20293427825055,173.2221554910687,180.1744842529297,22735907
2011-10-28 00:00:00+05:30,185.05961728180975,185.94408809340007,181.8508566968031,185.12132263183594,24528852
2011-10-31 00:00:00+05:30,184.70994189153703,184.97733172465527,179.47512066035728,180.50357055664062,15872042
2011-11-01 00:00:00+05:30,179.0534208132455,180.69893759865707,176.4000090349421,177.01708984375,16384499
2011-11-02 00:00:00+05:30,175.86523603911112,181.20289914869826,175.86523603911112,179.32083129882812,13751121
2011-11-03 00:00:00+05:30,178.48781488998344,182.93072356487758,177.51078607588528,182.22108459472656,16042287
2011-11-04 00:00:00+05:30,186.14975452529308,186.14975452529308,179.49566985564022,180.99720764160156,18251373
2011-11-08 00:00:00+05:30,180.80185575881055,182.0359903398227,178.64209964612607,181.7686004638672,10120202
2011-11-09 00:00:00+05:30,183.07472834463402,183.60952183801405,177.1302808296019,177.91189575195312,11664515
2011-11-11 00:00:00+05:30,176.68798889948718,182.81756425773634,174.85734229728803,182.10792541503906,21739364
2011-11-14 00:00:00+05:30,183.3523935982822,184.29856975401074,179.56768897536793,180.3287353515625,15996247
2011-11-15 00:00:00+05:30,179.15631278289558,180.5961455188953,176.12238393116306,177.1919708251953,9897941
2011-11-16 00:00:00+05:30,176.70858189652387,176.70858189652387,172.23482072926507,174.44598388671875,13313254
2011-11-17 00:00:00+05:30,173.81862328233262,174.55911485752696,165.83783218910906,166.59889221191406,24227745
2011-11-18 00:00:00+05:30,164.6139732522229,167.0102659231648,161.87828748333152,166.21835327148438,21690327
2011-11-21 00:00:00+05:30,164.55230486846963,164.55230486846963,160.74703156546826,161.74462890625,17715656
2011-11-22 00:00:00+05:30,162.1046011242726,165.46763921723473,161.79606060662692,163.56500244140625,19171804
2011-11-23 00:00:00+05:30,162.47480759374707,162.47480759374707,155.46077418164313,159.08091735839844,23710270
2011-11-24 00:00:00+05:30,159.41004057332955,160.02710783584234,154.91571044048408,159.02951049804688,27857321
2011-11-25 00:00:00+05:30,158.31987226625034,158.63868323167796,154.47346238688036,155.0493927001953,16185464
2011-11-28 00:00:00+05:30,157.3531296550371,161.63149075563504,156.84918890824835,161.22010803222656,11033484
2011-11-29 00:00:00+05:30,160.8498356125939,160.8498356125939,156.1498083408873,157.3531036376953,21013969
2011-11-30 00:00:00+05:30,155.64588231293126,161.11725429429532,154.90540444808738,160.07850646972656,19988986
2011-12-01 00:00:00+05:30,164.34657287597656,166.76343403987906,163.56495816313057,164.34657287597656,20626920
2011-12-02 00:00:00+05:30,163.93517565583912,167.63760561423283,161.7857182230499,167.03082275390625,19598467
2011-12-05 00:00:00+05:30,166.26976896147636,167.06168158731248,164.2128694556116,165.940673828125,13827937
2011-12-07 00:00:00+05:30,165.9921238848309,168.56324871545905,165.21049534562854,166.56805419921875,15373615
2011-12-08 00:00:00+05:30,164.9636679892934,166.1360970251076,158.8135233369216,160.20193481445312,19435800
2011-12-09 00:00:00+05:30,158.36100288579726,158.36100288579726,154.82313361805177,155.44020080566406,22070197
2011-12-12 00:00:00+05:30,156.4377888110001,156.73604502826416,148.9198016127827,149.6397247314453,22298377
2011-12-13 00:00:00+05:30,148.8992701220635,153.445035421995,148.30277127009072,152.68397521972656,22873371
2011-12-14 00:00:00+05:30,151.79947237306814,155.06995174068638,150.85329629767182,152.60166931152344,23206895
2011-12-15 00:00:00+05:30,150.54480620734176,155.19340019231,148.8170012212022,154.29864501953125,28922246
2011-12-16 00:00:00+05:30,154.06203626375765,173.72603128818463,147.28454187321583,148.4775390625,25499308
2011-12-19 00:00:00+05:30,147.93247892838332,152.19027082584694,147.0994294041697,151.2440948486328,20623197
2011-12-20 00:00:00+05:30,152.5605538161134,152.5605538161134,145.87561500618742,146.7498016357422,24282464
2011-12-21 00:00:00+05:30,149.5369162983167,155.03912824644777,148.65244540086854,153.85641479492188,19963870
2011-12-22 00:00:00+05:30,152.48854004199214,156.38637073662218,150.77101973193334,155.20364379882812,19571514
2011-12-23 00:00:00+05:30,156.32467415000832,158.33015284099116,152.70451729729965,153.52728271484375,15360163
2011-12-26 00:00:00+05:30,153.66095390931125,157.31196287170962,153.3524134927155,156.53033447265625,10396517
2011-12-27 00:00:00+05:30,157.55880913946538,158.11417099268812,153.3113008484415,154.89512634277344,13449406
2011-12-28 00:00:00+05:30,155.85161392209096,156.01616154273734,151.25442746419048,152.01548767089844,12376536
2011-12-29 00:00:00+05:30,150.90469922607525,152.0051522604237,145.46419431371578,146.43093872070312,23840441
2011-12-30 00:00:00+05:30,146.6572242928818,148.21018333218683,141.72064566155464,142.5331268310547,29146195
2012-01-02 00:00:00+05:30,143.32504196338985,145.9887247175164,141.340131745554,145.3305206298828,18808107
2012-01-03 00:00:00+05:30,146.50292768007674,149.5162873397907,146.11211348363162,149.05349731445312,20489219
2012-01-04 00:00:00+05:30,149.61917986775762,150.3493735945889,146.72923017511346,147.30516052246094,18541902
2012-01-05 00:00:00+05:30,147.06860908505055,149.11523856527032,142.76967934997458,143.8804168701172,28959200
2012-01-06 00:00:00+05:30,143.37646719056065,148.91981529905135,143.2941933935764,147.59310913085938,20575210
2012-01-09 00:00:00+05:30,146.95548349067,146.95548349067,144.48720075986,145.26882934570312,18386646
2012-01-10 00:00:00+05:30,146.4515278778501,152.00517375732446,146.4515278778501,151.42922973632812,19720278
2012-01-11 00:00:00+05:30,151.7789184170571,154.88485049615986,150.46249641894045,153.90782165527344,21183286
2012-01-12 00:00:00+05:30,153.7535529393353,154.8745747226924,150.68877132379012,151.5732421875,14225123
2012-01-13 00:00:00+05:30,152.62223706199964,154.46316808404103,149.7631404007456,150.52420043945312,20530513
2012-01-16 00:00:00+05:30,150.14365889252733,150.14365889252733,146.24582844328376,146.6469268798828,17794345
2012-01-17 00:00:00+05:30,147.27426134003662,153.11586423244674,147.27426134003662,152.6324920654297,22738488
2012-01-18 00:00:00+05:30,156.73605860716827,162.06343797051,155.9235774050151,160.38705444335938,40461227
2012-01-19 00:00:00+05:30,162.28970380411837,163.71925232458,160.87043950904263,161.60064697265625,23989114
2012-01-20 00:00:00+05:30,162.49539015453374,164.55230390807557,158.8032570848772,163.0404815673828,31725274
2012-01-23 00:00:00+05:30,155.35793965711846,160.38706304713807,155.33737120687738,158.70040893554688,28250482
2012-01-24 00:00:00+05:30,159.32774046557915,162.82447268335187,158.4638382023184,161.20980834960938,22291662
2012-01-25 00:00:00+05:30,162.2279616129804,163.52381490916244,161.01438210120267,162.69076538085938,16786908
2012-01-27 00:00:00+05:30,164.552278840125,170.29104056357596,164.3465806308029,168.74835205078125,24347771
2012-01-30 00:00:00+05:30,167.41139388534614,168.42955962815347,162.94790290037147,163.472412109375,21126187
2012-01-31 00:00:00+05:30,165.47787196148747,168.83062478513688,164.84022267210673,168.06956481933594,27405612
2012-02-01 00:00:00+05:30,168.43984533238776,171.5457637134175,167.8433465426799,170.96983337402344,16522676
2012-02-02 00:00:00+05:30,171.75145260648154,173.3352643863317,169.51970721576913,170.5687255859375,21445055
2012-02-03 00:00:00+05:30,170.72298401055556,172.77988362750293,167.77131575967326,172.43020629882812,19989261
2012-02-06 00:00:00+05:30,173.9934402833016,174.7339317954934,169.50939551024362,171.3400421142578,17430906
2012-02-07 00:00:00+05:30,173.19126541110631,175.39214414541254,171.5971558585814,173.7157745361328,21068816
2012-02-08 00:00:00+05:30,174.21974892516417,177.8604608345532,173.80836617815694,176.5646209716797,15957543
2012-02-09 00:00:00+05:30,176.22520661842364,176.87312647197365,173.31468879362598,175.6287078857422,18851741
2012-02-10 00:00:00+05:30,174.9087805057975,176.68800616728052,172.36850854324393,173.44837951660156,14952871
2012-02-13 00:00:00+05:30,173.0061573435515,176.64688273541122,172.9855888941334,174.6825408935547,15284147
2012-02-14 00:00:00+05:30,174.19915198823335,176.1532094190222,173.396955076219,174.61053466796875,13711512
2012-02-15 00:00:00+05:30,175.70072390329716,176.01954863128137,171.35037284750015,172.09085083007812,31421021
2012-02-16 00:00:00+05:30,170.92867019478697,170.92867019478697,165.51901755725447,167.1131134033203,27747347
2012-02-17 00:00:00+05:30,169.08776546042486,169.9825205114152,166.65033544213742,168.2958526611328,35922700
2012-02-21 00:00:00+05:30,168.1518691084137,174.57970189985426,167.65821258257276,173.51010131835938,36457910
2012-02-22 00:00:00+05:30,174.4254085384188,176.35889756196903,170.7435602528833,171.42233276367188,25146771
2012-02-23 00:00:00+05:30,171.13438986723347,174.81625250954343,170.02366603136912,172.69764709472656,19105924
2012-02-24 00:00:00+05:30,171.44289927683744,173.12956690674196,167.5347843780711,168.65579223632812,18746068
2012-02-27 00:00:00+05:30,169.0363431884096,169.81797175723193,157.42512351582127,160.7367401123047,27772012
2012-02-28 00:00:00+05:30,162.29996116390726,164.62426436941354,162.02227339384623,163.8323516845703,23140014
2012-02-29 00:00:00+05:30,165.59101579028413,170.29104351650767,165.40589975622967,168.8203582763672,27846970
2012-03-01 00:00:00+05:30,166.9794415027495,168.3987057435686,164.77854870126802,166.80459594726562,12960682
2012-03-02 00:00:00+05:30,167.8947653133776,168.25471318882006,165.73500940768557,167.45252990722656,12687228
2012-03-05 00:00:00+05:30,167.03086253355295,167.43196103865077,163.36956859334543,164.03807067871094,13074509
2012-03-06 00:00:00+05:30,163.93519337701122,166.40348943649593,159.20432692284638,159.7288360595703,35129404
2012-03-07 00:00:00+05:30,159.72885828443697,159.92425856096338,154.47346823170116,156.69491577148438,28202989
2012-03-09 00:00:00+05:30,159.47175004051311,160.35622092027666,158.21704703205572,159.16322326660156,17249418
2012-03-12 00:00:00+05:30,162.49535594836937,165.16933639978214,160.3767510183986,164.25401306152344,15041933
2012-03-13 00:00:00+05:30,165.26190225947283,169.06717491997816,165.23104958799453,168.65579223632812,16117008
2012-03-14 00:00:00+05:30,170.31162846127188,170.72301119629054,165.93042498882562,167.53480529785156,17623820
2012-03-15 00:00:00+05:30,168.254707728185,168.91292556884682,163.1947318801101,163.86322021484375,20258209
2012-03-16 00:00:00+05:30,160.43847197362822,164.0791972343334,157.83649456293801,158.8649444580078,25168501
2012-03-19 00:00:00+05:30,160.64413528874846,161.05551790351888,154.49399197260757,155.31675720214844,15978638
2012-03-20 00:00:00+05:30,155.52248171148807,157.6410869331779,154.32948417884515,156.43780517578125,10455362
2012-03-21 00:00:00+05:30,156.32468259045174,159.10149199602964,155.31680107831465,157.98048400878906,14211666
2012-03-22 00:00:00+05:30,157.53823966980002,158.67982977293468,150.56534328030378,151.46009826660156,29243875
2012-03-23 00:00:00+05:30,152.99250892484855,154.16493812412776,151.82006599496086,153.04393005371094,26956646
2012-03-26 00:00:00+05:30,153.01304282642948,153.01304282642948,149.53687918598237,150.1745147705078,23135333
2012-03-27 00:00:00+05:30,151.7994825147002,151.96404384137614,149.1460838750554,150.36993408203125,27194700
2012-03-28 00:00:00+05:30,150.15397155900774,151.36753759131284,148.19991385261892,149.26950073242188,18072694
2012-03-29 00:00:00+05:30,147.68565449219741,150.09223127697535,147.68565449219741,149.05349731445312,23976904
2012-03-30 00:00:00+05:30,150.05110832247547,154.88483078655463,149.55745185232706,154.39117431640625,17276879
2012-04-02 00:00:00+05:30,154.13408376559946,154.44262426601685,152.0154783571441,152.32400512695312,11220694
2012-04-03 00:00:00+05:30,153.08503144242636,156.92115661048058,153.08503144242636,154.8231201171875,17515593
2012-04-04 00:00:00+05:30,153.23932830353894,155.70761110911894,152.92051730883605,153.6507110595703,11813695
2012-04-09 00:00:00+05:30,152.22117071763333,153.85641760435456,150.99732033974908,152.6531219482422,11411688
2012-04-10 00:00:00+05:30,153.44499082855754,153.65067529339066,151.82002863395522,152.75592041015625,8370104
2012-04-11 00:00:00+05:30,152.0051931592787,152.0051931592787,149.39291747461996,150.21568298339844,16304095
2012-04-12 00:00:00+05:30,150.8327183140883,153.3627196583174,150.8327183140883,152.88961791992188,11779103
2012-04-13 00:00:00+05:30,153.45531656290106,156.73608077870298,151.69665899042383,154.58660888671875,14214624
2012-04-16 00:00:00+05:30,153.67122443782057,154.97736181726748,151.3880585119268,153.87692260742188,10518035
2012-04-17 00:00:00+05:30,155.25507361495826,155.25507361495826,152.28285036407348,153.52728271484375,13893966
2012-04-18 00:00:00+05:30,154.2677709260493,155.66646673719876,152.76623286347876,153.9798126220703,14998238
2012-04-19 00:00:00+05:30,155.0699507253844,155.0699507253844,151.90231361917802,152.5502471923828,18399192
2012-04-20 00:00:00+05:30,152.22111775217834,152.41653171241194,149.74255144964843,150.32876586914062,14922257
2012-04-23 00:00:00+05:30,149.30035732970887,153.3936026338307,148.96096415928818,151.4498291015625,22106609
2012-04-24 00:00:00+05:30,152.00518468375887,152.31371143439173,148.8581157130512,151.20298767089844,16664900
2012-04-25 00:00:00+05:30,150.99730945120427,152.80737432202912,149.7528769800671,151.4498291015625,13586437
2012-04-26 00:00:00+05:30,151.61437030238588,154.0620845088302,150.89444709016885,153.24960327148438,15180399
2012-04-27 00:00:00+05:30,152.47828951065054,153.68157143147928,151.4909763389827,152.6222686767578,12501799
2012-04-30 00:00:00+05:30,151.69667450558663,153.83584865972784,151.69667450558663,153.25991821289062,12147744
2012-05-02 00:00:00+05:30,153.83581182860024,154.55573501274162,152.21086314788602,152.94107055664062,12520177
2012-05-03 00:00:00+05:30,151.90233140975863,153.1261954009001,151.21327459045915,151.97433471679688,8299657
2012-05-04 00:00:00+05:30,150.85331561001723,152.21087455250404,148.50844356946874,149.42376708984375,16529947
2012-05-07 00:00:00+05:30,147.06859258109873,148.50842514805504,145.03226128526492,147.21258544921875,20084811
2012-05-08 00:00:00+05:30,147.68568548298057,147.87080153196086,143.7775701596483,145.70077514648438,16997816
2012-05-09 00:00:00+05:30,144.3946211298777,145.69047451866558,142.14230746782857,142.97535705566406,16058311
2012-05-10 00:00:00+05:30,143.41760391819403,145.71105465943265,142.0394766285287,142.77996826171875,14838445
2012-05-11 00:00:00+05:30,142.54341579622312,144.6003156181685,141.57667123223598,143.40731811523438,13310297
2012-05-14 00:00:00+05:30,143.5718367052926,144.55914951883506,139.5711643390221,140.13681030273438,17853868
2012-05-15 00:00:00+05:30,139.6637693435847,141.51498492464034,138.65588774600707,140.20884704589844,16170682
2012-05-16 00:00:00+05:30,138.84096359016232,140.44535728528163,138.43986516638248,139.06723022460938,13569502
2012-05-17 00:00:00+05:30,139.92090551291335,141.89553204151557,139.41696465364737,140.9287872314453,15576334
2012-05-18 00:00:00+05:30,139.2318044855726,143.24276203117148,138.84099020976495,141.6280975341797,10341793
2012-05-21 00:00:00+05:30,141.20643228310556,144.12723456602885,141.10359003313096,143.05764770507812,10211280
2012-05-22 00:00:00+05:30,144.92942617894624,144.92942617894624,141.6692308619299,142.15260314941406,12853294
2012-05-23 00:00:00+05:30,140.93903246432308,141.91606123118981,139.77687392998914,141.27841186523438,11301566
2012-05-24 00:00:00+05:30,142.74913689122948,143.98328533923254,141.12418781210522,143.01654052734375,10498664
2012-05-25 00:00:00+05:30,142.95480053116975,143.01650587902913,141.62809436037216,142.1731719970703,13496281
2012-05-28 00:00:00+05:30,142.3377066702375,144.60029059052314,142.3377066702375,144.32261657714844,11265492
2012-05-29 00:00:00+05:30,144.4357743646814,145.9990177487376,143.4793139832182,144.36378479003906,15024360
2012-05-30 00:00:00+05:30,143.91127041110568,145.76248589186514,142.98566267072593,145.26882934570312,15403723
2012-05-31 00:00:00+05:30,145.26026847211622,151.9397301493587,142.2070971988301,147.0525665283203,39482174
2012-06-01 00:00:00+05:30,147.41730059293954,147.8549585400785,141.31095734916425,142.81149291992188,17921568
2012-06-04 00:00:00+05:30,141.09209983221987,145.26026283237218,140.34183911763785,144.37452697753906,14269847
2012-06-05 00:00:00+05:30,145.0518871791574,147.1359762120855,144.86432542659952,146.41696166992188,13284608
2012-06-06 00:00:00+05:30,146.81291674228132,149.6368461665446,145.57288361026528,149.19918823242188,23252900
2012-06-07 00:00:00+05:30,150.2724675712498,152.53369763610903,149.2721106759775,150.31414794921875,27944820
2012-06-08 00:00:00+05:30,149.63688376599976,152.53375458851556,148.44895081431312,152.07525634765625,12717493
2012-06-11 00:00:00+05:30,152.70042183751474,153.4715366675395,149.6576707201366,150.52255249023438,9954345
2012-06-12 00:00:00+05:30,149.01162131845226,151.30411208089342,148.8865801619585,150.66847229003906,11961991
2012-06-13 00:00:00+05:30,150.52258158598735,150.87687878545745,148.4697668900196,149.28256225585938,9950023
2012-06-14 00:00:00+05:30,149.22002807981616,150.22038509492947,148.18841077748118,149.29296875,7479627
2012-06-15 00:00:00+05:30,149.74104591903395,152.096057102927,149.74104591903395,151.4604034423828,9936719
2012-06-18 00:00:00+05:30,152.2106732494917,153.07556898713503,148.38638696184805,149.82440185546875,10034412
2012-06-19 00:00:00+05:30,149.4284392803125,154.09678158227865,149.4284392803125,153.6903839111328,7804051
2012-06-20 00:00:00+05:30,153.8050185847164,154.83663604246615,152.76298102965632,153.6799774169922,10313366
2012-06-21 00:00:00+05:30,152.97142359669925,152.97142359669925,148.0529837753162,149.78277587890625,22609240
2012-06-22 00:00:00+05:30,148.7094019532551,148.9907444861788,146.62532754282637,148.17796325683594,19130296
2012-06-25 00:00:00+05:30,148.84493141199724,150.6685043131583,148.3864331620597,149.26174926757812,11114641
2012-06-26 00:00:00+05:30,149.53264298793061,151.19991408865855,148.89700318458412,150.78309631347656,16084241
2012-06-27 00:00:00+05:30,151.38745786241566,152.05437178837084,149.63684010880536,150.57467651367188,7708056
2012-06-28 00:00:00+05:30,150.97064417320473,151.6792384994766,149.3554876158656,150.03282165527344,11903391
2012-06-29 00:00:00+05:30,151.11656356655823,154.4094116930459,151.11656356655823,153.7737579345703,16771028
2012-07-02 00:00:00+05:30,153.28399980718638,154.3885579461086,152.16902157095382,153.6799774169922,6831968
2012-07-03 00:00:00+05:30,154.2113966872364,154.774095782473,152.40866443367358,153.4611358642578,10294922
2012-07-04 00:00:00+05:30,154.2218068023977,154.2218068023977,151.8980559879279,153.02346801757812,9347118
2012-07-05 00:00:00+05:30,153.16936217898046,154.72199824641842,152.56498268830174,153.95089721679688,7805552
2012-07-06 00:00:00+05:30,153.80499373042534,153.80499373042534,152.03353573788888,153.1485137939453,9259557
2012-07-09 00:00:00+05:30,151.92934042255126,152.92969755545968,151.3249608864216,152.5128936767578,7798797
2012-07-10 00:00:00+05:30,152.43994529883358,154.63865540865663,152.3044840327346,154.15931701660156,5974354
2012-07-11 00:00:00+05:30,152.85676283947117,153.5132567980597,150.47049098075718,151.23118591308594,11937173
2012-07-12 00:00:00+05:30,150.44963806476855,152.09606895870073,149.44928097742226,150.3037567138672,10066480
2012-07-13 00:00:00+05:30,150.05365986734753,151.4083001042755,149.01160858292678,149.7410430908203,11373177
2012-07-16 00:00:00+05:30,150.05367675504422,150.91855868955614,149.02204545000308,150.12661743164062,7307313
2012-07-17 00:00:00+05:30,151.05401449908655,151.71049441633167,149.49094455286806,149.91818237304688,11396875
2012-07-18 00:00:00+05:30,149.63684284202782,150.43920411008455,148.42807002416106,149.1783447265625,8552746
2012-07-19 00:00:00+05:30,150.0953788557131,152.1169335476006,149.63688062447963,151.6792755126953,11681226
2012-07-20 00:00:00+05:30,150.53301635405236,151.89807685134582,149.4388644600527,150.60595703125,12406980
2012-07-23 00:00:00+05:30,149.01160989127607,151.26242009561258,148.65732664171253,149.84524536132812,10221032
2012-07-24 00:00:00+05:30,150.26205113944883,151.48123004877604,149.7097722058895,150.99148559570312,8035118
2012-07-25 00:00:00+05:30,150.13703024947083,151.0019260540631,148.41765873643774,149.89735412597656,8748220
2012-07-26 00:00:00+05:30,150.24124492937202,150.24124492937202,147.27143378297228,148.0008544921875,14016845
2012-07-27 00:00:00+05:30,149.84523673233622,151.47081328451816,149.25127740673219,150.26205444335938,13466410
2012-07-30 00:00:00+05:30,150.6789030283962,152.51289576787835,150.43922688284445,152.0543975830078,6963876
2012-07-31 00:00:00+05:30,152.4712140882119,155.4931256967145,150.2620839594509,154.97210693359375,13479810
2012-08-01 00:00:00+05:30,154.27391635048605,156.4934663423556,153.93003927298275,155.62857055664062,14431906
2012-08-02 00:00:00+05:30,154.65947530830178,155.8057136950573,153.5444972096208,154.12803649902344,7974567
2012-08-03 00:00:00+05:30,153.179789051447,155.88909765118657,152.25237262602906,154.75326538085938,10943814
2012-08-06 00:00:00+05:30,155.89951937782988,164.51717589744817,155.89951937782988,163.8190155029297,37384710
2012-08-07 00:00:00+05:30,163.8190142623784,165.8822490520598,162.08922256629464,163.3396759033203,19670296
2012-08-08 00:00:00+05:30,163.61060704409698,166.51789764177258,163.08958827086573,164.8089599609375,18370923
2012-08-09 00:00:00+05:30,164.41297381269314,165.97603005118182,161.85998056529377,162.5894012451172,12750067
2012-08-10 00:00:00+05:30,162.0684025482547,164.43383434798452,161.33898177819546,162.99581909179688,10678248
2012-08-13 00:00:00+05:30,162.45392067216952,164.64219636346138,162.45392067216952,164.25665283203125,6183560
2012-08-14 00:00:00+05:30,164.2045554795015,167.14310592270382,164.0169798459291,166.63250732421875,16508712
2012-08-16 00:00:00+05:30,167.15352117514402,171.27999022603134,166.53870772603926,170.09207153320312,21632112
2012-08-17 00:00:00+05:30,170.45680379375904,171.91565912499127,168.73744603481327,170.08168029785156,14330179
2012-08-21 00:00:00+05:30,170.0608079400744,171.70722470787396,169.2896930758588,169.6960906982422,11057384
2012-08-22 00:00:00+05:30,168.64365955592436,169.9566195719883,167.91422495854508,168.3518829345703,8748439
2012-08-23 00:00:00+05:30,168.9249803615823,169.1021358956824,164.21497202497656,165.5800323486328,16661033
2012-08-24 00:00:00+05:30,165.00695364846248,165.58007294894045,162.2872385176818,162.99581909179688,15117604
2012-08-27 00:00:00+05:30,163.8085622297835,165.93431718507978,163.28754358560286,164.08990478515625,9154343
2012-08-28 00:00:00+05:30,163.9857246719552,165.4549999393673,162.25594700536223,164.68389892578125,8774153
2012-08-29 00:00:00+05:30,164.85063842112262,166.20529278047968,162.6206680811341,163.0062255859375,8842299
2012-08-30 00:00:00+05:30,162.5060288055378,165.02776158185586,160.1822778519843,163.2667236328125,27245709
2012-08-31 00:00:00+05:30,162.55813506758972,163.47513136650772,158.95268436176258,159.72378540039062,14781765
2012-09-03 00:00:00+05:30,160.0572521870228,160.4636498798184,158.4004150370228,159.025634765625,9790138
2012-09-04 00:00:00+05:30,159.21318963523012,162.79781412498008,158.8484862579683,162.4747772216797,8754970
2012-09-05 00:00:00+05:30,161.56822095919463,162.54773797456482,159.2653097896927,160.7137451171875,13179587
2012-09-06 00:00:00+05:30,159.70294515799043,161.43273679223083,159.2236068160696,160.0989227294922,5302686
2012-09-07 00:00:00+05:30,162.28722779789194,165.99687981500838,162.24554740875678,165.00694274902344,13821905
2012-09-10 00:00:00+05:30,166.7262936585911,167.42445400155884,164.46506326991562,165.06944274902344,8776096
2012-09-11 00:00:00+05:30,164.53801490150045,165.86140891570534,163.22505489598564,164.8506317138672,13658914
2012-09-12 00:00:00+05:30,165.37166074633632,166.6637945508797,164.52760503885185,166.33033752441406,7772894
2012-09-13 00:00:00+05:30,166.33029605269198,168.497731404273,165.53834102930176,166.5491180419922,11677889
2012-09-14 00:00:00+05:30,169.43561587839815,176.25055453465308,168.71661522590034,175.42735290527344,36312698
2012-09-17 00:00:00+05:30,176.75072681547528,183.7324006971046,176.75072681547528,182.0963897705078,42430663
2012-09-18 00:00:00+05:30,181.35654751444937,182.12764862171534,177.41763946421744,178.31378173828125,17296128
2012-09-20 00:00:00+05:30,175.2085258565487,176.79242252178167,172.6138518401067,173.4995880126953,15310116
2012-09-21 00:00:00+05:30,173.60374749233213,178.12619424606905,173.395331665776,177.20919799804688,35935601
2012-09-24 00:00:00+05:30,177.14668004814868,178.7722567417202,173.5516495849001,174.30191040039062,14905003
2012-09-25 00:00:00+05:30,174.64581124694385,176.06298621576892,173.03065442942048,175.01052856445312,13838236
2012-09-26 00:00:00+05:30,174.6458116535202,177.08418398743788,173.78091575158933,176.0525665283203,16657879
2012-09-27 00:00:00+05:30,176.1463481601239,176.7298875247939,171.78020215444909,172.94728088378906,30420370
2012-09-28 00:00:00+05:30,174.4373845581187,176.70902109533174,173.88509165553782,174.47906494140625,14117613
2012-10-01 00:00:00+05:30,175.0625855670973,175.5419238358426,172.8221956440457,173.7079315185547,8712229
2012-10-03 00:00:00+05:30,173.90592576188342,177.86568724373473,173.86424538005434,176.33387756347656,21902919
2012-10-04 00:00:00+05:30,177.2612944563602,179.00150605139058,176.95911168712232,177.7510528564453,12626615
2012-10-05 00:00:00+05:30,179.2099358227036,179.64759381337598,142.2071275807828,178.77227783203125,15714795
2012-10-08 00:00:00+05:30,178.09496154980718,178.09496154980718,170.11294439394342,170.76942443847656,20893020
2012-10-09 00:00:00+05:30,172.04070146377998,172.29078377586796,169.45643410013747,169.91493225097656,11601732
2012-10-10 00:00:00+05:30,169.01878536539377,171.37379682612504,168.26852447617668,170.0608367919922,9380939
2012-10-11 00:00:00+05:30,170.6860666090028,171.31128637231424,168.66451204175272,170.88404846191406,11857119
2012-10-12 00:00:00+05:30,170.64435145959237,172.2282476962896,170.0712323006304,170.66519165039062,10626525
2012-10-15 00:00:00+05:30,170.6860195825131,172.9576697764226,170.6860195825131,171.5300750732422,11181159
2012-10-16 00:00:00+05:30,174.8333682404961,175.05220418985132,168.81038522090594,169.32098388671875,22171959
2012-10-17 00:00:00+05:30,170.0712260796293,170.35256864511462,167.04930114035116,167.79957580566406,20915414
2012-10-18 00:00:00+05:30,168.23725844234795,170.0608309866291,166.1010690895579,169.08131408691406,26601633
2012-10-19 00:00:00+05:30,168.33104227459498,168.91458160367435,166.5908304720785,167.30984497070312,12648708
2012-10-22 00:00:00+05:30,165.72593704122679,170.25880401407102,164.99650249644137,169.97744750976562,14165351
2012-10-23 00:00:00+05:30,169.53981336683088,169.8107498131619,167.72667467035478,168.7999725341797,9493730
2012-10-25 00:00:00+05:30,168.83120196076703,170.62351404663653,168.22682250576807,168.8937225341797,18056661
2012-10-29 00:00:00+05:30,167.21605787981522,169.72737065919281,167.21605787981522,169.0604705810547,10986118
2012-10-30 00:00:00+05:30,168.8103802803522,169.18551767397346,166.54914973392496,167.40362548828125,9337388
2012-10-31 00:00:00+05:30,167.38275445018726,168.25807023666636,166.30945686267532,167.8725128173828,9422473
2012-11-01 00:00:00+05:30,165.68426079467577,168.5602908375731,164.37128692848063,168.20599365234375,18379112
2012-11-02 00:00:00+05:30,169.22718854475184,169.83156803203767,167.2473146328767,168.3831329345703,11547717
2012-11-05 00:00:00+05:30,167.48699209852091,168.59156412445378,167.11185469182698,168.0080108642578,5066549
2012-11-06 00:00:00+05:30,167.55990963780346,168.2685039650356,165.9447530782755,167.8621063232422,15450143
2012-11-07 00:00:00+05:30,167.14311851265006,167.8308587888586,166.30948297444905,166.9034423828125,10418019
2012-11-08 00:00:00+05:30,165.26743936841098,166.3719973726883,164.5901053017798,166.0177001953125,12414461
2012-11-09 00:00:00+05:30,165.34039863854306,167.45573402067393,163.6001867560523,164.1524658203125,10595311
2012-11-12 00:00:00+05:30,163.77732448327026,164.5171652167726,162.34972958464152,163.9440460205078,12661154
2012-11-15 00:00:00+05:30,164.40255121414822,164.40255121414822,161.94333887432015,163.51681518554688,15252390
2012-11-16 00:00:00+05:30,164.10035652119743,165.1945084057562,160.6824674350602,161.54736328125,14357871
2012-11-19 00:00:00+05:30,161.5681905608098,162.19341022200572,158.6713204508543,161.37020874023438,20723808
2012-11-20 00:00:00+05:30,162.7039964938499,162.7039964938499,158.84846394877178,159.50494384765625,9434023
2012-11-21 00:00:00+05:30,159.74463467886392,161.28686466786024,158.61923638982347,160.72415161132812,8612899
2012-11-22 00:00:00+05:30,161.10971235537326,161.24518752979327,158.68176016907955,159.6091766357422,10486909
2012-11-23 00:00:00+05:30,159.64039914048115,161.68279333832484,159.64039914048115,161.2555694580078,7469469
2012-11-26 00:00:00+05:30,161.49524224732394,162.44349874606667,160.68244698782738,161.23472595214844,4542818
2012-11-27 00:00:00+05:30,161.93291673818317,164.2254075047451,161.30769704257943,163.97531127929688,10808581
2012-11-29 00:00:00+05:30,163.8086109316756,167.55994350268202,163.11043655897365,166.3720245361328,19614256
2012-11-30 00:00:00+05:30,165.90304261984866,168.39351458528873,164.64216954050514,165.4132843017578,18244916
2012-12-03 00:00:00+05:30,165.6842621840834,168.1851548701813,164.59011033040647,167.55992126464844,10320168
2012-12-04 00:00:00+05:30,168.00799544638375,172.08237823671973,167.976735158029,171.87396240234375,15279225
2012-12-05 00:00:00+05:30,172.61382477410316,174.4582375176034,171.0195082606421,173.52040100097656,13516432
2012-12-06 00:00:00+05:30,174.21854453697696,176.28177910923387,171.31125439897494,175.87538146972656,11534903
2012-12-07 00:00:00+05:30,175.28146105266958,177.08419363602397,173.07234465153044,173.93724060058594,13188809
2012-12-10 00:00:00+05:30,173.9372109068231,174.635371258408,171.15496177257495,172.62423706054688,8177837
2012-12-11 00:00:00+05:30,173.39533392146777,174.71872783208056,169.7482029853985,170.9048614501953,16253418
2012-12-12 00:00:00+05:30,171.93649067208852,173.97889916270552,170.75899193401844,173.52040100097656,10123422
2012-12-13 00:00:00+05:30,173.52039463782168,175.2710125358533,173.0618964929063,173.8642578125,11603084
2012-12-14 00:00:00+05:30,173.91637398260607,176.47980135170388,172.6659345014965,174.90631103515625,8950431
2012-12-17 00:00:00+05:30,173.9163397134757,175.979588101177,173.18691914522492,173.84339904785156,7246381
2012-12-18 00:00:00+05:30,173.91635405024846,174.94798528514625,172.14489600303267,173.27029418945312,7996183
2012-12-19 00:00:00+05:30,174.06227883102102,175.69827590841862,173.82260267154786,174.95843505859375,8718992
2012-12-20 00:00:00+05:30,175.46902351632545,175.46902351632545,172.8743358645034,174.6145477294922,9577572
2012-12-21 00:00:00+05:30,173.60375835943552,173.9163612508223,171.35294798139483,171.9886016845703,9402708
2012-12-24 00:00:00+05:30,172.06155685230692,172.42626025631114,169.97746784079231,171.0403594970703,5704037
2012-12-26 00:00:00+05:30,171.31126156995643,174.20813173364277,171.31126156995643,172.6138153076172,5823779
2012-12-27 00:00:00+05:30,173.04106317584444,173.39534646080168,169.87325642038158,170.4151153564453,16101867
2012-12-28 00:00:00+05:30,171.62385596570203,176.31302376773212,171.21745836221746,175.11468505859375,14550602
2012-12-31 00:00:00+05:30,175.12512773389716,177.1050016213301,174.39569319010047,174.9688262939453,9730755
2013-01-01 00:00:00+05:30,175.89626560204542,176.43812457655835,174.87505432514166,175.20851135253906,6831351
2013-01-02 00:00:00+05:30,175.896250372453,178.39714308136791,175.594053663288,176.71945190429688,13441898
2013-01-03 00:00:00+05:30,176.85491798159032,179.64758737938166,176.02129633055736,179.3870849609375,17266808
2013-01-04 00:00:00+05:30,179.6267073258708,180.18940633685622,177.8865098207871,179.6162872314453,13306377
2013-01-07 00:00:00+05:30,180.4186995035699,181.5232575642966,177.52182918429696,178.52218627929688,15307180
2013-01-08 00:00:00+05:30,178.20956667298947,178.83480028155952,176.70903105404147,177.2821502685547,13973797
2013-01-09 00:00:00+05:30,177.64687578095484,179.19951195384442,176.86535460207017,177.7093963623047,17071824
2013-01-10 00:00:00+05:30,178.76184103338247,179.01193725269138,176.52146471579414,177.1571044921875,9239813
2013-01-11 00:00:00+05:30,177.66771248969607,177.77191345656848,174.28108368226125,175.04177856445312,8050294
2013-01-14 00:00:00+05:30,175.27098847095272,177.77188077620184,174.85417076807636,176.6360626220703,7060887
2013-01-15 00:00:00+05:30,176.34431852917882,177.52183119123785,174.64580103259578,176.552734375,10387846
2013-01-16 00:00:00+05:30,176.3234686817324,181.50240948547108,176.3234686817324,179.51211547851562,19551254
2013-01-17 00:00:00+05:30,179.6684062175018,186.22284105466105,179.17864781702772,185.4829864501953,22117537
2013-01-18 00:00:00+05:30,186.52501775694898,188.18186853547428,184.5764043139354,187.60874938964844,22754714
2013-01-21 00:00:00+05:30,195.50742932509937,199.02951932753982,191.3288454188825,191.72482299804688,43957346
2013-01-22 00:00:00+05:30,191.7352464072222,193.96521665766855,190.80782997831784,191.74566650390625,18664413
2013-01-23 00:00:00+05:30,192.17288305313846,193.56921758987556,190.94327004484396,192.37086486816406,11701950
2013-01-24 00:00:00+05:30,192.77726932418506,193.4754435732527,189.0259235054625,190.8078155517578,13438049
2013-01-25 00:00:00+05:30,190.95370663967222,191.18296267309967,188.6299694881811,190.1096649169922,14088477
2013-01-28 00:00:00+05:30,189.9325027645614,190.30764013494303,186.52503396695084,187.0564727783203,13400981
2013-01-29 00:00:00+05:30,186.52505789193432,187.9839132643094,183.41978539394083,183.99290466308594,15439403
2013-01-30 00:00:00+05:30,184.96197941524795,188.27566737682685,184.96197941524795,187.44203186035156,17641932
2013-01-31 00:00:00+05:30,186.8689261033266,187.15028263178164,184.04499636991855,184.78485107421875,16733589
2013-02-01 00:00:00+05:30,185.76437133274567,187.525409477302,184.14920063546288,186.316650390625,8152817
2013-02-04 00:00:00+05:30,186.74385577457235,187.7754730311017,184.25338344311095,184.7952423095703,13697044
2013-02-05 00:00:00+05:30,184.2325832634247,184.6285469699778,181.94009224436925,182.3048095703125,9708430
2013-02-06 00:00:00+05:30,183.4926971046035,184.00329570871713,181.48156297542056,182.49234008789062,9876509
2013-02-07 00:00:00+05:30,181.6482835704031,183.81573303677254,180.97096343766842,181.91921997070312,8542570
2013-02-08 00:00:00+05:30,181.3044102246016,182.1484518411644,178.60552211699772,179.97059631347656,9584217
2013-02-11 00:00:00+05:30,180.27283553971506,182.35692477616126,179.35585297009538,180.98143005371094,8329895
2013-02-12 00:00:00+05:30,181.0230885520613,183.47188093568613,180.3145080357838,182.45068359375,9728703
2013-02-13 00:00:00+05:30,184.23257402488196,185.06619569836155,181.83588215060254,183.19053649902344,10533233
2013-02-14 00:00:00+05:30,183.39892755144157,184.11792811503406,177.35510469546435,178.40756225585938,12284945
2013-02-15 00:00:00+05:30,178.16787538312315,178.68889408370333,173.83299033412885,176.2713623046875,14390520
2013-02-18 00:00:00+05:30,176.72985708367025,178.10535143547614,175.72950008454055,176.6256561279297,5310071
2013-02-19 00:00:00+05:30,176.9383027606625,178.18874226454707,173.864276663587,176.81324768066406,9677020
2013-02-20 00:00:00+05:30,178.8035311062311,183.15924248486778,178.52217460515618,182.31520080566406,14873246
2013-02-21 00:00:00+05:30,181.10643566750215,182.73202634388812,177.9073826204301,179.0640411376953,16214530
2013-02-22 00:00:00+05:30,178.9181530926251,181.73164855797094,178.8139521331698,179.7726287841797,9725304
2013-02-25 00:00:00+05:30,180.0643872926941,180.26236911106548,177.3550928496662,178.05325317382812,9878487
2013-02-26 00:00:00+05:30,177.08416969778688,177.08416969778688,170.6339491184596,171.62388610839844,13474915
2013-02-27 00:00:00+05:30,172.97851295919656,175.26056937523995,172.38453972980665,173.2494354248047,17709146
2013-02-28 00:00:00+05:30,174.47907123689308,174.96882967020346,167.92463596028563,169.6127471923828,27667849
2013-03-01 00:00:00+05:30,170.06081497391264,170.58183366436143,167.87252534441964,168.8937225341797,13906688
2013-03-04 00:00:00+05:30,168.58114803166717,170.52976187893148,167.74751242188205,169.3522491455078,14948007
2013-03-05 00:00:00+05:30,170.7068788434634,173.90593173070252,170.7068788434634,172.21783447265625,13159371
2013-03-06 00:00:00+05:30,173.37450332682587,174.72915760001365,172.2907854730802,174.0726776123047,10778102
2013-03-07 00:00:00+05:30,173.23903773638412,175.37521310108127,171.73850215060452,174.3331756591797,10529882
2013-03-08 00:00:00+05:30,175.6878564403785,178.12622887464715,175.0626366631851,177.4176483154297,10131948
2013-03-11 00:00:00+05:30,177.58433882237682,179.35581077863353,175.07302614303177,176.0004425048828,10569010
2013-03-12 00:00:00+05:30,177.25088741213358,178.08452293681233,175.8024522962095,176.6986083984375,8552523
2013-03-13 00:00:00+05:30,175.5211054869176,178.52217660935955,175.10428773457664,176.10464477539062,9401899
2013-03-14 00:00:00+05:30,175.8962460681096,179.94977478544772,174.072673585313,179.24118041992188,14790357
2013-03-15 00:00:00+05:30,180.22069367976212,181.18979043085764,174.70830986891104,175.8232879638672,12793329
2013-03-18 00:00:00+05:30,174.02059009725645,175.7920483600303,173.14527410707947,173.87469482421875,8023328
2013-03-19 00:00:00+05:30,174.35400944584939,174.85418795606626,169.2063430025372,171.9364776611328,17970333
2013-03-20 00:00:00+05:30,172.8534726237821,172.93683338952704,169.50852451419422,171.45713806152344,20179135
2013-03-21 00:00:00+05:30,171.93650284142674,173.56209367170896,167.71625212991606,169.3522491455078,16660114
2013-03-22 00:00:00+05:30,168.456086434408,171.10287452387004,167.63288486580612,168.9354248046875,11876985
2013-03-25 00:00:00+05:30,171.01953030031686,171.59264959833436,167.19524306487347,168.6540985107422,14058667
2013-03-26 00:00:00+05:30,167.2472942467479,167.7683129015222,162.55811244177016,163.25628662109375,19465627
2013-03-28 00:00:00+05:30,163.6001938887223,163.7981896563991,159.30698844199898,161.07846069335938,26513604
2013-04-01 00:00:00+05:30,162.76654089759606,164.80893529596293,161.2660053858157,162.29762268066406,8326610
2013-04-02 00:00:00+05:30,162.59979703585,165.99684543079576,162.20381950907543,165.45498657226562,11110756
2013-04-03 00:00:00+05:30,166.26780818442288,166.51789050709286,160.6824693673193,161.83914184570312,9321547
2013-04-04 00:00:00+05:30,160.99508787486468,162.13090625961937,159.26529614350216,159.96347045898438,11915658
2013-04-05 00:00:00+05:30,160.26566353373667,163.0583331505123,159.99474099731063,162.57899475097656,12989770
2013-04-08 00:00:00+05:30,162.16215485097848,165.54878347914885,162.14131465870713,164.5171661376953,8878601
2013-04-09 00:00:00+05:30,165.0798578106206,165.809292331307,160.70329242253305,161.9224853515625,13081885
2013-04-10 00:00:00+05:30,162.57898682740807,163.3813621240517,160.80752859338085,162.43310546875,12190258
2013-04-11 00:00:00+05:30,163.39179203595262,163.6210341847572,159.25488805168106,160.7033233642578,11428531
2013-04-12 00:00:00+05:30,159.84885234460043,162.64150792205604,159.432034549395,161.58905029296875,11349794
2013-04-15 00:00:00+05:30,161.1097017349692,166.7158805538171,161.1097017349692,165.39248657226562,16184406
2013-04-16 00:00:00+05:30,166.1010532116335,168.81036152769235,163.68352148309228,167.75790405273438,17774606
2013-04-17 00:00:00+05:30,167.9454811327043,168.72701619474026,160.30734171301762,161.24517822265625,32105722
2013-04-18 00:00:00+05:30,161.82872385330774,163.64186245227788,161.02634856695087,162.8916015625,13793320
2013-04-22 00:00:00+05:30,163.80858204461217,165.62172046791974,162.20383162737173,164.59010314941406,12790893
2013-04-23 00:00:00+05:30,164.9548328535807,167.935063978827,163.81901449040976,167.49740600585938,12356228
2013-04-25 00:00:00+05:30,168.31020502757656,172.26995315166326,168.31020502757656,170.82151794433594,25921526
2013-04-26 00:00:00+05:30,169.43561573021478,171.93650873325697,164.57971109163742,165.1424102783203,20852076
2013-04-29 00:00:00+05:30,165.2882541165266,166.4970128951328,164.31915750995094,165.19447326660156,20968563
2013-04-30 00:00:00+05:30,165.4029081881391,166.0281278911778,161.9641789534091,164.26708984375,17548959
2013-05-02 00:00:00+05:30,164.1003460769784,168.18514891292725,163.2667244858141,167.33067321777344,27236264
2013-05-03 00:00:00+05:30,167.35152411590713,170.03999252523383,165.66342672159456,166.83050537109375,12917135
2013-05-06 00:00:00+05:30,167.18482641569514,171.92609627856322,167.18482641569514,171.22793579101562,9358282
2013-05-07 00:00:00+05:30,171.20708759512598,174.20815919196517,170.82153006986243,172.59300231933594,16529868
2013-05-08 00:00:00+05:30,172.99938865681045,173.58292799913102,171.32169739662532,172.9055938720703,11858396
2013-05-09 00:00:00+05:30,172.64506810794256,173.3223882314244,169.85239902550614,170.4984588623047,8182539
2013-05-10 00:00:00+05:30,171.83800406327495,173.06135795716128,170.6779389899604,171.46888732910156,9081731
2013-05-13 00:00:00+05:30,171.55321257498534,174.11592344053238,168.4843039046763,169.37017822265625,9087230
2013-05-14 00:00:00+05:30,168.85345625431842,170.63575105474152,167.80939490158488,168.3472442626953,8828077
2013-05-15 00:00:00+05:30,169.1592975142967,173.1246271116563,169.1592975142967,172.74496459960938,11255447
2013-05-16 00:00:00+05:30,172.11221632453487,177.97583077190194,172.00674433878555,177.31143188476562,15197535
2013-05-17 00:00:00+05:30,177.31141845859582,178.16565559153557,173.65193084140859,176.2251739501953,12484982
2013-05-20 00:00:00+05:30,176.6259135606814,180.33812982247363,174.80143575665986,175.30764770507812,13237846
2013-05-21 00:00:00+05:30,175.29712476199006,177.17433175530635,174.07378492713957,174.7698211669922,10594235
2013-05-22 00:00:00+05:30,175.0862102997839,175.90879602959126,171.58489525355935,172.69224548339844,12579289
2013-05-23 00:00:00+05:30,171.19467384177315,172.11218561926313,164.5400840477053,165.4575958251953,12798137
2013-05-24 00:00:00+05:30,167.34536256140188,167.61955309121097,164.35027383376234,165.87945556640625,7975390
2013-05-27 00:00:00+05:30,169.31748935222458,175.65569223693345,168.94837261908066,174.70654296875,18956469
2013-05-28 00:00:00+05:30,175.06512195894692,178.62969773362033,174.2636137152478,177.89146423339844,21734556
2013-05-29 00:00:00+05:30,177.27980262965244,179.24137608892164,175.792803848588,178.8406219482422,25752389
2013-05-30 00:00:00+05:30,178.22894033217528,178.43985613988494,175.06511873756898,176.49937438964844,18225094
2013-05-31 00:00:00+05:30,175.92988188284502,176.2779070340258,169.1803932188356,170.06625366210938,17159386
2013-06-03 00:00:00+05:30,169.51784126876115,169.86586638456538,165.62633250057533,166.18528747558594,14165128
2013-06-04 00:00:00+05:30,166.75478235665892,168.69526394165268,164.3397261649042,164.56118774414062,14752690
2013-06-05 00:00:00+05:30,164.6244563889783,169.64440687731954,164.6244563889783,169.15928649902344,12748842
2013-06-06 00:00:00+05:30,168.73744672041715,169.56003237841549,166.22747842891573,167.05006408691406,17113393
2013-06-07 00:00:00+05:30,167.51409934285624,169.1592988817504,164.7299404182664,165.27833557128906,9420701
2013-06-10 00:00:00+05:30,166.41731411221917,167.7883090765016,164.94086124602887,166.4911346435547,11361378
2013-06-11 00:00:00+05:30,165.25725802056715,166.94462678235578,163.52769201589342,165.7001953125,13242164
2013-06-12 00:00:00+05:30,165.1623269325286,168.21014459232535,164.9830344303003,166.79696655273438,12774566
2013-06-13 00:00:00+05:30,165.1518038343784,167.23992677209503,164.6350319156225,166.5860595703125,9726275
2013-06-14 00:00:00+05:30,167.93592961116502,172.92422855991896,167.91483803336163,171.8274383544922,17575615
2013-06-17 00:00:00+05:30,172.00673640966406,174.6221768349291,171.07867872067666,174.1265106201172,11089648
2013-06-18 00:00:00+05:30,173.73630941119276,176.64703207845977,172.41804335454458,173.67303466796875,15658352
2013-06-19 00:00:00+05:30,173.37772080304794,175.7505938315226,171.8801764597168,175.4236602783203,17331546
2013-06-20 00:00:00+05:30,172.51293429138312,172.51293429138312,167.68283609979144,168.3155975341797,17422410
2013-06-21 00:00:00+05:30,168.71638418582785,170.92051088249272,165.27835767001244,167.22938537597656,20486223
2013-06-24 00:00:00+05:30,166.62822454368614,167.92539893481018,164.20263655870295,167.1871795654297,16311628
2013-06-25 00:00:00+05:30,168.67418679667884,172.93479875280903,167.6828543403755,169.53895568847656,19232377
2013-06-26 00:00:00+05:30,170.73063405827793,171.7852410210588,168.96943113775018,169.49673461914062,16661304
2013-06-27 00:00:00+05:30,172.21764651355258,176.53100089001447,171.77470930013942,175.06509399414062,25751492
2013-06-28 00:00:00+05:30,183.39650926961767,184.1347427194246,178.43984723746115,181.941162109375,48133694
2013-07-01 00:00:00+05:30,181.81457109075356,187.2985358674296,180.4752137414282,186.81341552734375,20497553
2013-07-02 00:00:00+05:30,186.2650391347231,188.10006279640132,183.23831311978176,183.8921661376953,17779689
2013-07-03 00:00:00+05:30,181.4982375744664,182.09936171840104,178.97770914249125,179.46282958984375,12816463
2013-07-04 00:00:00+05:30,179.9373972498981,183.6285364544209,178.7246032185888,181.74078369140625,13233510
2013-07-05 00:00:00+05:30,182.732107229505,186.61307046841023,182.732107229505,185.6850128173828,12756629
2013-07-08 00:00:00+05:30,183.5019638582326,184.229637369395,181.00254149929668,182.858642578125,14253091
2013-07-09 00:00:00+05:30,183.31212686017227,185.99084172827511,182.87973543406667,184.51438903808594,12922258
2013-07-10 00:00:00+05:30,184.39838405180174,185.57955473365837,176.96339114122466,180.549072265625,22237458
2013-07-11 00:00:00+05:30,182.44734527784146,184.19800257231614,181.23455138237776,183.51251220703125,11368001
2013-07-12 00:00:00+05:30,184.3983627366627,188.98592150851493,183.4175762516218,187.7098388671875,14371976
2013-07-15 00:00:00+05:30,186.87671540701513,189.80852941862997,186.87671540701513,189.16522216796875,12913233
2013-07-16 00:00:00+05:30,187.08763760204414,190.76821661011888,186.25449209140635,189.9561767578125,12974694
2013-07-17 00:00:00+05:30,190.46241108845226,193.60514113386043,190.46241108845226,192.98292541503906,23132227
2013-07-18 00:00:00+05:30,193.6262196836394,194.03751956495137,191.77010436275773,193.46803283691406,12303560
2013-07-19 00:00:00+05:30,193.84770455500916,195.71435167449633,192.58216748162585,194.8284912109375,14298611
2013-07-22 00:00:00+05:30,192.9934709203647,192.9934709203647,189.60817361882866,191.7384796142578,16958736
2013-07-23 00:00:00+05:30,192.3712519589866,195.10268204531275,191.35882793072122,191.8439483642578,12430954
2013-07-24 00:00:00+05:30,191.51700622838564,193.39421313687194,188.80665376392483,191.80174255371094,13788582
2013-07-25 00:00:00+05:30,191.08465086359786,192.40291708046885,185.07338056877848,187.87863159179688,15831296
2013-07-26 00:00:00+05:30,188.18445142991519,190.61005366124257,186.760727462843,187.75205993652344,9565406
2013-07-29 00:00:00+05:30,187.09816589036495,189.54485916732725,186.1490167867264,186.81341552734375,9151355
2013-07-30 00:00:00+05:30,187.0981989016467,188.14226028389666,180.10614292971417,180.8338165283203,11393034
2013-07-31 00:00:00+05:30,181.10800077439583,185.54790463685504,177.7227039656565,183.93435668945312,15795755
2013-08-01 00:00:00+05:30,184.58821029230984,186.21230403400816,178.19727913544628,179.2835235595703,11071339
2013-08-02 00:00:00+05:30,181.39275748489064,183.913271724434,179.28354314013623,180.8338165283203,12821918
2013-08-05 00:00:00+05:30,181.39276246218,184.11366086862708,180.49635619694126,181.71969604492188,12559130
2013-08-06 00:00:00+05:30,181.06582990979757,182.27862387995518,175.0967440062668,177.39578247070312,12415511
2013-08-07 00:00:00+05:30,178.22893024122263,186.0014025924928,175.27602462151336,184.01873779296875,18794821
2013-08-08 00:00:00+05:30,182.94301302023615,184.01871158510488,180.79160181067456,182.58444213867188,11367214
2013-08-12 00:00:00+05:30,183.29106820574725,184.1031222591543,177.2692526850587,178.3660430908203,8728866
2013-08-13 00:00:00+05:30,177.8070649113859,181.38218581316912,176.1196964923199,179.8951873779297,11537003
2013-08-14 00:00:00+05:30,180.54908789320072,183.08014803079155,178.74570138524282,182.44737243652344,11260259
2013-08-16 00:00:00+05:30,182.44734888876846,182.86919453722552,172.35474701274782,174.36904907226562,27321905
2013-08-19 00:00:00+05:30,173.58863723349518,175.9087670552086,170.32988998269454,173.0085906982422,16150138
2013-08-20 00:00:00+05:30,171.07868645229686,175.23385466031397,169.8026176321393,174.08433532714844,11418893
2013-08-21 00:00:00+05:30,175.69787163837162,176.05644257374937,164.56119370053358,165.27833557128906,15711357
2013-08-22 00:00:00+05:30,165.0357786506503,170.561927765947,163.29568097388318,170.02407836914062,22293762
2013-08-23 00:00:00+05:30,171.62706319662627,173.947193004427,170.53025894440597,172.85040283203125,14332191
2013-08-26 00:00:00+05:30,173.48319613867864,175.3709489617783,170.50919873195545,173.50428771972656,9916035
2013-08-27 00:00:00+05:30,171.69035832936646,173.98939683318397,168.73745269598925,169.42294311523438,13094883
2013-08-28 00:00:00+05:30,167.7039262240742,172.65004213427216,161.12315667612845,171.226318359375,25813146
2013-08-29 00:00:00+05:30,172.11220590638078,180.00068206908915,171.3739724499579,178.2816619873047,30837833
2013-08-30 00:00:00+05:30,177.97579195011394,181.39272591544545,174.7065131006926,180.09556579589844,21443760
2013-09-02 00:00:00+05:30,179.9584615110896,187.72038718858983,179.9584615110896,187.03489685058594,21052445
2013-09-03 00:00:00+05:30,187.34076971005348,188.0790032481077,174.70655995262302,175.2760467529297,17326878
2013-09-04 00:00:00+05:30,175.85605369040715,182.35244311038016,175.69786684668387,179.1464385986328,13323596
2013-09-05 00:00:00+05:30,182.02554448306577,183.44926847913038,179.51557587602798,181.9306182861328,14254145
2013-09-06 00:00:00+05:30,183.50198484261992,184.2402042270614,177.49070146729596,183.08013916015625,15048312
2013-09-10 00:00:00+05:30,184.11365591434674,188.4691939576468,182.71102358719995,187.7942352294922,18493766
2013-09-11 00:00:00+05:30,187.50949317569015,188.33207886078384,184.37729504300378,187.24583435058594,14860857
2013-09-12 00:00:00+05:30,187.29855474471665,190.04054444932405,183.7445251819169,184.6409454345703,17979275
2013-09-13 00:00:00+05:30,183.0801280054312,186.39160444315638,182.87974392656105,184.13473510742188,9825959
2013-09-16 00:00:00+05:30,186.86617447682764,187.23529120525643,180.12723165460085,181.76187133789062,12050423
2013-09-17 00:00:00+05:30,180.6228857248975,182.23643371983852,179.83192337139135,181.00254821777344,10930099
2013-09-18 00:00:00+05:30,181.49822681973583,184.55659039100394,180.7178102020454,183.91326904296875,13704245
2013-09-19 00:00:00+05:30,187.30910499726028,188.9753960703183,185.72719432067393,187.84695434570312,18935509
2013-09-20 00:00:00+05:30,186.87670114109505,190.04053636410103,183.60742210910632,186.01193237304688,18362492
2013-09-23 00:00:00+05:30,183.9343894302455,185.82212822612792,182.44737660561483,184.4195098876953,8875005
2013-09-24 00:00:00+05:30,183.92381975096822,186.570897584052,183.1117798214702,184.47222900390625,12352943
2013-09-25 00:00:00+05:30,184.00820051648532,184.5355041101277,177.63836015184455,179.0831756591797,17472523
2013-09-26 00:00:00+05:30,178.57692447837562,179.3151437156288,176.1724144236296,176.80517578125,19874983
2013-09-27 00:00:00+05:30,177.59618130073602,180.23269933293238,176.5415740878575,177.1532440185547,12006474
2013-09-30 00:00:00+05:30,175.497506409529,178.1234928480892,172.76607614077273,173.4621124267578,15922812
2013-10-01 00:00:00+05:30,174.28470384614607,175.0440289212085,172.47077156225126,173.26173400878906,9108666
2013-10-03 00:00:00+05:30,173.6730205343628,179.05152814879574,173.6730205343628,178.64022827148438,9108321
2013-10-04 00:00:00+05:30,177.29031038904682,181.32946014294677,176.75246107976935,180.21157836914062,9909849
2013-10-07 00:00:00+05:30,178.77734494863307,179.78976903873306,176.33065105092015,178.02857971191406,11265723
2013-10-08 00:00:00+05:30,179.22029266402606,180.27489997918664,177.005606038326,178.21841430664062,12119312
2013-10-09 00:00:00+05:30,177.16376815504665,183.0063043537242,176.6470104023009,181.58258056640625,11954619
2013-10-10 00:00:00+05:30,181.18186066461556,181.98336895791235,178.8722619856423,181.3927764892578,9371240
2013-10-11 00:00:00+05:30,182.44734575494036,183.08012125666968,180.19049058222447,182.09933471679688,9773103
2013-10-14 00:00:00+05:30,182.4473506747381,184.55657893767057,182.06770225925322,183.56524658203125,12156983
2013-10-15 00:00:00+05:30,189.26014923144402,189.5448996552897,182.23645562807366,183.0379638671875,23041721
2013-10-17 00:00:00+05:30,183.5019780354116,187.29856087709305,182.37353630073852,185.6850128173828,17613513
2013-10-18 00:00:00+05:30,185.9486811545173,191.51701326580073,185.9486811545173,191.02134704589844,22177371
2013-10-21 00:00:00+05:30,191.02134351640126,193.0989204695525,189.01758709338668,192.61380004882812,15143599
2013-10-22 00:00:00+05:30,191.39047390579043,192.13923913043956,189.30233693377005,190.71551513671875,10246173
2013-10-23 00:00:00+05:30,190.92644473732366,191.77012207762,187.224759543397,189.14414978027344,8945093
2013-10-24 00:00:00+05:30,188.15278966173858,192.14975640992594,185.89592037223954,186.56033325195312,11717100
2013-10-25 00:00:00+05:30,186.47597659883544,188.31098625545408,185.47409841258366,187.087646484375,9945744
2013-10-28 00:00:00+05:30,187.29859896191886,190.8526434435782,187.26696158646163,187.87863159179688,15374364
2013-10-29 00:00:00+05:30,187.53058447674778,190.6627685249553,186.43379417836798,189.15467834472656,14450634
2013-10-30 00:00:00+05:30,189.09141270638526,190.44131610464916,188.7117501756506,189.43943786621094,9614780
2013-10-31 00:00:00+05:30,189.8296451774813,193.6262425865758,188.98596781532635,192.93020629882812,19779731
2013-11-01 00:00:00+05:30,191.95995625418973,195.4296198968865,190.53623229334838,191.5697479248047,11890914
2013-11-05 00:00:00+05:30,190.53623742012263,194.40665528687467,190.53623742012263,191.87559509277344,10955587
2013-11-06 00:00:00+05:30,191.9388580913816,194.02698086374784,188.76447669233772,189.5343475341797,9619806
2013-11-07 00:00:00+05:30,189.61873364656498,191.0530034984514,186.05415763929832,186.85565185546875,9792601
2013-11-08 00:00:00+05:30,186.87671808433606,187.29856375763862,183.7445340238168,184.7569580078125,8755784
2013-11-11 00:00:00+05:30,184.3456685355003,186.05414290487266,181.43494589716943,182.21536254882812,8901228
2013-11-12 00:00:00+05:30,182.44736606817992,183.83945261522075,179.32572768741684,179.83193969726562,12169801
2013-11-13 00:00:00+05:30,179.26242083182973,181.68802254444634,177.61723561450793,178.10235595703125,8391536
2013-11-14 00:00:00+05:30,179.547179709951,182.2364262580735,179.36788722019293,179.6315460205078,8031378
2013-11-18 00:00:00+05:30,180.99201387209408,185.13662194855004,180.58071398545866,184.5038604736328,12073167
2013-11-19 00:00:00+05:30,184.55658634241144,186.64470903065958,184.55658634241144,185.26316833496094,8434885
2013-11-20 00:00:00+05:30,184.5249538177564,186.2439598303348,180.75999414235727,181.92005920410156,13090661
2013-11-21 00:00:00+05:30,181.3716632232911,181.39275480323377,177.90199976393743,178.77732849121094,11465699
2013-11-22 00:00:00+05:30,179.49448222100526,180.6440015634367,176.98449956313422,177.9652862548828,7482129
2013-11-25 00:00:00+05:30,178.72460842854542,180.7283649420425,178.02857217600015,179.64212036132812,10078405
2013-11-26 00:00:00+05:30,179.3889696563864,180.71778121941603,176.65754009217585,177.4379425048828,13965988
2013-11-27 00:00:00+05:30,178.12348415272865,179.1780913611404,176.17245659321884,176.741943359375,11421820
2013-11-28 00:00:00+05:30,177.82818071729116,180.63344535202137,177.82818071729116,178.8511505126953,12546701
2013-11-29 00:00:00+05:30,179.48393551612176,180.65454643392593,178.9882551976111,179.95849609375,9884161
2013-12-02 00:00:00+05:30,179.9163077884538,182.01499045977823,179.7686667240786,180.40142822265625,7221751
2013-12-03 00:00:00+05:30,180.3381718741501,182.55285846479643,179.42065986372722,181.7935333251953,9184625
2013-12-04 00:00:00+05:30,181.58260118003406,182.9746877576547,179.95849313289648,180.55963134765625,8761077
2013-12-05 00:00:00+05:30,183.92379113850882,184.97841223947205,183.09065975810756,183.71287536621094,12534404
2013-12-06 00:00:00+05:30,183.53364173108176,184.4827910976076,181.6458887892175,182.8059539794922,7301066
2013-12-09 00:00:00+05:30,186.0541376696512,187.2985690653237,184.80969219415206,185.3897247314453,12704841
2013-12-10 00:00:00+05:30,185.29480560341273,187.4462171087697,185.29480560341273,186.59197998046875,8718563
2013-12-11 00:00:00+05:30,186.13848483791435,186.65524258122096,184.02927070848534,186.15957641601562,4977570
2013-12-12 00:00:00+05:30,185.18935973959697,185.61120543629065,183.0801453359556,183.54417419433594,5690033
2013-12-13 00:00:00+05:30,182.8692146754563,183.10123614358017,180.89709555562465,182.38409423828125,8926111
2013-12-16 00:00:00+05:30,181.39276250867218,181.8673371573682,177.84927836899442,178.23948669433594,10046119
2013-12-17 00:00:00+05:30,179.00935527002838,179.89521573377198,176.4888269130186,177.00558471679688,10089421
2013-12-18 00:00:00+05:30,177.0056025387495,182.2048325507018,177.0056025387495,181.38223266601562,12009855
2013-12-19 00:00:00+05:30,182.32080637673468,182.32080637673468,177.95472275633,180.1377716064453,13450539
2013-12-20 00:00:00+05:30,183.92384406921158,189.40782468506453,181.83572100323155,188.8066864013672,20508621
2013-12-23 00:00:00+05:30,189.618682957189,191.72789696619319,187.72038471715553,189.0386505126953,16191974
2013-12-24 00:00:00+05:30,189.09141663371662,190.88425734176957,188.79612041927277,189.41835021972656,7306775
2013-12-26 00:00:00+05:30,188.6695815207126,189.8296467028899,186.05415492534277,187.20367431640625,14619868
2013-12-27 00:00:00+05:30,187.4251366042084,188.54301854197487,184.95735126093837,185.36863708496094,7744563
2013-12-30 00:00:00+05:30,185.82212072234103,187.68878194103652,184.73587615230898,187.10874938964844,10315527
2013-12-31 00:00:00+05:30,187.29857886731597,189.46053635742197,187.10875463493818,188.8172149658203,5706010
2014-01-01 00:00:00+05:30,189.2917796056893,189.46052632758585,187.21420263089658,187.46731567382812,5849398
2014-01-02 00:00:00+05:30,187.23531144598732,188.9859690879159,183.52309441995607,184.55661010742188,6023632
2014-01-03 00:00:00+05:30,183.83944262747193,184.20855934455278,180.33814190958654,182.28916931152344,12833897
2014-01-06 00:00:00+05:30,181.83569644288679,182.07826369789814,179.28354480920208,180.32760620117188,13315857
2014-01-07 00:00:00+05:30,180.2537816912432,181.38220938011102,177.1848723244197,177.6172637939453,17311470
2014-01-08 00:00:00+05:30,178.10238900382907,180.83381908452785,178.10238900382907,179.0831756591797,12726430
2014-01-09 00:00:00+05:30,179.3784691653909,180.08506531837875,178.23949558364737,179.4311981201172,8309185
2014-01-10 00:00:00+05:30,178.93550312537118,184.83076827481096,178.86168260061135,181.00254821777344,14839980
2014-01-13 00:00:00+05:30,183.1328593776757,186.24395177772922,183.08013042986047,185.695556640625,12058586
2014-01-14 00:00:00+05:30,185.29480624109527,186.57088904307005,184.0187375189466,185.92758178710938,12075547
2014-01-15 00:00:00+05:30,186.602555316407,188.77504466539747,185.82213859269157,186.7607421875,12660424
2014-01-16 00:00:00+05:30,187.44622033732628,188.41646116943903,186.0435880387474,186.9083709716797,18038361
2014-01-17 00:00:00+05:30,187.54114059852307,189.17578034635255,185.66393359220845,186.6130828857422,15463211
2014-01-20 00:00:00+05:30,187.06655368834925,187.50949093494944,182.67937846091385,183.44924926757812,16576057
2014-01-21 00:00:00+05:30,184.06093515101196,184.2613051724486,181.81461135366507,182.0360870361328,9806364
2014-01-22 00:00:00+05:30,182.13098510154032,184.63040768052218,181.00255743452908,184.01873779296875,8517726
2014-01-23 00:00:00+05:30,181.5193290037977,183.77618450927085,181.5193290037977,182.61611938476562,13767334
2014-01-24 00:00:00+05:30,181.81461579087733,184.48278535724563,181.62479155540993,183.00633239746094,11879019
2014-01-27 00:00:00+05:30,180.54908243366668,181.56150645808884,177.2481515241233,177.83872985839844,12345838
2014-01-28 00:00:00+05:30,178.65074859638858,180.54904678735036,177.7437826536114,178.197265625,11573795
2014-01-29 00:00:00+05:30,179.24135686201544,179.8108435988077,176.1197185596886,176.45718383789062,12374165
2014-01-30 00:00:00+05:30,175.36037070593267,175.8771284257646,173.4198892894639,174.01046752929688,14102043
2014-01-31 00:00:00+05:30,174.43231906431893,175.79276807563832,174.2530406525255,175.30764770507812,11038353
2014-02-03 00:00:00+05:30,174.2636033300119,175.02291428631455,172.8398794471398,173.14572143554688,8227762
2014-02-04 00:00:00+05:30,171.79580786236602,174.3585050671529,171.51105747080058,173.28280639648438,12362252
2014-02-05 00:00:00+05:30,172.97699392476525,173.2722901560125,170.1928346693863,172.37586975097656,11298451
2014-02-06 00:00:00+05:30,172.95589637781598,173.82067937966193,170.45647356893144,172.08058166503906,10826505
2014-02-07 00:00:00+05:30,173.39884188103508,173.75741286362967,170.97323949259183,171.78529357910156,8459052
2014-02-10 00:00:00+05:30,171.9539942361885,174.13704301940564,171.08921135433775,173.36717224121094,10345205
2014-02-11 00:00:00+05:30,173.58865560222623,174.01048719275704,169.31748402966662,169.84478759765625,12609169
2014-02-12 00:00:00+05:30,170.42483187538187,173.3566461108506,170.29828238948951,172.51295471191406,9828890
2014-02-13 00:00:00+05:30,172.72386549353843,172.72386549353843,169.80259737173355,170.2982635498047,8657303
2014-02-14 00:00:00+05:30,171.24740839003448,173.79955974070296,170.42480868401915,173.3882598876953,9218744
2014-02-17 00:00:00+05:30,172.46019942044094,173.37771121268753,170.22443585849177,171.33177185058594,9058505
2014-02-18 00:00:00+05:30,170.23497877066393,172.5023796609388,170.23497877066393,171.51104736328125,5741275
2014-02-19 00:00:00+05:30,171.47944540812108,172.95589837079652,170.84668387549664,171.32125854492188,6130140
2014-02-20 00:00:00+05:30,171.12087784488875,171.6270898553799,169.3913119291451,169.88697814941406,8041497
2014-02-21 00:00:00+05:30,170.23499775100387,172.1122046685959,169.91860997483712,171.16305541992188,6256274
2014-02-24 00:00:00+05:30,170.43538003690617,171.89074138439594,169.85534747200325,171.34234619140625,6800627
2014-02-25 00:00:00+05:30,171.75362409930295,172.11219501486966,170.32990030614823,170.96266174316406,7039336
2014-02-26 00:00:00+05:30,171.05756794642713,172.29146748986366,170.47753547585097,170.99429321289062,13608048
2014-02-28 00:00:00+05:30,170.99428374673911,171.97507022190888,167.282067692663,168.7268829345703,18949872
2014-03-03 00:00:00+05:30,168.7585687923389,170.171747075306,168.13633894189542,169.45460510253906,11635479
2014-03-04 00:00:00+05:30,169.37021877508056,171.82745827315077,169.285852454087,171.46888732910156,8997053
2014-03-05 00:00:00+05:30,172.01726992400086,172.5340276821472,169.82368941917358,170.21389770507812,11827655
2014-03-06 00:00:00+05:30,170.709558608084,173.88392558432056,170.69901281905646,173.47262573242188,10172590
2014-03-07 00:00:00+05:30,174.01048336673387,184.34565278384483,174.01048336673387,183.3754119873047,33597187
2014-03-10 00:00:00+05:30,182.46849244655004,190.59952289798335,182.10992145891092,186.7607421875,32869474
2014-03-11 00:00:00+05:30,186.66580372616534,187.25638204140984,183.94491952814286,184.5038604736328,12780183
2014-03-12 00:00:00+05:30,184.34563826867478,186.2228449767575,183.00629494399413,183.7866973876953,9431389
2014-03-13 00:00:00+05:30,184.55658610298775,188.72228568433775,184.493311364617,185.5162811279297,17221827
2014-03-14 00:00:00+05:30,184.34565954263692,187.70986508527739,183.3015981810979,186.9083709716797,16540547
2014-03-18 00:00:00+05:30,187.61491903278824,191.68570584327867,187.61491903278824,189.08082580566406,19034847
2014-03-19 00:00:00+05:30,189.82961157556815,191.91774822884386,188.82773344549244,190.46238708496094,16376397
2014-03-20 00:00:00+05:30,190.1670961769439,191.41154157205528,189.43942262475576,191.09515380859375,29711945
2014-03-21 00:00:00+05:30,191.30605964718788,192.6454170777254,186.06466176265388,186.8345184326172,22050970
2014-03-24 00:00:00+05:30,187.9840846663557,191.67520999026618,187.95244729408327,190.9686279296875,28815466
2014-03-25 00:00:00+05:30,185.40028726999347,186.1385066699487,184.02929229313165,185.46356201171875,31299573
2014-03-26 00:00:00+05:30,185.87482829641485,190.4518415984087,185.85373671805658,187.9735107421875,13811011
2014-03-27 00:00:00+05:30,188.74337805368373,190.86315219710562,188.16334553636494,189.98782348632812,55407935
2014-03-28 00:00:00+05:30,189.829619097235,194.03751585817875,189.829619097235,193.2360076904297,18667646
2014-03-31 00:00:00+05:30,193.25709794773888,198.2243056043099,192.61379070791926,196.3154754638672,18751896
2014-04-01 00:00:00+05:30,197.42282434371523,199.32112289776276,196.0096462183726,198.81491088867188,15640608
2014-04-02 00:00:00+05:30,199.3211115343817,202.90677855436957,197.86575033123782,202.1052703857422,26780181
2014-04-03 00:00:00+05:30,201.81000589621397,203.10716628890393,198.3508880493289,200.93467712402344,26550895
2014-04-04 00:00:00+05:30,200.7975718582446,201.06121660794113,198.59343135164934,199.1629180908203,12513877
2014-04-07 00:00:00+05:30,199.11017781738252,201.41977609250836,197.07478414617339,199.14181518554688,12905249
2014-04-09 00:00:00+05:30,200.37573332851062,203.89812586892396,199.77460919792736,202.9384307861328,13438946
2014-04-10 00:00:00+05:30,203.47627168627645,205.41675335163757,202.94896811023932,204.39378356933594,10649501
2014-04-11 00:00:00+05:30,202.97007353104175,204.81564321293817,200.50228812136004,201.16668701171875,11691621
2014-04-15 00:00:00+05:30,200.37572086293088,201.21941219922954,197.54936474220867,200.18588256835938,9264526
2014-04-16 00:00:00+05:30,199.63751615514832,202.27404844056957,197.86578098972782,198.5407257080078,12381278
2014-04-17 00:00:00+05:30,199.3211379599226,202.86462229133036,199.0680248963367,202.29513549804688,7845800
2014-04-21 00:00:00+05:30,204.5836085724578,204.5836085724578,201.66234027329014,202.40057373046875,11817203
2014-04-22 00:00:00+05:30,202.4849736918745,208.54897288696534,201.66237377830853,204.11961364746094,19331824
2014-04-23 00:00:00+05:30,204.38321974720463,207.12519528471503,203.38134163314456,203.99301147460938,15288495
2014-04-24 00:00:00+05:30,203.99301147460938,203.99301147460938,203.99301147460938,203.99301147460938,0
2014-04-25 00:00:00+05:30,204.17233634604605,204.38325215936993,199.53204765464704,200.00662231445312,13252156
2014-04-28 00:00:00+05:30,200.33352988916494,201.6412359216061,198.55123517872156,199.32110595703125,16610579
2014-04-29 00:00:00+05:30,199.54258222608587,200.7448445339172,197.8446677848113,198.3297882080078,8396497
2014-04-30 00:00:00+05:30,199.0891060422477,202.48494912178958,195.96746759389794,197.38064575195312,14391181
2014-05-02 00:00:00+05:30,198.26652873012148,199.8273480205955,195.31362280333462,195.7565460205078,9070553
2014-05-05 00:00:00+05:30,195.1026669879325,202.16854305987303,195.1026669879325,199.7113037109375,15199246
2014-05-06 00:00:00+05:30,199.93278078781964,203.96138503794086,199.85896026090708,203.1915283203125,12392211
2014-05-07 00:00:00+05:30,202.50604348794715,204.8894625586532,201.8627361826077,202.6642303466797,10571569
2014-05-08 00:00:00+05:30,203.13879609998355,204.61524895626198,200.53391554121296,202.5482177734375,11949181
2014-05-09 00:00:00+05:30,201.59908423144108,210.71091512270928,201.59908423144108,210.41561889648438,18452114
2014-05-12 00:00:00+05:30,209.84609955509998,221.25696742118308,209.67736692618914,216.97525024414062,30847764
2014-05-13 00:00:00+05:30,219.3586800464381,225.43323803012473,218.19861500474744,224.29425048828125,26863271
2014-05-14 00:00:00+05:30,224.42079229293373,225.26446947791882,219.59068021764278,220.51873779296875,19375695
2014-05-15 00:00:00+05:30,220.5187662477855,223.57712987757893,219.20050023639453,222.18504333496094,20864719
2014-05-16 00:00:00+05:30,232.19461783053728,243.9417274990657,226.23053217663605,229.88352966308594,52633579
2014-05-19 00:00:00+05:30,232.38628963629645,239.57514970933124,231.51297373668254,238.57403564453125,23797958
2014-05-20 00:00:00+05:30,240.24609266423727,240.4803892890687,229.12734001874287,230.01129150390625,22509088
2014-05-21 00:00:00+05:30,230.01131445380025,234.93168625373988,228.71200460349488,229.7024688720703,21991587
2014-05-22 00:00:00+05:30,231.3212691526399,237.15755580276294,231.04435891809769,234.4737091064453,18745180
2014-05-23 00:00:00+05:30,236.7634863517184,241.11940144521387,234.7293088390018,240.1502227783203,16566818
2014-05-26 00:00:00+05:30,241.2259109798881,242.82341643132293,228.97823173759903,234.66542053222656,16073584
2014-05-27 00:00:00+05:30,234.9423071002187,236.00732017085045,228.9995222223406,231.7366180419922,11273379
2014-05-28 00:00:00+05:30,232.08806269220844,235.709124190512,231.05499916181103,231.93896484375,11351815
2014-05-29 00:00:00+05:30,232.7057935181448,232.89749076118733,227.561761090208,228.6693878173828,27659174
2014-05-30 00:00:00+05:30,231.1082674218762,232.10936721539923,225.78318774553574,226.7843017578125,17293884
2014-06-02 00:00:00+05:30,228.9249710760981,231.80051487014617,226.9120932640151,230.5118408203125,8806299
2014-06-03 00:00:00+05:30,230.74615243847197,234.72930869123212,229.47877807679674,233.323486328125,10874352
2014-06-04 00:00:00+05:30,232.7377298683165,234.68670860380772,229.24448077290793,229.51072692871094,8826406
2014-06-05 00:00:00+05:30,229.7237263692852,233.2169752867371,226.68843503523803,232.15196228027344,19974435
2014-06-06 00:00:00+05:30,235.87956151285582,241.33244015382638,235.17665731853882,239.07461547851562,29319340
2014-06-09 00:00:00+05:30,240.6933776655398,241.26849779810073,236.88063319298047,239.1278076171875,13497804
2014-06-10 00:00:00+05:30,240.789247221486,240.789247221486,234.39915447649503,238.20126342773438,15760599
2014-06-11 00:00:00+05:30,238.56338589054073,238.56338589054073,232.70581322847224,234.75064086914062,15164409
2014-06-12 00:00:00+05:30,233.9944659859311,237.17886989205383,230.91657477263814,233.0572509765625,11767348
2014-06-13 00:00:00+05:30,234.36722512973577,235.7943473402221,228.48833872907744,230.44796752929688,14646904
2014-06-16 00:00:00+05:30,230.89526830155427,230.89526830155427,225.17614400527393,226.94406127929688,14371376
2014-06-17 00:00:00+05:30,225.37849328009406,232.87619898876977,225.37849328009406,232.18394470214844,15824961
2014-06-18 00:00:00+05:30,231.74729089205638,234.654784541612,225.92165374555677,227.22097778320312,19212704
2014-06-19 00:00:00+05:30,228.76524533350616,228.96759243125183,219.73391892811503,221.97044372558594,23126286
2014-06-20 00:00:00+05:30,222.77984643932302,223.5253499183286,220.2983610935732,220.77761840820312,12855084
2014-06-23 00:00:00+05:30,220.88413971056065,222.5668582996477,218.11509400224728,221.08648681640625,14768300
2014-06-24 00:00:00+05:30,222.58814708466153,226.379606421548,222.58814708466153,225.75125122070312,11890148
2014-06-25 00:00:00+05:30,225.28263744941663,225.64474646131907,223.25910967151236,223.8661651611328,10564797
2014-06-26 00:00:00+05:30,218.3280646118158,218.73277296707232,214.43010733652022,215.5377197265625,24480677
2014-06-27 00:00:00+05:30,215.13304497528682,218.00858907528252,214.53663930431665,215.58035278320312,9225499
2014-06-30 00:00:00+05:30,215.6762086614342,217.26307852322682,213.00301174764687,216.28326416015625,20656550
2014-07-01 00:00:00+05:30,216.66667525650104,217.38022923324735,214.48338550021623,214.70704650878906,9653273
2014-07-02 00:00:00+05:30,216.624059429837,218.82864885780359,215.5590462898187,216.89031982421875,12293489
2014-07-03 00:00:00+05:30,217.2630868418184,218.3281000218021,213.74853766037012,214.38754272460938,11575392
2014-07-04 00:00:00+05:30,214.0680481475169,220.84155064888486,213.7059533095944,219.80848693847656,12957117
2014-07-07 00:00:00+05:30,220.03210254504248,220.88411871565606,217.47606825195558,218.79669189453125,14019093
2014-07-08 00:00:00+05:30,218.54109450001428,220.3516254167742,210.872991159555,211.9486541748047,17484768
2014-07-09 00:00:00+05:30,213.4289995492901,215.11171787420352,211.4054719334911,213.20535278320312,14903156
2014-07-10 00:00:00+05:30,213.05627112866458,217.5825842952161,208.96661592935754,212.4066162109375,18600100
2014-07-11 00:00:00+05:30,211.98058351831583,213.4290052699611,205.2603456657865,205.86740112304688,17783841
2014-07-14 00:00:00+05:30,206.31473892462816,207.6566481900011,204.16339856713552,204.8556671142578,13764770
2014-07-15 00:00:00+05:30,205.2071119648718,208.74296073189248,205.13254881644815,207.08152770996094,15345123
2014-07-16 00:00:00+05:30,207.46493060573792,211.51198613860092,207.46493060573792,210.80908203125,13957671
2014-07-17 00:00:00+05:30,210.44697853480682,212.6196042133149,208.80685942884983,209.2754669189453,9426887
2014-07-18 00:00:00+05:30,208.7429428779894,209.4990961758573,206.46380470069454,208.05067443847656,9332698
2014-07-21 00:00:00+05:30,213.0029831087117,214.70701527733283,211.9486199582848,212.50242614746094,16987269
2014-07-22 00:00:00+05:30,213.8550199906924,220.22381311371973,213.23731466793322,219.59544372558594,28489939
2014-07-23 00:00:00+05:30,220.46876637492394,221.48053027256128,217.4867239167556,220.08535766601562,13721398
2014-07-24 00:00:00+05:30,219.39310833189995,222.20475330215024,218.11508401303493,221.74679565429688,9673900
2014-07-25 00:00:00+05:30,221.92782181477065,222.22603172625583,214.5046657536805,217.65711975097656,13532588
2014-07-28 00:00:00+05:30,217.47608489360752,218.01924133377966,213.34383032180583,214.1958465576172,9372911
2014-07-30 00:00:00+05:30,213.85503063500838,215.3460518923927,211.51199316804602,214.31298828125,18616706
2014-07-31 00:00:00+05:30,214.69637116710553,217.2417554236966,213.42899685236836,214.37686157226562,17722817
2014-08-01 00:00:00+05:30,211.938005914865,212.79002214310455,207.67795321117686,207.95484924316406,15826199
2014-08-04 00:00:00+05:30,208.95595195779842,210.80908217675827,207.90158868666722,209.80796813964844,14672155
2014-08-05 00:00:00+05:30,209.8292639239393,210.41501970601522,206.8259218685649,209.56300354003906,12233949
2014-08-06 00:00:00+05:30,209.7866733351398,212.70481674004273,208.63644719720992,210.4789276123047,16358373
2014-08-07 00:00:00+05:30,210.65997890966236,212.3001122611047,209.45651773295907,210.72389221191406,10844144
2014-08-08 00:00:00+05:30,208.6470802318749,209.48844651873304,207.2732216353005,208.8494415283203,9118453
2014-08-11 00:00:00+05:30,209.83990566189902,210.2872134208139,208.18912262676565,208.8494415283203,6696796
2014-08-12 00:00:00+05:30,210.0209556048295,210.2233169037393,207.96547838928032,209.68016052246094,9556263
2014-08-13 00:00:00+05:30,209.445881180865,212.2788260415901,208.74297699902428,210.9049530029297,14113750
2014-08-14 00:00:00+05:30,211.93802489066186,214.0680514332171,211.24577052995826,213.6313934326172,12062077
2014-08-18 00:00:00+05:30,213.23730006435676,216.2938911477132,212.47048272266835,215.78268432617188,7643510
2014-08-19 00:00:00+05:30,216.1980730129472,217.9020912520558,214.30234330201375,214.98394775390625,14559347
2014-08-20 00:00:00+05:30,215.3460314197126,216.93290115059295,212.01253004712282,212.6515350341797,13022078
2014-08-21 00:00:00+05:30,213.00300295285928,213.85501911654683,210.89427645554872,211.95928955078125,16449220
2014-08-22 00:00:00+05:30,213.02432365033127,214.49404527916846,212.00190984059716,212.6409149169922,8571614
2014-08-25 00:00:00+05:30,213.00304468033062,214.81357582816273,211.60787184913406,212.10842895507812,7455233
2014-08-26 00:00:00+05:30,212.150988685166,212.35334999069602,209.38195745656532,211.58653259277344,9548209
2014-08-27 00:00:00+05:30,212.40660476014142,213.38641911705008,210.20202956647412,211.6610870361328,8391614
2014-08-28 00:00:00+05:30,211.85283447697955,213.85506291861662,211.85283447697955,212.7261505126953,15914040
2014-09-01 00:00:00+05:30,213.92957067313446,217.47606915824397,212.065790624183,216.00634765625,16197464
2014-09-02 00:00:00+05:30,216.94355185660706,219.72324702226473,215.26083350381157,218.0724639892578,16556769
2014-09-03 00:00:00+05:30,218.3600388148478,220.6604768391221,217.49737277840063,219.65936279296875,21922291
2014-09-04 00:00:00+05:30,219.1800943023375,220.22380768294352,216.85835670249256,218.519775390625,9346763
2014-09-05 00:00:00+05:30,218.90321070693042,220.1279716246121,217.39088968384462,218.466552734375,9078852
2014-09-08 00:00:00+05:30,220.2238158119389,221.38467754533485,218.96709123902755,221.03321838378906,13886787
2014-09-09 00:00:00+05:30,219.8404072505423,221.8000359290427,219.00969076590505,220.0321044921875,9166689
2014-09-10 00:00:00+05:30,218.9990225317509,219.20138382191772,215.6868351555628,216.37908935546875,9459033
2014-09-11 00:00:00+05:30,217.3269348159859,219.39306160549862,214.70700187187452,217.13522338867188,10619105
2014-09-12 00:00:00+05:30,216.94355675159562,218.1150682954021,215.44188574998762,216.3258514404297,8749882
2014-09-15 00:00:00+05:30,214.94131820253372,215.55902348338958,213.21600051074606,213.5887451171875,8738403
2014-09-16 00:00:00+05:30,213.3012176077514,213.8869734012486,207.99743748832788,208.61514282226562,13242995
2014-09-17 00:00:00+05:30,209.7866811823933,210.99014238184762,208.51930667947903,210.58543395996094,10887270
2014-09-18 00:00:00+05:30,209.80798456100425,215.13305056746654,209.53107430366572,214.04673767089844,9089107
2014-09-19 00:00:00+05:30,214.28101735367758,216.368444061931,211.08596399601655,212.03382873535156,17169819
2014-09-22 00:00:00+05:30,211.51200109653013,212.15100616828937,210.38308881871262,211.20315551757812,7900222
2014-09-23 00:00:00+05:30,211.23508520194153,212.03383791186076,205.13253828563842,205.7289581298828,17694403
2014-09-24 00:00:00+05:30,206.2933852020807,207.4861962853019,203.50304048619486,205.5585174560547,15393998
2014-09-25 00:00:00+05:30,205.78221872511804,206.14431352777322,196.5272314068017,198.06085205078125,33092058
2014-09-26 00:00:00+05:30,197.87981446699422,200.57429702008983,195.3876790195392,198.7850799560547,15904980
2014-09-29 00:00:00+05:30,199.57318132143058,200.79795644950497,198.00761107076588,198.76377868652344,12481132
2014-09-30 00:00:00+05:30,197.6667611463721,202.0226758814611,197.0384060493489,201.43692016601562,17642155
2014-10-01 00:00:00+05:30,200.9896483708932,201.41565648157828,197.24080259062305,197.49639892578125,8656245
2014-10-07 00:00:00+05:30,197.5070169397128,199.13648596997945,196.69760023799412,197.27272033691406,12404189
2014-10-08 00:00:00+05:30,196.20772513097535,200.54232642578054,196.20772513097535,199.51991271972656,9827783
2014-10-09 00:00:00+05:30,199.8394236848789,203.8971289968638,199.8394236848789,203.34332275390625,11164671
2014-10-10 00:00:00+05:30,201.71385859725044,206.39991919543593,199.3921208825506,204.621337890625,15465656
2014-10-13 00:00:00+05:30,204.8662999963435,205.49465518563284,201.93750677030715,204.03558349609375,13881865
2014-10-14 00:00:00+05:30,208.52995613584216,208.52995613584216,204.18470463401093,204.74916076660156,19077913
2014-10-15 00:00:00+05:30,204.74916076660156,204.74916076660156,204.74916076660156,204.74916076660156,0
2014-10-16 00:00:00+05:30,202.70430037868644,203.82256261545447,197.66676695287137,198.3057861328125,19017182
2014-10-17 00:00:00+05:30,199.37083478490746,200.36129905026525,197.07039660709884,199.77554321289062,15313270
2014-10-20 00:00:00+05:30,199.9033555234932,200.3506633735597,194.16291662993632,199.16848754882812,21187302
2014-10-21 00:00:00+05:30,198.9980897970061,199.58384567528762,197.47511882597166,197.95437622070312,17621790
2014-10-22 00:00:00+05:30,199.17909615662833,202.52324738196918,198.76375215640965,201.42628479003906,13384016
2014-10-27 00:00:00+05:30,205.32424878166916,205.32424878166916,199.54121150764175,200.5103759765625,10072622
2014-10-28 00:00:00+05:30,200.45713063651263,200.64882787721785,197.26209131223527,198.95545959472656,22023470
2014-10-29 00:00:00+05:30,199.4986250809962,203.07707326840674,198.97676834988954,202.69366455078125,17516848
2014-10-30 00:00:00+05:30,201.92686666300511,209.07311337922025,201.7351694085109,208.5832061767578,32745121
2014-10-31 00:00:00+05:30,209.13699140169433,213.791116465744,209.13699140169433,213.12014770507812,14086084
2014-11-03 00:00:00+05:30,213.8550297298861,214.9200428779738,210.90493676905606,213.50357055664062,12376151
2014-11-05 00:00:00+05:30,213.42901007724788,214.81353278234062,210.53216650870866,211.14987182617188,15730002
2014-11-07 00:00:00+05:30,210.96881779600395,212.01253116055426,208.32758484604514,208.8494415283203,11633677
2014-11-10 00:00:00+05:30,209.33935075440056,210.8303718926976,206.0271490237449,206.47445678710938,10482542
2014-11-11 00:00:00+05:30,207.12412531911312,210.40437772766143,205.81416570009807,208.2530517578125,10100100
2014-11-12 00:00:00+05:30,209.15828904961683,209.38195004057,206.33600868761496,207.47557067871094,9286081
2014-11-13 00:00:00+05:30,207.46493467944958,208.70035958841316,205.20711023915192,206.4531707763672,7041533
2014-11-14 00:00:00+05:30,206.39993522248912,208.2637154471034,205.55856881573362,206.431884765625,8424014
2014-11-17 00:00:00+05:30,205.7609306558324,210.35114299996982,205.7609306558324,209.8505859375,10224348
2014-11-18 00:00:00+05:30,209.9038295043525,212.51311322358197,209.8505802670983,210.58543395996094,13410579
2014-11-19 00:00:00+05:30,210.58541687010634,211.2989850289133,207.99743305580387,208.34889221191406,8099318
2014-11-20 00:00:00+05:30,208.31693893165172,209.5310498582265,206.6768057117566,208.90269470214844,11342020
2014-11-21 00:00:00+05:30,208.7855612646325,213.21602564947597,208.7855612646325,212.5131072998047,11739875
2014-11-24 00:00:00+05:30,213.04561247952768,213.8869788366846,209.10505530835582,209.8825225830078,12426216
2014-11-25 00:00:00+05:30,209.82925976279745,211.91668653116463,207.3158249198904,211.51197814941406,14606201
2014-11-26 00:00:00+05:30,211.28834234462025,211.51198913051917,209.29676409040786,210.24462890625,13155281
2014-11-27 00:00:00+05:30,210.87299405988844,211.51199912569354,209.39262260795743,210.58543395996094,12279963
2014-11-28 00:00:00+05:30,210.8090824956261,216.69861841234655,209.42455975271412,211.2137908935547,20881173
2014-12-01 00:00:00+05:30,210.65997247184362,211.28834187787058,204.1740308512968,204.82369995117188,17382184
2014-12-02 00:00:00+05:30,204.90890001158016,206.87917857990087,204.0568838148052,205.04734802246094,9453044
2014-12-03 00:00:00+05:30,204.17403349149856,207.46493576486236,204.17403349149856,206.261474609375,9789854
2014-12-04 00:00:00+05:30,206.20821830206194,207.66727573699245,203.5669710088025,204.1740264892578,10775294
2014-12-05 00:00:00+05:30,204.69587952733698,205.97390376427438,203.43916920216455,203.91842651367188,10048267
2014-12-08 00:00:00+05:30,204.48288907771985,205.08994456653366,200.70209391712183,201.20263671875,10238784
2014-12-09 00:00:00+05:30,200.43584816520809,202.50197547868638,198.30582176600433,200.19088745117188,10598750
2014-12-10 00:00:00+05:30,198.40167441692574,200.42520238094474,198.0928146109023,198.63597106933594,13242754
2014-12-11 00:00:00+05:30,197.87983361279788,197.87983361279788,192.4163048255723,193.01271057128906,22620658
2014-12-12 00:00:00+05:30,193.19373912757226,194.04575537751623,187.30421696781806,187.94322204589844,17874849
2014-12-15 00:00:00+05:30,187.0060100820055,187.82607680243405,185.73863553395734,187.1870574951172,12647964
2014-12-16 00:00:00+05:30,186.7610317736911,188.13489034729594,183.11867068610263,184.16238403320312,20886278
2014-12-17 00:00:00+05:30,184.30087968707358,186.35635721614207,184.13046790114316,185.2061309814453,20779949
2014-12-18 00:00:00+05:30,187.77280324727724,188.46505748534432,184.17304139681832,187.4639434814453,14970699
2014-12-19 00:00:00+05:30,188.5289527188222,193.49192325128882,187.97514649591324,191.81985473632812,20073537
2014-12-22 00:00:00+05:30,192.12872510326414,193.1511389113245,189.78570175406634,192.74644470214844,8305143
2014-12-23 00:00:00+05:30,192.20323021206354,192.58663885735356,189.95605600373548,190.3714141845703,10583206
2014-12-24 00:00:00+05:30,190.3714572511381,191.09566110607193,187.44266385111996,188.32662963867188,22479751
2014-12-26 00:00:00+05:30,188.84848617048496,190.13714616499598,187.4639633290122,189.32774353027344,4890141
2014-12-29 00:00:00+05:30,189.25318875560703,191.50036340033213,188.92302927210875,191.06370544433594,6931660
2014-12-30 00:00:00+05:30,191.08497605690488,191.3618862620102,186.82492405530317,187.47457885742188,11627412
2014-12-31 00:00:00+05:30,187.44265521480216,190.4033980211783,187.2403081198988,189.81764221191406,8464992
2015-01-01 00:00:00+05:30,188.78455588595656,189.99866674677062,188.22008562007076,189.12535095214844,2963643
2015-01-02 00:00:00+05:30,189.16797331601128,190.86135588187943,188.3585707167246,188.62481689453125,7331366
2015-01-05 00:00:00+05:30,188.50767957176805,189.76440426058238,186.185941672097,186.55870056152344,10103941
2015-01-06 00:00:00+05:30,185.31263733574957,185.95164240953517,177.21851145319286,178.09182739257812,18627980
2015-01-07 00:00:00+05:30,178.30481349789582,182.92697466832107,178.28351380572232,181.9684600830078,20720312
2015-01-08 00:00:00+05:30,183.2038861888668,183.8003060577635,178.95448349019216,179.35919189453125,19872227
2015-01-09 00:00:00+05:30,180.71174068581888,183.60858421564294,179.98753691273964,183.24647521972656,13392787
2015-01-12 00:00:00+05:30,183.28906402331336,183.39556247277454,179.2633088836672,181.11642456054688,10100113
2015-01-13 00:00:00+05:30,181.69155191961207,182.10691014044292,179.0290192740664,179.59347534179688,9948711
2015-01-14 00:00:00+05:30,179.56154614157887,180.41356237216016,177.0481110582435,177.8468780517578,11380041
2015-01-15 00:00:00+05:30,178.92252706998613,185.54691648630015,178.92252706998613,184.0878448486328,16927085
2015-01-16 00:00:00+05:30,183.1825920482193,186.37764577308207,181.4892236693579,185.2487335205078,19136963
2015-01-19 00:00:00+05:30,185.3552099905248,188.72064665412026,182.91632415183335,187.3680877685547,13339962
2015-01-20 00:00:00+05:30,187.7621443882089,192.88486247277328,187.19767411589459,192.35235595703125,13361320
2015-01-21 00:00:00+05:30,192.76774300724009,194.13095192898646,190.00934718363794,193.14048767089844,17084297
2015-01-22 00:00:00+05:30,192.79968714574107,193.23634510111373,187.33615910809786,188.24142456054688,23721627
2015-01-23 00:00:00+05:30,189.57268879755253,191.23410766531313,186.80365735128487,188.91238403320312,18080494
2015-01-27 00:00:00+05:30,190.1903985652724,190.9998154322086,187.54916522810714,189.37034606933594,17939876
2015-01-28 00:00:00+05:30,188.74197420937347,193.7901583875143,188.74197420937347,193.1617889404297,19298126
2015-01-29 00:00:00+05:30,193.215022497366,199.05130914446687,193.17242311034371,197.96499633789062,36117653
2015-01-30 00:00:00+05:30,198.09279412785193,198.3590545149964,193.61973053010593,194.9510040283203,21746801
2015-02-02 00:00:00+05:30,195.12137631176222,195.9414428417306,192.91680144792156,193.4173583984375,19302710
2015-02-03 00:00:00+05:30,194.5143426249075,200.40387838973308,194.5143426249075,199.7116241455078,17092333
2015-02-04 00:00:00+05:30,200.0311139225026,201.03222790718357,197.21948341965077,197.83718872070312,14072894
2015-02-05 00:00:00+05:30,199.3708338625809,200.20153619117158,195.45157620972603,196.7509002685547,12365643
2015-02-06 00:00:00+05:30,196.8361200032585,198.09283058686734,192.3417558848529,193.8114776611328,9045844
2015-02-09 00:00:00+05:30,191.9583163020205,195.53676442070753,189.99868758151854,190.9998016357422,8839692
2015-02-10 00:00:00+05:30,191.2767338192018,192.66124252376267,183.45951773438406,187.86868286132812,13651008
2015-02-11 00:00:00+05:30,188.72066728777244,192.71448796110394,188.08166223629144,191.85182189941406,9781008
2015-02-12 00:00:00+05:30,193.4067258981105,194.67408604671823,188.98691170994425,193.65167236328125,8709626
2015-02-13 00:00:00+05:30,194.68473440157572,196.13315614514084,193.6303711872808,195.4302520751953,7393680
2015-02-16 00:00:00+05:30,195.68583903510805,196.8573647207144,191.7026829853023,192.29910278320312,12266698
2015-02-18 00:00:00+05:30,191.70269429409262,193.40672658504215,190.50988306543073,192.0541534423828,9835036
2015-02-19 00:00:00+05:30,193.18307193453714,193.32153416038068,189.05081766521658,192.1393585205078,9550637
2015-02-20 00:00:00+05:30,190.69097236438216,190.85073431349286,185.58955265417478,185.97296142578125,18717199
2015-02-23 00:00:00+05:30,185.3019768066479,186.75039865082314,180.4348545538407,181.36141967773438,14104463
2015-02-24 00:00:00+05:30,181.95779950975572,182.5009558469115,178.28350329517195,179.23135375976562,19946218
2015-02-25 00:00:00+05:30,180.79695061946094,182.43706959161682,179.14616758234467,179.59347534179688,15274116
2015-02-26 00:00:00+05:30,180.22185826087667,181.05257483056064,178.1983302946641,179.3485565185547,21459750
2015-02-27 00:00:00+05:30,180.53069262153386,183.39558660147352,179.90233746829074,182.23471069335938,18659378
2015-03-02 00:00:00+05:30,185.09960871120293,186.48413142281302,182.23471466876626,184.0878448486328,14579511
2015-03-03 00:00:00+05:30,185.09962122387654,193.07658435130193,184.7588261102915,191.8731231689453,20636925
2015-03-04 00:00:00+05:30,192.98070808339077,193.75817526240309,187.45328172037026,189.1147003173828,14476047
2015-03-05 00:00:00+05:30,190.10516337795056,191.43643674872663,187.048572344901,188.4969940185547,10716702
2015-03-09 00:00:00+05:30,188.5289699451565,189.9454422799333,184.0665559966888,185.23806762695312,14065391
2015-03-10 00:00:00+05:30,185.08896804585885,186.54803975590264,182.2027741670949,183.0015411376953,15234060
2015-03-11 00:00:00+05:30,183.38494414542797,185.22741029401843,181.56376347163638,182.31993103027344,11635873
2015-03-12 00:00:00+05:30,182.75659369896488,184.7588218197999,182.24537260294952,183.99200439453125,11782380
2015-03-13 00:00:00+05:30,185.0996238849895,185.22742205442123,180.41356303703287,181.07386779785156,12936157
2015-03-16 00:00:00+05:30,181.37205521793715,181.8939118970542,178.98641859107912,179.3698272705078,13839990
2015-03-17 00:00:00+05:30,181.16968870847458,183.16126675245445,179.13551128120127,182.51161193847656,19070082
2015-03-18 00:00:00+05:30,182.54359975820495,185.79190294682004,182.05369252883625,185.02508544921875,9269885
2015-03-19 00:00:00+05:30,186.49478794005842,186.73973442015077,181.92587562519967,182.36253356933594,13934612
2015-03-20 00:00:00+05:30,182.73532135796194,183.42759001135454,180.7543924805747,181.92591857910156,10405717
2015-03-23 00:00:00+05:30,182.4370969065992,184.03461673311165,178.51783916555183,179.33790588378906,13251683
2015-03-24 00:00:00+05:30,179.36986035596536,181.96849438474888,179.36986035596536,180.6159210205078,9238431
2015-03-25 00:00:00+05:30,180.83954811718158,180.9460465781414,179.13551586681172,179.9662322998047,10264941
2015-03-26 00:00:00+05:30,179.15682169938287,180.8928035475393,175.53577437136974,176.6433868408203,20621346
2015-03-27 00:00:00+05:30,177.62315941885194,177.85747020469435,170.71121162713018,172.89450073242188,23326922
2015-03-30 00:00:00+05:30,173.938259172148,174.17255580025198,169.64624297036656,172.6921844482422,17330588
2015-03-31 00:00:00+05:30,174.23645833672006,177.4102122570868,174.23645833672006,175.94049072265625,20235395
2015-04-01 00:00:00+05:30,175.7061746080489,178.70951666860736,173.19273971095927,178.08116149902344,14588531
2015-04-06 00:00:00+05:30,178.07050983680634,178.4965179161862,174.96066934171316,175.65292358398438,12334096
2015-04-07 00:00:00+05:30,175.95112964102105,178.0918056186698,175.95112964102105,177.39955139160156,21275454
2015-04-08 00:00:00+05:30,177.53798633287437,185.2060883729519,177.4101881868945,184.4392852783203,24821205
2015-04-09 00:00:00+05:30,184.35411639991418,191.48971310307226,182.92699421553164,190.65899658203125,27276420
2015-04-10 00:00:00+05:30,190.62702923588105,193.57712195413177,189.38096878945564,192.62925720214844,25323219
2015-04-13 00:00:00+05:30,193.1511184488768,196.97452708581855,191.4364505090701,196.49526977539062,20177342
2015-04-15 00:00:00+05:30,196.17574884773205,200.13760526043478,193.23632029456007,196.74021911621094,22231264
2015-04-16 00:00:00+05:30,196.92128163426204,199.7968255520395,195.74977006128037,197.74134826660156,20177302
2015-04-17 00:00:00+05:30,199.16846204683267,201.13874061701674,196.5165790498366,197.42184448242188,23958678
2015-04-20 00:00:00+05:30,199.64770698683893,199.67965652585826,187.12313222242497,188.64610290527344,37628162
2015-04-21 00:00:00+05:30,189.60463642053566,190.74421274878952,185.83449090902553,186.68649291992188,17707007
2015-04-22 00:00:00+05:30,187.84734664074568,188.8804101535762,184.67359296053945,187.38938903808594,14761313
2015-04-23 00:00:00+05:30,188.2627224030284,189.44488387194738,185.11026812132016,186.81430053710938,13337818
2015-04-24 00:00:00+05:30,186.80361886629143,188.39048847456047,185.02503782359088,187.20831298828125,12709854
2015-04-27 00:00:00+05:30,187.45330750431003,189.04017739917586,185.62147690419397,186.44154357910156,11042925
2015-04-28 00:00:00+05:30,186.31373464262947,187.86865490589847,182.87373465201406,184.2902069091797,14687371
2015-04-29 00:00:00+05:30,183.60858551429183,185.42976613438847,180.49874503472927,181.05255126953125,16387960
2015-04-30 00:00:00+05:30,181.05256783444128,184.4393188506432,180.61590987077562,183.6831512451172,34802149
2015-05-04 00:00:00+05:30,184.50319420457845,190.40337955077277,183.28908331542618,189.7750244140625,15078502
2015-05-05 00:00:00+05:30,190.36078384285693,192.08610159530198,188.52895340893107,190.03062438964844,17846755
2015-05-06 00:00:00+05:30,189.5727032004947,191.01047537978988,185.73864405570748,187.4959259033203,22438208
2015-05-07 00:00:00+05:30,186.37764705705703,187.11250074539757,183.1825933101832,185.47238159179688,16735535
2015-05-08 00:00:00+05:30,187.8630975074672,192.76997354027543,185.7278026704734,191.8964385986328,17104443
2015-05-11 00:00:00+05:30,192.57583791046122,193.99937253637208,190.53759940455888,193.24447631835938,14214007
2015-05-12 00:00:00+05:30,193.01800796512248,193.01800796512248,186.60133936729392,187.3670196533203,16650201
2015-05-13 00:00:00+05:30,188.3699483150161,191.66996098197123,184.88660721019056,190.90426635742188,16701434
2015-05-14 00:00:00+05:30,191.09836673035826,191.1415172285547,187.71209646949217,189.416015625,12329713
2015-05-15 00:00:00+05:30,190.21407684063172,191.30329225237853,187.66897473862284,188.49935913085938,8331715
2015-05-18 00:00:00+05:30,188.7042894122208,192.82390291273086,188.12193755585287,192.29547119140625,9847540
2015-05-19 00:00:00+05:30,192.2307177267468,195.14249065968585,191.227774676372,193.15817260742188,14513036
2015-05-20 00:00:00+05:30,194.2042813824008,196.49055246225527,193.62191518865077,196.02682495117188,8708891
2015-05-21 00:00:00+05:30,196.54449217032317,197.43959520399088,192.84547013696726,193.4170379638672,10759523
2015-05-22 00:00:00+05:30,193.47095516902235,195.32586537004315,193.47095516902235,194.9484100341797,8349048
2015-05-25 00:00:00+05:30,194.1180192294312,195.84352118046095,192.4680198670267,192.93174743652344,6617337
2015-05-26 00:00:00+05:30,193.0395829575526,193.25527789507234,190.3866403307286,190.79644775390625,9510249
2015-05-27 00:00:00+05:30,191.0983945859448,192.15527239102204,189.84741869912585,190.94741821289062,8078236
2015-05-28 00:00:00+05:30,191.06602319333055,192.87779707844655,188.0787617267393,188.89837646484375,26538868
2015-05-29 00:00:00+05:30,189.7827298150447,191.19548061317758,188.31605887933804,189.15724182128906,29277517
2015-06-01 00:00:00+05:30,189.8042806131137,195.17488420406747,189.372905153844,194.60330200195312,19594976
2015-06-02 00:00:00+05:30,195.3582028879292,198.17290566214237,192.27388506594002,193.8268280029297,20178960
2015-06-03 00:00:00+05:30,193.90233259451733,196.37194674588662,191.6376293522947,193.3307647705078,15546279
2015-06-04 00:00:00+05:30,195.02388152032302,197.6121197199217,192.51113150185242,196.8572235107422,15931395
2015-06-05 00:00:00+05:30,196.25327823169889,197.77386887678108,195.07777636991148,195.78955078125,13066337
2015-06-08 00:00:00+05:30,195.58469134854153,196.27489789241844,190.47291842284835,190.9797821044922,10846953
2015-06-09 00:00:00+05:30,190.5699437060814,192.1013185295186,189.23269574065046,190.60231018066406,9153355
2015-06-10 00:00:00+05:30,191.09839906265654,196.25332229744495,190.88271852466946,195.36900329589844,13509379
2015-06-11 00:00:00+05:30,195.4121154701317,196.1670260564273,188.4346493502279,189.18955993652344,14676438
2015-06-12 00:00:00+05:30,189.5885959331306,192.54349112834416,189.426821140758,191.9287872314453,21543824
2015-06-15 00:00:00+05:30,193.0179981192392,195.1964433694674,191.96113477120412,194.49545288085938,12858570
2015-06-16 00:00:00+05:30,193.9023081194335,195.19643437871102,192.65133236024005,194.96995544433594,13929305
2015-06-17 00:00:00+05:30,195.20722348368895,203.2523371171076,192.82388178639968,200.84742736816406,26232634
2015-06-18 00:00:00+05:30,201.1386047581477,211.80430911799473,201.12782073185448,211.14646911621094,49366799
2015-06-19 00:00:00+05:30,211.91216080142698,217.06706927613607,211.91216080142698,214.96412658691406,45710935
2015-06-22 00:00:00+05:30,215.02882060348534,217.5631386167604,212.7748872566716,213.89646911621094,19394187
2015-06-23 00:00:00+05:30,214.10139743039582,216.2690444964772,213.7455101337003,214.60826110839844,16007498
2015-06-24 00:00:00+05:30,214.60824167859994,217.07785568160645,212.80725170160477,213.7239227294922,18603004
2015-06-25 00:00:00+05:30,212.88275109807321,217.62785216251115,212.45137565623364,216.6680450439453,27175118
2015-06-26 00:00:00+05:30,215.66510292680425,218.72785274188087,214.6945117771632,215.83766174316406,20966796
2015-06-29 00:00:00+05:30,213.07686283011645,214.36020512509336,209.6474417573692,213.713134765625,20168946
2015-06-30 00:00:00+05:30,213.508237791198,216.30137252426832,213.09843040389427,215.70823669433594,23184864
2015-07-01 00:00:00+05:30,215.90237593912974,217.94061456857037,215.90237593912974,216.9053192138672,14824266
2015-07-02 00:00:00+05:30,217.6278473727771,219.9464849224223,217.21803999215396,218.02687072753906,15931202
2015-07-03 00:00:00+05:30,217.78960848329174,218.6631433767422,216.34450581940408,217.23960876464844,13831096
2015-07-06 00:00:00+05:30,214.8455022856604,219.76314778704037,214.65137541722385,219.0406036376953,12237733
2015-07-07 00:00:00+05:30,218.0592320681065,219.2670718116633,215.68667428837102,216.38766479492188,11294999
2015-07-08 00:00:00+05:30,214.79156383598652,217.56314489101746,213.88569125878155,214.95333862304688,15190654
2015-07-09 00:00:00+05:30,214.82392035261478,215.90236616300606,212.05235363821487,212.96902465820312,16245867
2015-07-10 00:00:00+05:30,213.76708205330507,216.54944751795958,213.58375358697452,216.07493591308594,16110573
2015-07-13 00:00:00+05:30,216.0749046814345,218.38275820763624,214.64058604670007,217.19647216796875,9860248
2015-07-14 00:00:00+05:30,217.60628398511287,218.16706773981207,214.6513744484258,215.212158203125,9942927
2015-07-15 00:00:00+05:30,215.63272309824143,218.79252874206222,215.58958699917738,218.091552734375,13532911
2015-07-16 00:00:00+05:30,218.27492759246167,221.6827809288038,218.0915991324372,220.7984619140625,14854295
2015-07-17 00:00:00+05:30,221.13276007378454,222.405303941404,219.5690331053919,220.3670654296875,10195142
2015-07-20 00:00:00+05:30,221.68275758183316,222.14648509448594,219.5474628571846,221.02491760253906,6348354
2015-07-21 00:00:00+05:30,221.72591019242597,221.8229664329722,216.27981831821407,217.36903381347656,7923338
2015-07-22 00:00:00+05:30,216.7651417852329,227.3230076644825,216.67886956032322,226.5573272705078,17309440
2015-07-23 00:00:00+05:30,227.22592954233613,230.32103170049388,224.57298689218663,225.45730590820312,18642915
2015-07-24 00:00:00+05:30,226.0396577930844,226.39553068662536,220.23767845085933,221.0896453857422,13099664
2015-07-27 00:00:00+05:30,221.05729081007794,222.13572230140866,216.06414235077094,216.84060668945312,20118553
2015-07-28 00:00:00+05:30,217.47686953387185,219.28862905994157,215.70823171305562,217.8974609375,13382878
2015-07-29 00:00:00+05:30,217.73567146920158,218.42587786888075,213.98272996279803,214.8238983154297,14790821
2015-07-30 00:00:00+05:30,215.7082406319693,217.41217436851056,214.02588934579455,215.71902465820312,11701228
2015-07-31 00:00:00+05:30,215.68666999560452,217.3906037117329,213.52980718308112,216.085693359375,16634259
2015-08-03 00:00:00+05:30,215.90236639024334,218.67393310756034,215.55726315463897,216.21510314941406,9887787
2015-08-04 00:00:00+05:30,216.42004630921898,216.90534195749052,211.37297732635534,213.0984649658203,12006872
2015-08-05 00:00:00+05:30,213.15233488135684,215.85921160525191,212.25723199022184,213.04449462890625,14345010
2015-08-06 00:00:00+05:30,213.7454914423655,213.96118636612832,210.83373235370829,211.14646911621094,8708037
2015-08-07 00:00:00+05:30,211.15725373384046,214.39256241615172,210.7582303619759,212.31118774414062,8608888
2015-08-10 00:00:00+05:30,212.34353776638306,213.27097841911095,208.02979769771665,208.97882080078125,9288894
2015-08-11 00:00:00+05:30,209.43176393534605,210.00333172185398,206.6278307359085,208.35333251953125,8762464
2015-08-12 00:00:00+05:30,207.83570377263084,208.35335147523278,202.8641232630559,203.37098693847656,9650325
2015-08-13 00:00:00+05:30,204.25529818107353,205.75432109586058,200.45920557468926,201.31117248535156,9340350
2015-08-14 00:00:00+05:30,202.79941404955733,209.64745831183663,201.5160716532434,208.55824279785156,12739366
2015-08-17 00:00:00+05:30,208.35332692288597,208.35332692288597,204.05037100351115,205.05331420898438,10857430
2015-08-18 00:00:00+05:30,206.19649246522448,206.19649246522448,203.2200287078555,203.62982177734375,6630334
2015-08-19 00:00:00+05:30,203.60823029809814,207.27490023070197,202.62685505404917,205.89451599121094,8877298
2015-08-20 00:00:00+05:30,207.04839415164244,207.04839415164244,197.08366733246916,197.6336669921875,19008087
2015-08-21 00:00:00+05:30,196.27487736703083,196.68468475999595,193.4709441712895,195.8327178955078,20050521
2015-08-24 00:00:00+05:30,189.80426548060146,189.80426548060146,176.4316849009928,178.92286682128906,35635706
2015-08-25 00:00:00+05:30,181.36013560358816,185.63073951637352,177.55327360847633,182.9346466064453,49504268
2015-08-26 00:00:00+05:30,182.8591624591156,188.68270945109074,181.17681115823117,184.0670166015625,18955515
2015-08-27 00:00:00+05:30,186.9571867143987,190.07385636166384,184.85424422427366,187.46405029296875,26997546
2015-08-28 00:00:00+05:30,188.72580745746444,190.45129451532944,186.80619356698352,188.16502380371094,10770215
2015-08-31 00:00:00+05:30,188.262117387575,188.262117387575,184.15328818730984,184.60623168945312,20708942
2015-09-01 00:00:00+05:30,184.1748681867301,184.1748681867301,180.11995885489355,181.14447021484375,21645696
2015-09-02 00:00:00+05:30,183.3336590122136,184.86503381918314,181.73758005257042,183.23660278320312,19652369
2015-09-03 00:00:00+05:30,184.20718334052788,185.65228586133605,182.12580895689797,184.16404724121094,11659978
2015-09-04 00:00:00+05:30,183.26897343967389,183.26897343967389,177.96307400563813,180.29249572753906,16199949
2015-09-07 00:00:00+05:30,180.79934416881278,182.03955031019262,178.52385716885811,179.7101287841797,10234633
2015-09-08 00:00:00+05:30,180.3140611263742,183.96994685454462,177.96307138600227,183.03170776367188,12900468
2015-09-09 00:00:00+05:30,185.70623219148123,189.52387830503704,183.441514668271,188.52093505859375,17340694
2015-09-10 00:00:00+05:30,185.7062389471499,187.7552616199805,184.51995281168513,187.00035095214844,11074406
2015-09-11 00:00:00+05:30,188.07879272026005,188.96311175743168,184.6709536953797,185.69546508789062,10634833
2015-09-14 00:00:00+05:30,185.8679641574111,186.71993090462797,183.74345369961657,186.32090759277344,7964072
2015-09-15 00:00:00+05:30,185.92191948201648,187.6474213525472,184.5415208651718,187.00035095214844,11509788
2015-09-16 00:00:00+05:30,188.10037722461686,189.23272890281734,186.6121382426189,188.1974334716797,13424811
2015-09-18 00:00:00+05:30,189.46995444788118,194.01015903348315,189.18956976826752,193.1258544921875,34261453
2015-09-21 00:00:00+05:30,189.80426232276508,191.57288569764955,188.9522955128591,189.3944549560547,12732187
2015-09-22 00:00:00+05:30,189.80425236217678,190.8611156010267,182.14737869403075,182.88070678710938,15745524
2015-09-23 00:00:00+05:30,181.82385421861375,184.80033166111397,181.17679828699568,183.40914916992188,15221260
2015-09-24 00:00:00+05:30,182.9022950231763,182.9022950231763,180.04445611206017,180.60523986816406,29076982
2015-09-28 00:00:00+05:30,181.13365445263256,181.3709030048691,178.73952889057725,179.93658447265625,11624639
2015-09-29 00:00:00+05:30,179.01993888157423,183.3875844978456,178.1787560764428,181.33856201171875,15853471
2015-09-30 00:00:00+05:30,183.54937047979286,186.52583376082114,180.85327748774904,185.9866180419922,17292020
2015-10-01 00:00:00+05:30,188.49937501221308,188.49937501221308,185.18859239443228,186.5042724609375,8663393
2015-10-05 00:00:00+05:30,186.09447649283808,191.96114536088643,185.88956558881378,191.52976989746094,16015412
2015-10-06 00:00:00+05:30,193.17977057117756,194.2258498805165,191.04446145095,193.69741821289062,12330294
2015-10-07 00:00:00+05:30,192.97485419825088,198.01113813542733,192.17682190547805,197.09446716308594,11515191
2015-10-08 00:00:00+05:30,197.33172911101852,197.33172911101852,191.15230969549748,191.7670135498047,10753149
2015-10-09 00:00:00+05:30,192.83469023993652,195.29352042949287,190.12782742493596,191.38958740234375,9327873
2015-10-12 00:00:00+05:30,191.52976176995912,194.46310327845762,191.52976176995912,192.33859252929688,6212395
2015-10-13 00:00:00+05:30,190.89349896532667,193.31997696159476,190.4297714194666,192.7376251220703,6162561
2015-10-14 00:00:00+05:30,193.21212877163055,195.19644719406165,192.81310540231365,194.75428771972656,8002587
2015-10-15 00:00:00+05:30,195.7788123563437,196.49057253556444,194.1395970602082,194.9160614013672,9048478
2015-10-16 00:00:00+05:30,195.08858410334375,197.31016540527344,194.91603969072716,197.31016540527344,15246935
2015-10-19 00:00:00+05:30,202.96116164809627,208.24547848093448,202.96116164809627,207.81411743164062,33505855
2015-10-20 00:00:00+05:30,208.13763414014025,208.50430542275393,205.54939590559957,206.34744262695312,18091895
2015-10-21 00:00:00+05:30,206.08861418734307,210.25136346681964,205.5493984816352,205.98077392578125,14404450
2015-10-23 00:00:00+05:30,207.91116226891455,209.87391252718837,202.99350259758887,206.12095642089844,12153422
2015-10-26 00:00:00+05:30,207.46901286725338,207.70626144284748,203.02586450685718,203.3601837158203,10938775
2015-10-27 00:00:00+05:30,202.4866313451271,204.52486970588922,202.18466424068558,202.6483917236328,11601798
2015-10-28 00:00:00+05:30,202.07681668316394,203.8023182497705,200.56701001133166,202.0876007080078,11958727
2015-10-29 00:00:00+05:30,201.88276529307433,203.8239479436464,201.6562863049602,202.96119689941406,13280382
2015-10-30 00:00:00+05:30,203.19841112174055,206.17488876239378,202.76705007054346,204.40626525878906,13366359
2015-11-02 00:00:00+05:30,204.6866458850942,207.38273878903166,203.86704550616568,207.0160675048828,7222044
2015-11-03 00:00:00+05:30,207.76018442337065,209.3131272982727,207.32880900291485,208.6121368408203,11373522
2015-11-04 00:00:00+05:30,208.78470386228324,210.2945106943322,204.0827245524261,205.18272399902344,10033187
2015-11-05 00:00:00+05:30,204.68665658987277,205.11803205297895,201.23568168082213,202.01214599609375,10767454
2015-11-06 00:00:00+05:30,202.6268488983073,205.92686181592717,202.29254407444432,205.4199981689453,8367190
2015-11-09 00:00:00+05:30,201.3435342430306,208.13765860764192,199.175872768492,207.32884216308594,17031699
2015-11-10 00:00:00+05:30,206.4121614010071,206.95137713814407,197.6337044360297,199.02488708496094,11486238
2015-11-13 00:00:00+05:30,197.36409530174072,202.43273165218142,197.24547101219613,201.2464599609375,13682323
2015-11-16 00:00:00+05:30,199.72586075728728,203.17683542441026,199.45624571253478,201.51605224609375,15346549
2015-11-17 00:00:00+05:30,202.3248987534821,202.50822720763318,199.76901243258433,200.1033172607422,8588142
2015-11-18 00:00:00+05:30,200.07094009346977,200.86898676609366,196.2640783552066,196.70623779296875,11249222
2015-11-19 00:00:00+05:30,198.194475730265,202.46506494071627,197.8385884967615,201.61309814453125,12183206
2015-11-20 00:00:00+05:30,201.4513339460765,205.5062425732367,199.62877610971884,204.222900390625,11304265
2015-11-23 00:00:00+05:30,204.90233479390955,206.6062540560812,204.0827200411242,205.71115112304688,10499517
2015-11-24 00:00:00+05:30,205.5493959240544,209.56116878742728,205.1288045112978,208.71998596191406,14806176
2015-11-26 00:00:00+05:30,209.43177005692354,213.9504067479622,208.83863420067823,213.23863220214844,23805828
2015-11-27 00:00:00+05:30,213.31412394792108,214.06903461239565,210.10039760530512,211.1680450439453,10891864
2015-11-30 00:00:00+05:30,211.04942151562133,212.32197986398762,207.5552960683557,208.59059143066406,29919205
2015-12-01 00:00:00+05:30,207.92196444255669,211.11412269833326,207.32882858262718,208.33177185058594,12981379
2015-12-02 00:00:00+05:30,208.40725202011174,211.30824144657555,208.02979670634872,210.9307861328125,7573628
2015-12-03 00:00:00+05:30,210.27294806983107,213.30334604563524,210.10040363775107,210.76902770996094,11361395
2015-12-04 00:00:00+05:30,209.71216559610298,210.5533485036212,207.36119010252116,208.23471069335938,13443688
2015-12-07 00:00:00+05:30,208.23468861943664,209.86313412648315,204.84841808997868,205.34449768066406,14483909
2015-12-08 00:00:00+05:30,204.66506242973637,205.67878959946103,201.9042799750787,202.9395751953125,7532164
2015-12-09 00:00:00+05:30,201.9258374029258,203.4895641762685,196.88955389500862,197.54739379882812,9174419
2015-12-10 00:00:00+05:30,198.97096849768863,205.72195649011263,198.4317527563602,204.97784423828125,18592203
2015-12-11 00:00:00+05:30,205.2798033603932,206.84353038888125,203.37097308770743,205.5386199951172,18155513
2015-12-14 00:00:00+05:30,204.38468753558126,207.81410851562416,204.03958431305358,206.00233459472656,10563900
2015-12-15 00:00:00+05:30,206.4121400570542,210.93077639371234,205.68958154139273,210.48861694335938,15718833
2015-12-16 00:00:00+05:30,210.48862077128237,213.0013707874934,209.97097313182812,211.08175659179688,12097338
2015-12-17 00:00:00+05:30,211.38373854933639,218.9219891270214,210.94157905991057,217.77883911132812,19369032
2015-12-18 00:00:00+05:30,216.50627580899342,217.62784327322527,213.5297983399872,213.93960571289062,16016139
2015-12-21 00:00:00+05:30,213.0768857447909,215.4710117773358,212.3112054142055,213.98277282714844,12331769
2015-12-22 00:00:00+05:30,214.13372036075907,216.2474470029047,212.23567423397597,212.94744873046875,11579277
2015-12-23 00:00:00+05:30,213.91804834442092,217.17491064318043,213.5298090034453,216.50628662109375,12919467
2015-12-24 00:00:00+05:30,216.52784109844154,217.23960118069127,214.88862602563455,215.80528259277344,11901877
2015-12-28 00:00:00+05:30,215.81608367058436,218.6523689939622,215.68667535411365,217.92982482910156,12885935
2015-12-29 00:00:00+05:30,217.92980839436726,219.7199998309059,217.22881793721646,219.00823974609375,14913870
2015-12-30 00:00:00+05:30,218.92197450909973,219.13765502715017,216.11804138705364,216.65725708007812,8151610
2015-12-31 00:00:00+05:30,216.4200139053956,219.93570722254987,215.49255885886123,218.835693359375,18483713
2016-01-01 00:00:00+05:30,217.80041212374195,219.7631626053424,217.45532326396145,218.9974822998047,5416562
2016-01-04 00:00:00+05:30,216.7651171822268,218.66316350641532,212.8180481573938,214.67295837402344,30170947
2016-01-05 00:00:00+05:30,215.75139068466748,217.8435495008794,215.0396305093221,216.79747009277344,14946239
2016-01-06 00:00:00+05:30,217.32587590779337,223.96903727610155,215.7729330211221,222.63177490234375,26759864
2016-01-07 00:00:00+05:30,220.22686105046247,221.7258837807024,217.42294244585054,218.5445098876953,19739943
2016-01-08 00:00:00+05:30,220.00039362174954,222.78274413887019,219.2886191560948,221.24058532714844,21313199
2016-01-11 00:00:00+05:30,219.12685977247648,228.80040407140442,218.05921246703974,226.8160858154297,29016443
2016-01-12 00:00:00+05:30,227.54946127259487,229.79259646165926,224.55141540396858,225.48965454101562,23373377
2016-01-13 00:00:00+05:30,227.13963542633581,235.04455687716177,225.8670771603823,232.26219177246094,71802356
2016-01-14 00:00:00+05:30,229.4582456475279,233.15728155203664,227.12883856378946,228.98373413085938,27823189
2016-01-15 00:00:00+05:30,230.73082546236907,234.99063108822978,229.83572247228875,231.4965057373047,28767318
2016-01-18 00:00:00+05:30,231.86316598278572,233.79356421462063,217.4337361564748,219.32098388671875,27254669
2016-01-19 00:00:00+05:30,221.94159983155998,226.42787002634057,218.72785915815766,225.0906219482422,21489315
2016-01-20 00:00:00+05:30,223.2141360584312,223.2141360584312,213.52980706188325,216.6680450439453,45114225
2016-01-21 00:00:00+05:30,219.47196969049102,221.24059309563393,210.66116154812102,212.27880859375,31768619
2016-01-22 00:00:00+05:30,214.40334099699277,218.0592266130631,214.40334099699277,216.58177185058594,23682648
2016-01-25 00:00:00+05:30,217.84354654946597,219.73080882841978,215.68668360088998,216.5386505126953,13099564
2016-01-27 00:00:00+05:30,217.43372504438798,217.8435180085244,215.0288153969411,215.5464630126953,17251028
2016-01-28 00:00:00+05:30,215.9023501378587,220.3886342714085,215.06116736347508,219.33175659179688,23074633
2016-01-29 00:00:00+05:30,219.77396037874473,224.3141655553124,219.56906385543408,223.32200622558594,19177163
2016-02-01 00:00:00+05:30,224.30334416513048,224.70236751564363,221.19745836279253,222.2219696044922,9918809
2016-02-02 00:00:00+05:30,222.22199876922923,222.76121452521238,213.63766838424542,215.9347381591797,14771279
2016-02-03 00:00:00+05:30,213.09844623535727,214.39257264963337,210.29452726794185,211.67491149902344,15691478
2016-02-04 00:00:00+05:30,213.0984112498044,215.90234415478218,208.28860648854823,209.8739013671875,18203784
2016-02-05 00:00:00+05:30,211.17879479345598,211.8042826381615,207.3611491776557,209.41017150878906,20998404
2016-02-08 00:00:00+05:30,209.45333721959173,212.40824685964114,206.6170518707073,207.2856903076172,12078110
2016-02-09 00:00:00+05:30,205.52786018543983,208.95728178490543,204.90237217992495,206.52001953125,19603494
2016-02-10 00:00:00+05:30,205.26902364796624,209.86314859196088,204.61116922508546,207.6307830810547,16883350
2016-02-11 00:00:00+05:30,207.67389503377063,208.3425334055574,197.4611350038204,199.41310119628906,17114833
2016-02-12 00:00:00+05:30,201.42976570946547,201.42976570946547,191.5513107535125,195.53073120117188,29319458
2016-02-15 00:00:00+05:30,198.00036707592992,205.19351419702687,198.00036707592992,204.20135498046875,19283523
2016-02-16 00:00:00+05:30,205.13959488850472,206.62783371931286,199.94155020598154,200.70724487304688,13024856
2016-02-17 00:00:00+05:30,201.6885952932706,206.50919880533755,197.65525446047926,205.46311950683594,15442221
2016-02-18 00:00:00+05:30,207.69545788282025,208.93566396866177,201.88270995057076,202.76702880859375,14433087
2016-02-19 00:00:00+05:30,202.745460717054,205.49545911900836,202.17387858847187,203.68368530273438,10235503
2016-02-22 00:00:00+05:30,203.62978193309357,208.84940891058716,203.62978193309357,207.55528259277344,12770834
2016-02-23 00:00:00+05:30,207.72783360534714,208.6121525640382,203.33861968682004,204.8268585205078,18989787
2016-02-24 00:00:00+05:30,203.80237051511565,206.7464820419968,203.17686811796665,205.47393798828125,15186204
2016-02-25 00:00:00+05:30,205.8082674520251,206.3151311727146,202.92884555005455,203.62982177734375,24826958
2016-02-26 00:00:00+05:30,205.54941206021542,206.78961834380064,203.6729337934846,204.97784423828125,8349402
2016-02-29 00:00:00+05:30,205.18273335873187,214.52197385064125,201.66703994090304,208.4935302734375,31032353
2016-03-01 00:00:00+05:30,208.07292300826185,212.46215103275813,208.06213898260236,211.6533203125,16453192
2016-03-02 00:00:00+05:30,214.15528289516985,216.9268638335654,212.93665921896965,216.01019287109375,20105967
2016-03-03 00:00:00+05:30,217.843548882792,219.56905077845437,215.14747016819425,218.45826721191406,15880459
2016-03-04 00:00:00+05:30,218.70627749306797,218.92197240694566,216.44157448369114,217.0670623779297,8987660
2016-03-08 00:00:00+05:30,217.30432350294137,222.35139184749872,217.30432350294137,221.51022338867188,13222993
2016-03-09 00:00:00+05:30,220.00041953737903,225.15532821742445,219.69845239548502,224.68081665039062,11854901
2016-03-10 00:00:00+05:30,224.7562844657416,225.58668323226294,217.62784197764415,218.22097778320312,20706353
2016-03-11 00:00:00+05:30,218.90040403580468,222.06020997768005,217.97294902265057,218.81411743164062,15319044
2016-03-14 00:00:00+05:30,219.80629594012996,221.38080703671636,218.47983185628152,219.94650268554688,11880095
2016-03-15 00:00:00+05:30,220.86314205963976,221.6935408487817,218.9435422579518,220.10824584960938,10487788
2016-03-16 00:00:00+05:30,220.21607775258948,221.2513729943125,216.86215944141694,220.37783813476562,11064129
2016-03-17 00:00:00+05:30,224.00423595077953,226.1635723375128,220.73250047511655,221.60496520996094,16832997
2016-03-18 00:00:00+05:30,222.0957186880398,224.69128737072785,221.5395264388928,224.0478515625,14030979
2016-03-21 00:00:00+05:30,224.21143229087383,227.16689520232163,223.07723690758957,226.2508087158203,12708074
2016-03-22 00:00:00+05:30,226.18537137790238,229.5116193452213,225.89090981331717,228.5519256591797,15333442
2016-03-23 00:00:00+05:30,228.34473003362487,228.34473003362487,223.00091604888885,224.48410034179688,16806372
2016-03-28 00:00:00+05:30,224.65857040008586,225.02937008513632,221.52862036688163,222.56466674804688,18070240
2016-03-29 00:00:00+05:30,223.30627663466984,227.2759754874467,222.52106995698247,226.02182006835938,15871250
2016-03-30 00:00:00+05:30,227.4286385324405,229.40258239818098,227.4286385324405,228.37744140625,14453294
2016-03-31 00:00:00+05:30,227.05785076261697,230.32957171861716,225.24748859949202,227.9739227294922,30833349
2016-04-01 00:00:00+05:30,226.64343171263732,228.21385953557103,223.56800873939125,225.6291961669922,12381116
2016-04-04 00:00:00+05:30,226.83972373170675,227.31957787824732,223.63343549800857,225.7600555419922,8632568
2016-04-05 00:00:00+05:30,224.9530248873549,227.36318636427038,222.95727030185063,223.99331665039062,10259495
2016-04-06 00:00:00+05:30,225.116652938195,226.11998315992932,223.0445598141796,225.47654724121094,6990781
2016-04-07 00:00:00+05:30,225.72734344881053,228.5846574914566,222.9354766382923,226.2399139404297,8789163
2016-04-08 00:00:00+05:30,225.9454460536905,229.99148264702242,224.92031965905267,226.04360961914062,13411752
2016-04-11 00:00:00+05:30,226.1853926537392,228.0393766525431,225.31292788253646,226.90516662597656,10308361
2016-04-12 00:00:00+05:30,226.9051338730083,230.64581766758099,226.41437433004717,228.45375061035156,11164859
2016-04-13 00:00:00+05:30,229.5770787027041,233.36137010376333,229.5770787027041,232.52162170410156,16038542
2016-04-18 00:00:00+05:30,232.46708196361936,232.68520541568859,230.19869124613882,232.23806762695312,19065716
2016-04-20 00:00:00+05:30,233.20868636328697,233.20868636328697,225.92363081063942,226.2508087158203,21687934
2016-04-21 00:00:00+05:30,227.1450881382,229.45710072306386,225.74914749525942,227.09056091308594,11380697
2016-04-22 00:00:00+05:30,226.62162321898975,228.47559264289401,224.5059085418241,226.6107177734375,11705087
2016-04-25 00:00:00+05:30,227.81032904719183,227.81032904719183,220.79792423588157,221.80125427246094,61157544
2016-04-26 00:00:00+05:30,221.47409551254177,223.3280648376199,219.75097696710816,221.81216430664062,26429236
2016-04-27 00:00:00+05:30,222.01937901414357,223.7751993083306,221.60495755141432,222.34654235839844,14502641
2016-04-28 00:00:00+05:30,221.1687413234945,222.30293678628,216.1411853001772,217.39535522460938,61949033
2016-04-29 00:00:00+05:30,216.6864648052678,217.79886389919764,213.50198743678092,214.34173583984375,23479680
2016-05-02 00:00:00+05:30,213.53469854433757,216.45744515563885,213.3165896449897,215.2687225341797,10620873
2016-05-03 00:00:00+05:30,215.4977477217923,217.01364832855614,212.17149947932916,212.8367462158203,17571826
2016-05-04 00:00:00+05:30,212.45505442025672,214.55986377723275,212.2260400500194,213.3384246826172,13546285
2016-05-05 00:00:00+05:30,213.7528433704791,214.50533370845503,211.76799394798093,212.716796875,21665684
2016-05-06 00:00:00+05:30,212.22602155255407,213.0548499516573,210.9173244423811,211.3426513671875,14748329
2016-05-09 00:00:00+05:30,212.66227486974438,215.0615313013766,212.18242067141625,214.4290008544922,15347096
2016-05-10 00:00:00+05:30,214.42896562717706,214.77795441226647,213.31658116471186,214.3090057373047,7248302
2016-05-11 00:00:00+05:30,211.96424488069454,213.91637753127597,211.57163434985037,212.7494659423828,12339923
2016-05-12 00:00:00+05:30,212.88033149052046,216.85002945767675,212.67312806124787,216.54466247558594,12786216
2016-05-13 00:00:00+05:30,215.7049385325415,216.05392732859195,212.6622466120007,213.34930419921875,14648291
2016-05-16 00:00:00+05:30,213.09847541380296,214.29811809218634,211.81160373190966,212.8694610595703,9327335
2016-05-17 00:00:00+05:30,213.80737335995684,214.42899835326477,210.77557195679654,211.38629150390625,12157600
2016-05-18 00:00:00+05:30,210.67739962761758,212.11694748650254,210.28478904791865,211.69163513183594,8228838
2016-05-19 00:00:00+05:30,211.942478991796,211.98610077559522,206.24967604591072,207.4711151123047,9134784
2016-05-20 00:00:00+05:30,207.64559260301303,208.19087939694907,203.1415129106966,203.7631378173828,18544619
2016-05-23 00:00:00+05:30,204.45020528255208,205.1808992313783,201.89825830427725,202.84706115722656,18365734
2016-05-24 00:00:00+05:30,202.42175056049433,205.9006897818998,202.42175056049433,205.1263885498047,12283217
2016-05-25 00:00:00+05:30,207.17666807165998,207.82010394270637,205.27906223636222,207.4711151123047,9240115
2016-05-26 00:00:00+05:30,207.20934993256495,207.73282581106392,205.92246384458534,206.52227783203125,14190024
2016-05-27 00:00:00+05:30,207.0021483136592,213.07665589774027,206.93671564366994,212.5968017578125,13401594
2016-05-30 00:00:00+05:30,212.967598642701,214.07998313787988,210.48108441582715,211.28811645507812,9633652
2016-05-31 00:00:00+05:30,211.35355691648334,212.22602165702816,208.62712280228962,208.92156982421875,23332727
2016-06-01 00:00:00+05:30,208.94340133967006,210.72104733200217,207.60200232067962,207.99459838867188,9042808
2016-06-02 00:00:00+05:30,208.190880235493,208.76888336579293,206.1405983876339,208.57257080078125,10253825
2016-06-03 00:00:00+05:30,209.39051658288335,210.0230469618925,208.48533551498704,209.31417846679688,8643295
2016-06-06 00:00:00+05:30,209.60862143177584,210.04485378955368,207.76555755617267,208.25631713867188,8672842
2016-06-07 00:00:00+05:30,208.79072149998288,209.59773907476205,207.55836240551068,208.3108673095703,18954268
2016-06-08 00:00:00+05:30,208.95427694783493,208.95427694783493,207.02395498248453,208.1036376953125,12135516
2016-06-09 00:00:00+05:30,209.39052262579244,212.97851610545297,208.5616796500626,211.822509765625,15643495
2016-06-10 00:00:00+05:30,212.44414190180987,214.7125474363058,211.20089195617842,213.03305053710938,16316760
2016-06-13 00:00:00+05:30,211.5498594850865,214.50532257329814,210.0557697727436,213.9927520751953,10214469
2016-06-14 00:00:00+05:30,213.96000105954042,214.9306146709696,211.4189598718675,212.9348602294922,10923848
2016-06-15 00:00:00+05:30,213.752819247914,215.17055619541046,212.3895949645451,214.7561492919922,11129082
2016-06-16 00:00:00+05:30,213.9709571125579,214.54896032663657,210.9282502339111,212.94581604003906,9372207
2016-06-17 00:00:00+05:30,213.0984546006891,213.45834882505432,211.5934595969869,212.64041137695312,10534878
2016-06-20 00:00:00+05:30,212.04061781884715,216.50107603810687,211.13545128848992,215.97760009765625,10758608
2016-06-21 00:00:00+05:30,216.82822797581372,216.8391334199327,213.6873727095157,215.30142211914062,13933068
2016-06-22 00:00:00+05:30,214.84339661301956,215.03969462333953,213.12027806018406,213.86187744140625,12788710
2016-06-23 00:00:00+05:30,213.74191295938908,214.18903619552282,211.5716566473909,213.85096740722656,9837526
2016-06-24 00:00:00+05:30,210.45930245355953,210.45930245355953,203.588681970737,207.52565002441406,24985097
2016-06-27 00:00:00+05:30,205.137274220309,209.04152546268156,205.137274220309,208.44171142578125,9163399
2016-06-28 00:00:00+05:30,208.60530732956065,209.7285972863339,208.29994030907554,208.91065979003906,7604977
2016-06-29 00:00:00+05:30,209.82676026840912,211.3426609067809,209.39052787866078,210.89552307128906,7523987
2016-06-30 00:00:00+05:30,212.00791649721418,213.20755925904538,210.9282482035719,211.38629150390625,12758283
2016-07-01 00:00:00+05:30,212.17149673837937,213.05485237378142,211.57166812272655,212.3241729736328,6610193
2016-07-04 00:00:00+05:30,212.7713096313358,216.71918275565162,212.7713096313358,215.2141876220703,7803505
2016-07-05 00:00:00+05:30,215.0833318473131,218.7476635564476,213.81827101440084,216.61013793945312,11359882
2016-07-07 00:00:00+05:30,216.4792516675819,218.22416650709627,215.09421650471344,215.47592163085938,12029091
2016-07-08 00:00:00+05:30,215.27963393766467,215.71585174843406,212.95670129528247,213.40383911132812,7140617
2016-07-11 00:00:00+05:30,216.152085385663,217.01364468699458,214.9524572790044,216.47926330566406,8266601
2016-07-12 00:00:00+05:30,217.07907416750916,219.2056942162327,216.1520822078074,218.85671997070312,9767494
2016-07-13 00:00:00+05:30,219.24930491731567,221.75762998033764,219.02029058025994,220.02362060546875,14915296
2016-07-14 00:00:00+05:30,219.8818612791514,221.1905438219378,217.73341577673185,219.1838836669922,10758372
2016-07-15 00:00:00+05:30,220.07817520305275,222.69555503785514,218.8785470254373,220.77613830566406,13992989
2016-07-18 00:00:00+05:30,224.22234753064464,226.5670910735215,218.4968285799074,219.4783477783203,32106850
2016-07-19 00:00:00+05:30,219.42381601129358,223.1208638168102,217.08997796202542,221.99757385253906,16649300
2016-07-20 00:00:00+05:30,222.46651296174147,224.28776589326452,221.72491360758355,223.1317596435547,12265316
2016-07-21 00:00:00+05:30,223.34987659767313,223.56800005794813,219.20569101252173,219.50015258789062,6711097
2016-07-22 00:00:00+05:30,219.42381918648286,221.99757706497212,219.2275066120175,221.35414123535156,6899519
2016-07-25 00:00:00+05:30,221.16871374874017,223.2953336163233,219.71824598428452,223.0772247314453,8241568
2016-07-26 00:00:00+05:30,223.13177970977202,225.70553767153058,221.4304865160695,223.3607940673828,10516399
2016-07-27 00:00:00+05:30,223.14268453545603,223.78612038410625,220.06726152461027,220.97244262695312,11030767
2016-07-28 00:00:00+05:30,221.37594236968226,224.76762305228178,220.96152090852692,223.86244201660156,15610838
2016-07-29 00:00:00+05:30,223.34987063017272,223.5461831951758,220.73249109685116,221.3650360107422,9629597
2016-08-01 00:00:00+05:30,222.041193974467,222.5428590048613,219.2165963572445,220.1872100830078,7978251
2016-08-02 00:00:00+05:30,219.86006103054618,222.4774408028136,219.4892613161394,220.90701293945312,7710138
2016-08-03 00:00:00+05:30,221.25597577475318,221.25597577475318,216.2611508539917,216.7955322265625,11872282
2016-08-04 00:00:00+05:30,217.89703034275576,218.11513926489718,214.4944292372926,216.5883331298828,10187608
2016-08-05 00:00:00+05:30,217.67891099608946,222.25932948815176,217.47170751611864,221.65951538085938,12109001
2016-08-08 00:00:00+05:30,222.4556186313719,225.5310415278423,222.18296794224895,224.4949951171875,13556347
2016-08-09 00:00:00+05:30,224.00421608834083,225.64007640111723,222.69551910211632,224.8112335205078,13290768
2016-08-10 00:00:00+05:30,224.93123554964967,225.65100951633352,218.55136061946686,218.9112548828125,13471958
2016-08-11 00:00:00+05:30,218.54047075755602,223.0990783649711,218.02790021988025,221.19056701660156,14169454
2016-08-12 00:00:00+05:30,221.82305105838816,227.47224579734734,221.82305105838816,225.92361450195312,16365425
2016-08-16 00:00:00+05:30,226.02182801910058,227.88670304421368,221.4959366970861,223.5462188720703,13367575
2016-08-17 00:00:00+05:30,223.3716865996531,224.39682754685194,219.68554427972663,221.01605224609375,15486572
2016-08-18 00:00:00+05:30,221.60494048435223,223.27351709156468,221.60494048435223,222.0520782470703,7749690
2016-08-19 00:00:00+05:30,222.0411881435151,222.91365284129105,219.66372839407845,221.3650360107422,8177802
2016-08-22 00:00:00+05:30,220.73248439957973,222.41198107584157,219.6855326180168,220.69976806640625,6684236
2016-08-23 00:00:00+05:30,220.7325237925139,221.38687969277447,219.20571762525333,220.3944549560547,7320433
2016-08-24 00:00:00+05:30,220.66705507567644,222.9027440097572,220.51437885188764,222.5864715576172,8719596
2016-08-25 00:00:00+05:30,222.7391776329487,224.44048545177213,220.07817600454266,220.8852081298828,14960746
2016-08-26 00:00:00+05:30,222.0193837575349,224.8330613782724,221.29959526478325,224.20053100585938,9639663
2016-08-29 00:00:00+05:30,224.05875044918474,231.14749325710804,223.80791066416285,230.6458282470703,16193208
2016-08-30 00:00:00+05:30,231.63825318247834,233.05599009826088,229.67521491754115,232.59796142578125,18170724
2016-08-31 00:00:00+05:30,232.27080441119784,234.25565374375375,228.366538419466,231.20204162597656,23295502
2016-09-01 00:00:00+05:30,229.67523808697118,233.98300561180895,223.7206900239731,224.48410034179688,42621045
2016-09-02 00:00:00+05:30,224.89849724507607,225.21476971578122,218.6167860918144,221.02696228027344,28124615
2016-09-06 00:00:00+05:30,222.45562744140625,223.5680120122679,221.38686465293074,222.45562744140625,11510431
2016-09-07 00:00:00+05:30,222.91367718201147,224.01515633922466,220.96154412358055,221.96487426757812,12927438
2016-09-08 00:00:00+05:30,223.14267635288076,225.95636856686406,222.52105141816577,225.40016174316406,12206479
2016-09-09 00:00:00+05:30,225.7491701308571,228.99908043356115,224.65859639921155,227.83216857910156,15269894
2016-09-12 00:00:00+05:30,224.7458365493452,230.32958503603754,224.47320040058517,228.2574920654297,33684893
2016-09-14 00:00:00+05:30,228.58464597171667,230.98390206859085,227.03602912954972,227.87576293945312,18604842
2016-09-15 00:00:00+05:30,228.3665408728151,233.42681326863752,228.3665408728151,232.29261779785156,31371009
2016-09-16 00:00:00+05:30,232.72882949801365,238.58521346795038,231.00571099363268,234.5937042236328,39324529
2016-09-19 00:00:00+05:30,233.9393681764375,237.30925258705597,233.60129938288495,236.08779907226562,16678060
2016-09-20 00:00:00+05:30,236.43679615565773,236.60037783568936,233.17598064031816,234.2992706298828,11531268
2016-09-21 00:00:00+05:30,234.25563701222663,236.63308221525526,233.16506341377206,233.87393188476562,10943394
2016-09-22 00:00:00+05:30,236.21868711917966,239.01055392355443,235.34622237280945,237.51646423339844,18761415
2016-09-23 00:00:00+05:30,237.5273633251676,241.987821385665,237.5273633251676,240.537353515625,31085948
2016-09-26 00:00:00+05:30,240.6682121339794,246.37193444948912,239.98115455578508,241.49705505371094,38213411
2016-09-27 00:00:00+05:30,243.63459422679776,245.58672718435128,241.36620335411453,242.2168426513672,19374535
2016-09-28 00:00:00+05:30,241.6497486904658,241.67155958150352,236.9384651862504,237.88726806640625,24820234
2016-09-29 00:00:00+05:30,238.8360580256888,242.27136053832746,232.81607770486463,233.9175567626953,21260295
2016-09-30 00:00:00+05:30,232.94691146829504,238.7378766606532,232.57611183096785,236.37132263183594,11199883
2016-10-03 00:00:00+05:30,237.091145996609,241.66065879721748,234.7464169247979,237.89817810058594,18125170
2016-10-04 00:00:00+05:30,238.4107497002132,241.73699802288087,238.18172077884466,239.13052368164062,13113580
2016-10-05 00:00:00+05:30,240.79910066090105,241.34438747710735,236.8294021557144,237.61460876464844,10789932
2016-10-06 00:00:00+05:30,238.18169414440447,245.65214206781874,238.18169414440447,242.2822723388672,21111045
2016-10-07 00:00:00+05:30,242.9802219533401,244.95415098980746,241.34436167957992,241.8896484375,15280380
2016-10-10 00:00:00+05:30,242.98026252171988,244.72519208640458,238.61795317001585,239.13052368164062,11553662
2016-10-13 00:00:00+05:30,237.52738755492533,237.53829300107552,229.4571244436544,230.58042907714844,21938040
2016-10-14 00:00:00+05:30,231.85635996003558,236.00054534377966,231.56189839897752,235.05174255371094,15265659
2016-10-17 00:00:00+05:30,235.56435046015426,235.7388521596413,230.92940477767496,231.3438262939453,9826781
2016-10-18 00:00:00+05:30,232.5107289652101,236.16416978364748,231.6491841880929,235.8042755126953,11073137
2016-10-19 00:00:00+05:30,236.5349348480837,238.77062384438344,235.86968815162695,237.16746520996094,17073242
2016-10-20 00:00:00+05:30,238.6070621282644,239.49043240971238,236.44772549362142,237.2111358642578,10125508
2016-10-21 00:00:00+05:30,239.27229411104634,239.27229411104634,230.85304297465063,232.1181182861328,43608816
2016-10-24 00:00:00+05:30,233.38318734009206,234.2556520990478,231.34381079403795,231.92181396484375,10513017
2016-10-25 00:00:00+05:30,232.2926017030756,232.34712892770003,229.93695279926723,231.38742065429688,7658966
2016-10-26 00:00:00+05:30,230.34049877114433,231.08209824247504,229.47893939004229,229.90426635742188,10945927
2016-10-27 00:00:00+05:30,229.26081114543476,229.87153064918294,227.58132887012542,228.73733520507812,12842476
2016-10-28 00:00:00+05:30,229.02087203518477,230.76578683590748,227.66855323662065,230.1005401611328,8127969
2016-11-01 00:00:00+05:30,229.30441582195954,230.31865129074313,228.4537620223326,229.23898315429688,10223897
2016-11-02 00:00:00+05:30,227.05785964243518,227.46137569505782,222.69555030382585,223.2953643798828,7039997
2016-11-03 00:00:00+05:30,223.31716310871863,225.6946229519764,222.6082946138057,223.33897399902344,7311872
2016-11-04 00:00:00+05:30,222.5319410890067,223.9824088738622,218.11510506805647,219.32565307617188,11535892
2016-11-07 00:00:00+05:30,221.16872363406884,221.72491587537291,217.90790829936384,218.36595153808594,9506040
2016-11-08 00:00:00+05:30,219.35839420679383,219.35839420679383,217.74433001351096,218.8785400390625,13432073
2016-11-09 00:00:00+05:30,207.2093727899421,220.07816228927382,202.84706361457168,219.1184539794922,21640144
2016-11-10 00:00:00+05:30,222.17206638137736,224.42956636996118,219.64193025891092,220.38352966308594,9764091
2016-11-11 00:00:00+05:30,217.64617232662354,221.9321433284599,217.04635828087217,218.496826171875,14775330
2016-11-15 00:00:00+05:30,217.35173049490948,218.11512623681472,213.6546680053739,214.93064880371094,14487470
2016-11-16 00:00:00+05:30,217.02456667895902,217.41717730089272,213.90552171583516,215.18148803710938,16550762
2016-11-17 00:00:00+05:30,215.06152725076979,217.71162345798209,212.531390950878,213.2620849609375,12628378
2016-11-18 00:00:00+05:30,214.84340031350146,216.5228825551867,214.18904448115077,215.38868713378906,18163751
2016-11-21 00:00:00+05:30,215.39957967636647,216.70826214266268,214.45077688029838,216.26113891601562,13232434
2016-11-22 00:00:00+05:30,217.61344376188592,219.81640180757614,216.65373551861336,218.43138122558594,17646355
2016-11-23 00:00:00+05:30,219.20569079734793,220.4053334276661,218.0169681720391,220.07815551757812,13107911
2016-11-24 00:00:00+05:30,219.32565531238035,219.32565531238035,214.2326671268658,215.35595703125,18913793
2016-11-25 00:00:00+05:30,215.93397978742965,217.22085147647007,214.70163532589027,216.74099731445312,10454964
2016-11-28 00:00:00+05:30,216.58832815045983,218.24599960064873,214.64710054799795,215.2032928466797,8312777
2016-11-29 00:00:00+05:30,215.71581320131722,219.05298077742057,215.50860977822774,217.61341857910156,9885281
2016-11-30 00:00:00+05:30,218.1042062918196,218.1042062918196,215.20327063341747,215.9448699951172,27596098
2016-12-01 00:00:00+05:30,218.11513401265722,221.38686968605174,217.024560308195,217.62437438964844,12627845
2016-12-02 00:00:00+05:30,217.22081116186774,219.20566011456333,216.32655023681082,216.96998596191406,12481430
2016-12-05 00:00:00+05:30,217.02455266257851,218.049693655859,215.17056869430255,216.7737274169922,3987213
2016-12-06 00:00:00+05:30,217.2426532268541,219.54377493061577,216.93730076569585,219.2493133544922,6726369
2016-12-07 00:00:00+05:30,218.98759060370128,219.772797235121,217.319013771928,217.9297332763672,4930865
2016-12-08 00:00:00+05:30,219.21660670809848,222.870047438481,219.06393047077154,222.48834228515625,8750556
2016-12-09 00:00:00+05:30,222.91366485162973,225.06209581765228,222.54286515109575,224.4295654296875,8239158
2016-12-12 00:00:00+05:30,222.58647826787612,227.21051793922015,222.58647826787612,224.0478515625,9023848
2016-12-13 00:00:00+05:30,224.22233900511569,227.05784203938563,224.1241900010077,226.7960968017578,10365823
2016-12-14 00:00:00+05:30,226.79611047056923,232.1726552908185,226.44713621270844,231.09298706054688,24139260
2016-12-15 00:00:00+05:30,229.54436200251206,232.85970469511807,228.72642449453002,229.66432189941406,19331986
2016-12-16 00:00:00+05:30,229.4571244436544,231.63828647373316,229.4571244436544,230.58042907714844,14942206
2016-12-19 00:00:00+05:30,230.11147374453793,232.71794809985008,229.9696883886366,231.75823974609375,15009634
2016-12-20 00:00:00+05:30,230.04602499225058,231.42014019181653,229.70794163489361,230.74398803710938,11688169
2016-12-21 00:00:00+05:30,231.22383110500155,232.79425880071662,230.5913007608954,231.910888671875,20367894
2016-12-22 00:00:00+05:30,230.7657918775645,231.78002735864462,229.22808048883033,229.75155639648438,28892834
2016-12-23 00:00:00+05:30,229.4571077741469,233.15417023054383,229.4571077741469,230.61312866210938,10265033
2016-12-26 00:00:00+05:30,229.9696709951541,232.51071248324985,227.85395642257762,228.4646759033203,15321770
2016-12-27 00:00:00+05:30,228.55192091410248,232.75063348338534,228.36651379950698,232.22715759277344,17442849
2016-12-28 00:00:00+05:30,232.9251429541673,233.2850372135143,228.38834661333428,228.9554443359375,9637310
2016-12-29 00:00:00+05:30,229.0208923187473,233.1214562956236,228.91182330403737,232.39076232910156,8772325
2016-12-30 00:00:00+05:30,232.24898052865493,236.65491132985088,231.87818084023584,236.08779907226562,15711974
2017-01-02 00:00:00+05:30,236.43680818411772,237.74550537097053,233.8957664916517,236.67674255371094,7097888
2017-01-03 00:00:00+05:30,237.71277233077117,239.2722946635221,235.80426119404578,237.61460876464844,6434204
2017-01-04 00:00:00+05:30,238.3779995849995,238.39981047346708,232.1399107631991,232.76153564453125,10392483
2017-01-05 00:00:00+05:30,233.60129684154023,235.54250970213045,233.11053726397373,234.99722290039062,8734164
2017-01-06 00:00:00+05:30,234.29926317380685,236.65491209133418,234.05932882405543,234.4628448486328,7845839
2017-01-09 00:00:00+05:30,234.91000685989837,236.87304540012164,233.60132420642162,235.06268310546875,5228980
2017-01-10 00:00:00+05:30,235.5643230993557,238.7051786052128,235.5643230993557,237.7127685546875,11349916
2017-01-11 00:00:00+05:30,238.83605928418487,238.9887355139938,236.43678858715455,236.88392639160156,11475958
2017-01-12 00:00:00+05:30,237.09115147374533,237.82184547449788,235.52072357243685,236.2841339111328,4371992
2017-01-13 00:00:00+05:30,236.55675238979543,239.38135004796092,236.55675238979543,237.83273315429688,7234429
2017-01-16 00:00:00+05:30,237.73457818651454,238.6070283379646,234.24473390069468,234.74639892578125,12013154
2017-01-17 00:00:00+05:30,232.29259756987074,232.94693881372774,226.51255170245346,227.11236572265625,39234251
2017-01-18 00:00:00+05:30,227.40680475127732,228.58463642090047,224.38590930679072,225.21475219726562,15867619
2017-01-19 00:00:00+05:30,225.78186459618755,227.9957427433623,224.87668353620998,225.46560668945312,15284274
2017-01-20 00:00:00+05:30,225.52012311665266,226.2835187942939,223.3280559645556,223.7424774169922,8784907
2017-01-23 00:00:00+05:30,222.87004664760184,224.87669229680026,220.90700822033472,221.58316040039062,13708502
2017-01-24 00:00:00+05:30,221.82307709246723,224.3968349908142,221.82307709246723,224.06967163085938,9419288
2017-01-25 00:00:00+05:30,225.0947920226412,225.2474682433215,221.63766424862547,221.8885040283203,23856654
2017-01-27 00:00:00+05:30,222.53194074870288,224.41864086657014,222.259290079182,223.5897979736328,21861796
2017-01-30 00:00:00+05:30,223.55710978814759,228.24658250230115,223.52439345088652,227.88668823242188,15678126
2017-01-31 00:00:00+05:30,228.33381698505463,229.84971756453626,226.90515996813184,227.9739227294922,15125194
2017-02-01 00:00:00+05:30,228.17023313141775,229.21718499216377,225.79277327430373,228.9445343017578,11312284
2017-02-02 00:00:00+05:30,229.0208857054899,229.19537282797552,226.45803329394766,227.60313415527344,9099129
2017-02-03 00:00:00+05:30,228.14841433024927,229.11902804082888,224.68038095177474,225.45469665527344,13219481
2017-02-06 00:00:00+05:30,226.1853647801933,227.90846865896796,225.10569667488446,227.19960021972656,9991907
2017-02-07 00:00:00+05:30,227.27597069451002,227.35230881545232,224.04787136318936,224.85488891601562,9905562
2017-02-08 00:00:00+05:30,224.85487860171116,226.45803730799202,222.91366564962914,223.60072326660156,16230826
2017-02-09 00:00:00+05:30,224.22233072784405,225.531027747659,223.96060005988468,225.2583770751953,9861688
2017-02-10 00:00:00+05:30,225.74915676916052,225.86911666933952,223.6879693351467,224.69129943847656,12518554
2017-02-13 00:00:00+05:30,225.31289677385504,225.53102021654345,222.91364082432122,224.62583923339844,8565757
2017-02-14 00:00:00+05:30,225.7491349789025,229.65340056065762,224.63675052823652,228.97723388671875,18244623
2017-02-15 00:00:00+05:30,229.6534169068137,230.65674698471244,227.98482555204262,229.30442810058594,15236663
2017-02-16 00:00:00+05:30,229.5770902478851,233.2632328276043,229.5770902478851,232.83790588378906,19655195
2017-02-17 00:00:00+05:30,232.61978563094056,235.1717326094403,230.86395071256717,234.5828094482422,14847356
2017-02-20 00:00:00+05:30,233.50313211617075,235.31349418974352,232.61977652895155,234.5609893798828,11650581
2017-02-21 00:00:00+05:30,234.51738677981467,237.95270408663046,234.0484380558998,237.35289001464844,14186476
2017-02-22 00:00:00+05:30,238.39983964580279,264.2791899796737,238.18171617443,263.3740234375,127323130
2017-02-23 00:00:00+05:30,264.7044956271861,266.53666857532676,257.2340476136446,257.97564697265625,62249698
2017-02-27 00:00:00+05:30,259.6660187022134,274.12704515863584,259.6333169301458,270.2228088378906,83422197
2017-02-28 00:00:00+05:30,268.7178728180592,272.20773234038256,267.9544624075486,270.0374755859375,36111716
2017-03-01 00:00:00+05:30,270.48456150874114,271.42245889117874,268.28160339650844,269.26312255859375,24385665
2017-03-02 00:00:00+05:30,270.0046558534794,273.66900132234696,267.6381309515123,269.75384521484375,18063590
2017-03-03 00:00:00+05:30,270.800820104699,280.8886327717915,270.800820104699,274.5087585449219,84305639
2017-03-06 00:00:00+05:30,276.78807609229557,286.1670205494475,275.9701531854544,284.716552734375,66724743
2017-03-07 00:00:00+05:30,287.6611347207693,289.4387660264565,282.70991683816817,284.62933349609375,42071555
2017-03-08 00:00:00+05:30,285.2291023287309,285.2291023287309,280.51783411551656,281.6302185058594,43336972
2017-03-09 00:00:00+05:30,281.36850450430023,283.11340473985325,279.51452070401393,280.65960693359375,31094457
2017-03-10 00:00:00+05:30,281.42303602587214,282.67720590423187,275.0867830828697,279.5472412109375,24785585
2017-03-14 00:00:00+05:30,287.63933564170037,287.6938774317287,280.3324829788653,281.25946044921875,27765035
2017-03-15 00:00:00+05:30,281.59753227141823,287.1049424373943,281.4557760391947,284.62933349609375,24107889
2017-03-16 00:00:00+05:30,285.7307964198825,285.818039974941,282.15369418243694,283.0370788574219,15924023
2017-03-17 00:00:00+05:30,285.29458626542635,287.9010606084958,283.1243588738419,283.7023620605469,22727289
2017-03-20 00:00:00+05:30,284.8583988219303,284.9129406166901,278.8275264984199,279.3619079589844,12869337
2017-03-21 00:00:00+05:30,279.66725149289954,280.0380366772965,274.67241135005304,275.6539306640625,22596181
2017-03-22 00:00:00+05:30,273.0800859456828,276.11188666158495,271.8913780195265,274.75958251953125,20291685
2017-03-23 00:00:00+05:30,275.51210453375325,278.65296004986203,274.3888291401525,277.7259826660156,11807911
2017-03-24 00:00:00+05:30,277.9004566821145,281.8047222831855,276.6680977767457,280.65960693359375,16282523
2017-03-27 00:00:00+05:30,277.2461140560793,278.9147199395627,272.03316575085495,272.8838195800781,32452615
2017-03-28 00:00:00+05:30,274.3888565515023,275.69753920061453,270.92080821933286,271.7169494628906,21707345
2017-03-29 00:00:00+05:30,273.0146472489437,274.825009107492,269.0122475698726,274.0943298339844,18924345
2017-03-30 00:00:00+05:30,273.73450367461777,278.04228596196407,273.2982858267928,277.14801025390625,27862325
2017-03-31 00:00:00+05:30,276.13365979999656,291.7616098833073,276.13365979999656,288.1081848144531,45390562
2017-04-03 00:00:00+05:30,292.71049498446496,301.1079204149999,291.63081227253303,299.8319396972656,44886623
2017-04-05 00:00:00+05:30,304.31423112447476,309.28725990732505,301.0206992003987,308.6329040527344,40323877
2017-04-06 00:00:00+05:30,307.3242184108608,316.02699685439137,305.84104870720677,313.75860595703125,50620850
2017-04-07 00:00:00+05:30,310.00703758207186,312.77707890149367,305.9173645940852,306.80072021484375,31875272
2017-04-10 00:00:00+05:30,307.54231512637796,310.7922251070103,300.4099502330383,301.2933349609375,30768410
2017-04-11 00:00:00+05:30,302.71109787639944,305.4593576209089,298.8395626369632,299.330322265625,32249647
2017-04-12 00:00:00+05:30,301.60962337617667,302.4057646627581,294.7062863570316,295.3279113769531,27448279
2017-04-13 00:00:00+05:30,295.327838935369,299.5592676835759,293.87737120466784,297.6835021972656,12713918
2017-04-17 00:00:00+05:30,297.7272025187206,304.3906198346723,297.7272025187206,303.5835876464844,11837502
2017-04-18 00:00:00+05:30,305.3502879516684,307.54232616249385,298.1633810152431,298.8613586425781,16016414
2017-04-19 00:00:00+05:30,298.5995604968103,301.5550377481096,296.10214101464715,298.5559387207031,11572557
2017-04-20 00:00:00+05:30,300.78074523688343,302.48202367357453,297.53080634420576,298.71954345703125,8393496
2017-04-21 00:00:00+05:30,301.10792229562276,309.9415946920145,300.68259538705485,305.9064636230469,30230907
2017-04-24 00:00:00+05:30,307.3350899915316,312.9952051139542,305.4047825849342,309.1563720703125,25512511
2017-04-25 00:00:00+05:30,318.448025094172,320.1384124606911,311.0539308060395,312.5152893066406,36764315
2017-04-26 00:00:00+05:30,312.995239734481,314.0967043393965,305.928306893378,308.9491882324219,16763153
2017-04-27 00:00:00+05:30,309.06916371802555,310.6286861796481,305.8410643345287,307.43328857421875,12571594
2017-04-28 00:00:00+05:30,307.4878261720635,309.78891893202416,303.39815292831315,304.3142395019531,11848658
2017-05-02 00:00:00+05:30,305.79736636197384,305.79736636197384,298.01067525842427,298.9376525878906,18591411
2017-05-03 00:00:00+05:30,300.32270822674064,301.16244205882936,297.7271540548239,298.83953857421875,9500038
2017-05-04 00:00:00+05:30,299.9083119533474,300.9116420574184,295.3387992576331,296.189453125,14365934
2017-05-05 00:00:00+05:30,296.98554531092043,298.23971513700036,289.0025267950224,289.7113952636719,15598448
2017-05-08 00:00:00+05:30,290.0931104757881,292.16520329004334,287.55206896104283,288.2173156738281,16066733
2017-05-09 00:00:00+05:30,288.78439852362084,290.88919289884814,287.96644654235683,290.16943359375,21106150
2017-05-10 00:00:00+05:30,291.14002481532964,297.42173511947675,290.2348584263676,296.4402160644531,22906024
2017-05-11 00:00:00+05:30,297.53083171020285,298.7631907054439,294.8153030385768,296.5384216308594,13783848
2017-05-12 00:00:00+05:30,296.6474619814442,297.5090066766222,293.1576323017237,294.5535583496094,7523427
2017-05-15 00:00:00+05:30,295.851313990997,295.851313990997,290.8564753030619,293.1684875488281,6738085
2017-05-16 00:00:00+05:30,293.5938096255828,300.3226573883644,292.4923161777331,295.8294982910156,12655992
2017-05-17 00:00:00+05:30,295.10971987449096,297.9343025705111,293.9646046150187,295.13153076171875,9844573
2017-05-18 00:00:00+05:30,292.32879839319924,294.4554038648374,288.8062377106258,289.5151062011719,9790379
2017-05-19 00:00:00+05:30,290.74747580449014,291.3363698606198,285.7308252818308,287.6611328125,12813204
2017-05-22 00:00:00+05:30,289.32967859703115,290.87830992955304,286.8649899421859,288.8171081542969,8801430
2017-05-23 00:00:00+05:30,289.1552493667427,290.06044510595825,283.98592212742875,284.7602233886719,9223001
2017-05-24 00:00:00+05:30,285.1855297491947,286.53786325702066,282.4809209735732,283.0480041503906,14326531
2017-05-25 00:00:00+05:30,283.5496640476299,286.2542726351033,282.77533377620387,284.08404541015625,25922008
2017-05-26 00:00:00+05:30,284.4112134677526,293.23396609799767,283.54966874247975,291.68536376953125,21430443
2017-05-29 00:00:00+05:30,291.6198748612821,297.8252321036255,291.31449333652114,295.9603576660156,24022633
2017-05-30 00:00:00+05:30,295.7422912572665,297.661707745534,294.1282272175831,296.4947814941406,9658309
2017-05-31 00:00:00+05:30,298.16334879512783,298.3705667958535,291.35814774403406,292.4269104003906,16423338
2017-06-01 00:00:00+05:30,290.6820235262946,292.2742475795672,288.56630900508816,289.7113952636719,9534069
2017-06-02 00:00:00+05:30,291.1836871211805,291.99071918898,287.2576103546006,288.947998046875,11495005
2017-06-05 00:00:00+05:30,289.27518686653826,292.4923659717972,287.00679604519996,289.9513244628906,10835031
2017-06-06 00:00:00+05:30,290.95468757669965,290.95468757669965,285.9489566660985,286.341552734375,9591064
2017-06-07 00:00:00+05:30,285.99252017602066,292.71047759331435,285.51268063479085,292.0561218261719,11199223
2017-06-08 00:00:00+05:30,292.2742598493302,293.3212117091364,289.6677856450208,290.4638977050781,7903123
2017-06-09 00:00:00+05:30,293.3866467010995,295.09884529203276,290.3112237685909,291.33636474609375,13836547
2017-06-12 00:00:00+05:30,289.3406850177025,290.0386627822324,287.25767173169345,287.79205322265625,8432435
2017-06-13 00:00:00+05:30,288.0428202288354,289.43874628483593,285.94891658482817,286.6795959472656,6025338
2017-06-14 00:00:00+05:30,287.01768570940146,296.6365503289753,287.01768570940146,296.0912780761719,52939271
2017-06-15 00:00:00+05:30,296.63657435028017,304.27061946783266,296.440276323375,301.8604431152344,28290813
2017-06-16 00:00:00+05:30,302.983737116703,304.4450959413931,298.6650350759468,302.9183044433594,32710880
2017-06-19 00:00:00+05:30,303.2236466084416,308.80738014397826,303.2236466084416,307.37872314453125,15236956
2017-06-20 00:00:00+05:30,307.3241912636536,310.1815050838986,306.9861079240045,308.05487060546875,10142474
2017-06-21 00:00:00+05:30,307.06246484412753,311.4683809650011,306.2881345935681,310.1596984863281,19992472
2017-06-22 00:00:00+05:30,311.78465791003055,315.26359672528025,311.40295278158476,312.4826354980469,22118609
2017-06-23 00:00:00+05:30,313.2133034030124,314.52198585265955,312.0354862863288,313.1805725097656,31143289
2017-06-27 00:00:00+05:30,312.34086641154175,314.7401226352008,310.8140458182937,313.4641418457031,32591540
2017-06-28 00:00:00+05:30,314.074889223181,314.074889223181,304.39059123489363,305.0340270996094,15567803
2017-06-29 00:00:00+05:30,305.36114346879157,307.5422905415671,303.2018072843435,303.7688903808594,12898245
2017-06-30 00:00:00+05:30,303.61623587612024,303.70347943566975,299.91918812016473,300.9988708496094,7814271
2017-07-03 00:00:00+05:30,302.78739708416896,304.2051631862772,299.0358366121598,301.2278747558594,9195278
2017-07-04 00:00:00+05:30,303.18000489723477,311.27207765374163,302.9618960078436,310.1487731933594,18816782
2017-07-05 00:00:00+05:30,311.78463276585575,315.7107090618043,310.59589569713495,314.66375732421875,27209010
2017-07-06 00:00:00+05:30,315.9833826758562,316.2669533848606,313.6495590495309,314.6419982910156,13590313
2017-07-07 00:00:00+05:30,314.74009146669783,326.6818878555257,314.0857648086871,325.2423400878906,35845310
2017-07-10 00:00:00+05:30,326.1039493479977,327.3690393774526,324.79526665271794,325.6131896972656,3504540
2017-07-11 00:00:00+05:30,327.3908059978966,328.1323762569308,324.3371940418335,325.9403381347656,20995547
2017-07-12 00:00:00+05:30,327.0418189039385,332.62558173445785,326.6274119738675,329.5937805175781,17104482
2017-07-13 00:00:00+05:30,331.69725819189244,335.26980607568925,331.12563761582237,334.6322326660156,23010262
2017-07-14 00:00:00+05:30,334.170509308723,337.6880812587091,333.19216507304014,337.19342041015625,20530867
2017-07-17 00:00:00+05:30,337.9079429402156,342.8765359785552,337.9079429402156,341.1507263183594,18749450
2017-07-18 00:00:00+05:30,340.0624456806391,341.1616887626977,332.19186990933974,334.1485290527344,19640167
2017-07-19 00:00:00+05:30,332.5436156776203,338.12779749377114,332.5436156776203,337.0175476074219,11790198
2017-07-20 00:00:00+05:30,338.51253526414393,340.7659969567694,334.9839561985099,336.127197265625,13626050
2017-07-21 00:00:00+05:30,340.7659626407307,349.93366907014655,339.6557421270225,348.460693359375,97142371
2017-07-24 00:00:00+05:30,351.75844033158796,357.2326715970578,348.4607110072266,355.11114501953125,43429394
2017-07-25 00:00:00+05:30,357.1886956404528,357.24367100289487,351.23078109410665,352.2311096191406,20063064
2017-07-26 00:00:00+05:30,352.681793660867,358.33189887783334,352.0002518103649,356.7599792480469,21954323
2017-07-27 00:00:00+05:30,357.91418814527617,358.683637720449,349.19717418449613,350.6152038574219,18409364
2017-07-28 00:00:00+05:30,349.83471243088417,353.06651800007035,346.9217228506224,350.5382385253906,14331863
2017-07-31 00:00:00+05:30,352.18713842233285,355.8915914077348,350.8790300616609,355.1001281738281,16567422
2017-08-01 00:00:00+05:30,356.76001845260976,356.76001845260976,349.88974123745953,352.5499267578125,12311920
2017-08-02 00:00:00+05:30,353.95691098734613,359.6070162054877,353.5391804266931,358.1780090332031,20786240
2017-08-03 00:00:00+05:30,357.6613815881096,366.0266478093563,355.5068639103855,362.7728576660156,19707381
2017-08-04 00:00:00+05:30,365.60893926253345,365.60893926253345,355.0781772670211,356.62811279296875,18579866
2017-08-07 00:00:00+05:30,358.7056415909039,358.7056415909039,354.51753451555027,355.35296630859375,9537088
2017-08-08 00:00:00+05:30,355.7156729638699,356.3862079288056,348.8563747090815,352.3190002441406,10961296
2017-08-09 00:00:00+05:30,352.08820316656966,356.1554114571411,348.4607097285341,351.4945983886719,10436651
2017-08-10 00:00:00+05:30,350.23053144650487,353.22048127982356,346.9108174464066,348.3178405761719,10188164
2017-08-11 00:00:00+05:30,340.97481852222666,347.36141138197297,337.0285093628311,339.9415283203125,16996281
2017-08-14 00:00:00+05:30,343.1843174949378,348.3507690384517,343.1843174949378,345.83349609375,13440617
2017-08-16 00:00:00+05:30,345.6026128550101,346.48201307356067,340.8098948720834,344.3055114746094,13576650
2017-08-17 00:00:00+05:30,344.9431223855997,351.2418082296169,343.21731269638735,344.5254211425781,15828719
2017-08-18 00:00:00+05:30,343.84383184058265,346.8777495577848,341.4584648502155,346.35009765625,7935890
2017-08-21 00:00:00+05:30,346.7018690872631,348.273788599654,343.01940071000473,343.9317626953125,7573558
2017-08-22 00:00:00+05:30,345.60265805485136,347.33944509592527,342.09606353362403,342.9754638671875,9533641
2017-08-23 00:00:00+05:30,344.03072019418977,348.8014249254596,341.45847215325404,347.8121032714844,8320052
2017-08-24 00:00:00+05:30,349.5599628754376,350.2414754216198,343.95379646717896,344.7342529296875,12654347
2017-08-28 00:00:00+05:30,347.1525716639717,347.79011558597875,343.228246820904,344.4044494628906,12316426
2017-08-29 00:00:00+05:30,343.371149339506,344.6133047650785,336.36896775182066,336.8416442871094,15164812
2017-08-30 00:00:00+05:30,340.2274049149356,344.89919620975695,338.8423660085038,343.86590576171875,10334911
2017-08-31 00:00:00+05:30,346.2622053575539,351.1978366994043,346.04236259993326,350.5492858886719,25104625
2017-09-01 00:00:00+05:30,351.72548108724953,355.40795023557746,351.5386294074586,353.97894287109375,15431918
2017-09-04 00:00:00+05:30,355.16606645096164,359.7059510333545,350.8460246046774,354.6933898925781,21560532
2017-09-05 00:00:00+05:30,358.35391657636336,359.4201979998934,356.3862798281477,358.925537109375,25216776
2017-09-06 00:00:00+05:30,357.56243333503215,363.30050521525425,356.77099943555487,361.73956298828125,48745984
2017-09-07 00:00:00+05:30,361.8714964568472,366.0486260924024,358.3538950680626,359.7169494628906,16205339
2017-09-08 00:00:00+05:30,360.5523854654127,361.9814220530865,357.07878193740225,359.1893310546875,13248413
2017-09-11 00:00:00+05:30,361.1240484267709,363.56436195818594,359.0354833390897,359.6290588378906,12690592
2017-09-12 00:00:00+05:30,361.7615485749285,362.7508703043641,359.23329823942754,362.2012634277344,6500191
2017-09-13 00:00:00+05:30,362.31121898376716,378.09637024228743,361.4318185466942,373.3036804199219,29377106
2017-09-14 00:00:00+05:30,376.2935715799691,378.7998374866457,370.2257359252255,371.0391540527344,11867640
2017-09-15 00:00:00+05:30,370.22578500691446,374.9964904418501,367.03797684091234,370.1378479003906,28595395
2017-09-18 00:00:00+05:30,373.74334136854714,374.2050405095932,370.70942326846944,371.78668212890625,5061995
2017-09-19 00:00:00+05:30,373.17168253274247,373.1936668044486,368.0272161960302,368.730712890625,7718697
2017-09-20 00:00:00+05:30,376.42550656543386,383.63655436704994,371.588819213282,372.4902038574219,24942703
2017-09-21 00:00:00+05:30,372.4242218722812,374.49080230392065,367.697456267361,369.9399108886719,12950541
2017-09-22 00:00:00+05:30,369.30236582373954,369.30236582373954,357.56241148100924,359.4091491699219,12294087
2017-09-25 00:00:00+05:30,358.3539194922093,364.048023186431,354.04488391361116,361.23394775390625,14229631
2017-09-26 00:00:00+05:30,361.2999007079691,363.65227698559784,357.1227707862714,360.59637451171875,10564143
2017-09-27 00:00:00+05:30,363.0147076952907,363.05867624502605,349.7797926554231,351.3846740722656,18448855
2017-09-28 00:00:00+05:30,351.6045310156791,353.03353817197933,343.05238429729576,345.8005065917969,29547622
2017-09-29 00:00:00+05:30,348.1309348391371,348.8564453060825,342.5687661965656,343.3602294921875,16666208
2017-10-03 00:00:00+05:30,349.5599526874431,353.4512574244829,345.31684084671826,351.0329284667969,18345748
2017-10-04 00:00:00+05:30,351.40663870845333,362.72886249907623,349.82374165494014,360.0467224121094,18907611
2017-10-05 00:00:00+05:30,362.7508078070314,364.2677812281785,359.9587466517846,362.3770751953125,10631751
2017-10-06 00:00:00+05:30,362.31118349084875,369.06056137193184,361.6955944397509,368.04925537109375,12997688
2017-10-09 00:00:00+05:30,368.90666114125344,369.2584389106859,364.07000298871617,365.2351989746094,8850408
2017-10-10 00:00:00+05:30,365.3890474118601,372.5561260737543,365.3890474118601,370.75335693359375,14732024
2017-10-11 00:00:00+05:30,371.67679281028575,377.4368496475928,367.58759977274093,369.412353515625,15420644
2017-10-12 00:00:00+05:30,370.2696886611606,385.5272142413487,370.2696886611606,383.7464294433594,18642942
2017-10-13 00:00:00+05:30,386.62648387087313,391.6390158155488,384.0102671755721,385.3733215332031,21509701
2017-10-16 00:00:00+05:30,386.49462024036904,392.2106789352874,378.71195148280214,385.52728271484375,32009221
2017-10-17 00:00:00+05:30,386.0548937079238,388.6930948847174,381.30614333029655,384.45001220703125,13898844
2017-10-18 00:00:00+05:30,385.79105024753915,403.59881131458104,384.7357757350589,402.1038513183594,36671941
2017-10-19 00:00:00+05:30,402.67544083968835,405.357610334306,397.0473199127622,400.08123779296875,8014767
2017-10-23 00:00:00+05:30,401.40038834807666,415.3827998520189,399.7295245439685,413.2062683105469,27455320
2017-10-24 00:00:00+05:30,416.7018491061896,416.7018491061896,408.1277467684974,410.78790283203125,13857773
2017-10-25 00:00:00+05:30,413.36015390028865,415.9103886022918,408.69934066184766,413.272216796875,10011782
2017-10-26 00:00:00+05:30,413.3161854077807,421.14279307324165,409.3588983475855,416.5699462890625,16840049
2017-10-27 00:00:00+05:30,417.7131061662602,420.6590868200903,407.0284265589064,408.8531799316406,11498547
2017-10-30 00:00:00+05:30,410.67799142410144,415.75650599319505,409.18303128823794,414.4154357910156,7823263
2017-10-31 00:00:00+05:30,415.49261887936916,415.84436723504854,409.88645335173896,413.6898498535156,9504986
2017-11-01 00:00:00+05:30,416.7238015761588,421.14275806197656,415.84440126350086,418.8343505859375,17571371
2017-11-02 00:00:00+05:30,418.9443084374955,420.5712035603068,415.1848798451769,416.2181701660156,10277678
2017-11-03 00:00:00+05:30,420.32931321375895,420.32931321375895,413.3821064679399,415.64654541015625,4798537
2017-11-06 00:00:00+05:30,414.41540376544935,414.41540376544935,408.4794735301914,410.0184020996094,9757496
2017-11-07 00:00:00+05:30,410.3921649071863,411.11764596845586,397.0693129398096,398.6741943359375,20447574
2017-11-08 00:00:00+05:30,396.82750461178887,398.3664332566556,388.7370563717959,390.3639221191406,17752793
2017-11-09 00:00:00+05:30,393.41980994231596,400.0812506693049,392.23262975124413,395.9480895996094,15007224
2017-11-10 00:00:00+05:30,396.1459639767803,396.1459639767803,386.5825398883443,388.62713623046875,13923102
2017-11-13 00:00:00+05:30,389.1327849220655,392.16670310241875,384.0762546214768,384.8457336425781,9088619
2017-11-14 00:00:00+05:30,384.73578202209205,393.52972665263053,383.8563816887379,389.8802490234375,12481463
2017-11-15 00:00:00+05:30,388.91293615910126,391.59507652618277,386.0329079571012,388.5611877441406,15272059
2017-11-16 00:00:00+05:30,389.3525876503477,398.36640415948153,389.3525876503477,397.4210510253906,15160866
2017-11-17 00:00:00+05:30,404.06056448903047,406.6767521703506,399.4657038116165,400.960693359375,12219276
2017-11-20 00:00:00+05:30,398.4543962914145,406.4349236727002,397.9267736422081,404.8959655761719,9231195
2017-11-21 00:00:00+05:30,407.51212455220184,413.16222970682384,406.9405040788137,410.0403747558594,13082246
2017-11-22 00:00:00+05:30,412.19488322802147,412.7225351419553,406.03911055729304,409.2489318847656,11058315
2017-11-23 00:00:00+05:30,409.35889972798043,417.6691908418121,407.4462090190028,416.3940734863281,16031638
2017-11-24 00:00:00+05:30,417.71315379733244,421.89028357421563,416.56994211274895,418.1968078613281,13987125
2017-11-27 00:00:00+05:30,416.5039922114032,421.0108861544857,415.07495558200895,418.3067321777344,10237135
2017-11-28 00:00:00+05:30,417.64716719120855,418.30669540695106,412.4807160770565,414.78912353515625,10153618
2017-11-29 00:00:00+05:30,414.1295921545187,417.7131464259867,413.7558594752991,415.954345703125,8038351
2017-11-30 00:00:00+05:30,413.95377393077,413.95377393077,404.302411628147,405.20379638671875,20637767
2017-12-01 00:00:00+05:30,406.4788524582643,409.4688018990885,399.1139149064519,400.169189453125,11114967
2017-12-04 00:00:00+05:30,401.66416710828804,401.7960727634677,394.56304054392774,396.4317626953125,10103208
2017-12-05 00:00:00+05:30,396.1899371411829,404.85197667570475,393.72763953228923,401.7521057128906,18306627
2017-12-06 00:00:00+05:30,400.1252283711161,409.05107895887664,399.59757641218073,407.4461975097656,24078081
2017-12-07 00:00:00+05:30,408.94118087702634,411.5573978424175,405.841309827271,409.6007385253906,12095301
2017-12-08 00:00:00+05:30,410.6119874260927,411.9750417346528,404.104466360806,404.96185302734375,12224184
2017-12-11 00:00:00+05:30,405.59942166947314,407.16036377318153,401.6861036250772,402.8293151855469,10792248
2017-12-12 00:00:00+05:30,402.74141434065905,408.47948628420266,399.2458265248869,402.5875244140625,15782031
2017-12-13 00:00:00+05:30,403.15909089128945,406.6986467831568,400.43295307384926,402.1697692871094,9147866
2017-12-14 00:00:00+05:30,404.0824891320219,406.67669215336315,399.57556622825024,405.1817321777344,10983157
2017-12-15 00:00:00+05:30,409.3589013418954,410.21631745807645,403.510907812253,404.41229248046875,24408414
2017-12-18 00:00:00+05:30,400.98261146916843,410.0843355105695,379.30550141571325,404.96185302734375,18581421
2017-12-19 00:00:00+05:30,406.1051374177366,407.60009752730775,404.52221085324663,407.138427734375,8891691
2017-12-20 00:00:00+05:30,407.11642020309387,407.77594844103834,403.20310191861756,403.708740234375,10443493
2017-12-21 00:00:00+05:30,403.8406924690277,406.25905100831034,400.1252615788241,401.42236328125,9071450
2017-12-22 00:00:00+05:30,402.169778491186,405.5774288273501,399.81737324869937,404.6980285644531,10658428
2017-12-26 00:00:00+05:30,406.654705470742,412.8324625046236,403.7087247332023,408.8312072753906,11596338
2017-12-27 00:00:00+05:30,410.23825907165235,412.216873058955,404.0824863179319,406.1710510253906,9520350
2017-12-28 00:00:00+05:30,406.8305967702033,410.8538364423893,404.12647228173506,406.3689270019531,15511891
2017-12-29 00:00:00+05:30,407.3802301791146,409.9304647272447,403.8626288487955,404.9838562011719,11089700
2018-01-01 00:00:00+05:30,405.7094250215554,405.7094250215554,399.0260284941508,400.0153503417969,9453202
2018-01-02 00:00:00+05:30,401.44436805716526,404.32439656332883,398.5423552727448,400.63092041015625,9499419
2018-01-03 00:00:00+05:30,406.7206575344839,407.1603723602456,401.4662693595577,402.2357482910156,13507800
2018-01-04 00:00:00+05:30,403.7087301164242,405.31364082486886,402.6314713366122,404.6540832519531,9008932
2018-01-05 00:00:00+05:30,405.3136584175376,407.5561131706841,404.63211654099234,405.9512023925781,7441284
2018-01-08 00:00:00+05:30,407.20441827796975,409.35893621421775,406.0612064761753,408.28167724609375,8827020
2018-01-09 00:00:00+05:30,408.1056757846251,415.03092711950103,406.28095180590753,413.73382568359375,14294571
2018-01-10 00:00:00+05:30,414.6352523601828,416.5699272501448,411.3375230779073,414.3494567871094,11727682
2018-01-11 00:00:00+05:30,414.10766016833725,414.4814222462539,411.1177103025346,412.326904296875,7849171
2018-01-12 00:00:00+05:30,414.63529605434854,418.9443317853938,412.54673102033144,417.2734680175781,15071161
2018-01-15 00:00:00+05:30,417.71317856338413,421.450593697631,415.6026292741727,417.33941650390625,11120925
2018-01-16 00:00:00+05:30,416.7018759807732,416.7018759807732,404.5222342356387,405.8193359375,10825151
2018-01-17 00:00:00+05:30,407.1604426865795,408.47952868870186,398.8061530691234,406.5008850097656,13204016
2018-01-18 00:00:00+05:30,408.47951268696335,408.74332400675223,402.36770766949553,404.39031982421875,9381821
2018-01-19 00:00:00+05:30,405.8413069198199,410.85386869756803,405.44558994453865,409.4908142089844,9973533
2018-01-22 00:00:00+05:30,416.83372365050184,428.39777467576323,413.31615174542833,427.1666259765625,45700733
2018-01-23 00:00:00+05:30,428.7056059033461,435.7187657999639,428.7056059033461,432.3330993652344,22526810
2018-01-24 00:00:00+05:30,431.67355475299144,431.67355475299144,423.27532656318414,424.9022216796875,14289485
2018-01-25 00:00:00+05:30,425.5836861204596,427.38645524003044,420.41723512034804,424.7043151855469,13669901
2018-01-29 00:00:00+05:30,424.83627036811043,429.7168970320304,421.80235223436125,424.0887756347656,9897064
2018-01-30 00:00:00+05:30,424.6603385816339,424.6603385816339,417.27338805652215,417.88897705078125,9182956
2018-01-31 00:00:00+05:30,417.7131392989015,424.08875512111547,413.997679439338,422.6817321777344,12551686
2018-02-01 00:00:00+05:30,423.5391658544019,427.6503134810664,411.82119464193335,415.0090026855469,16524809
2018-02-02 00:00:00+05:30,411.1176413978391,415.0529439106164,396.16792392595465,397.6408996582031,28965593
2018-02-05 00:00:00+05:30,393.09002877417123,401.2244449119785,387.7257191964092,396.6735534667969,19191099
2018-02-06 00:00:00+05:30,385.61521115403156,394.8488713165877,382.97700995694254,392.254638671875,24062503
2018-02-07 00:00:00+05:30,396.8495152635232,398.1026484086246,391.3312856072533,393.2659606933594,15532284
2018-02-08 00:00:00+05:30,394.80491431436445,400.41105166387064,392.36457153157573,397.7288818359375,13825894
2018-02-09 00:00:00+05:30,390.8915336435809,396.6075914707734,389.57241853988273,394.7828674316406,11580639
2018-02-12 00:00:00+05:30,397.0473632197457,403.73075938391463,396.6296326147951,402.5435791015625,11877059
2018-02-14 00:00:00+05:30,405.8412810361191,414.4154124505737,404.961880684521,410.5240783691406,22247829
2018-02-15 00:00:00+05:30,412.2828732395473,415.84441379405536,408.1057142906776,411.4034729003906,13363743
2018-02-16 00:00:00+05:30,413.1402610541679,414.45937624217123,403.6867587481529,405.09381103515625,9628162
2018-02-19 00:00:00+05:30,404.9618661783807,409.798553263164,401.68612126585737,407.6000671386719,8941900
2018-02-20 00:00:00+05:30,408.47946153904,408.72128855189936,403.9945522581919,405.0058288574219,8458450
2018-02-21 00:00:00+05:30,408.919157384304,410.0184004584889,405.4675382405737,408.63336181640625,11917390
2018-02-22 00:00:00+05:30,405.40164611789936,409.35893351808903,404.5222456565788,406.4349365234375,11196908
2018-02-23 00:00:00+05:30,406.89656862590834,412.4367822130504,405.7313726619427,410.78790283203125,10610664
2018-02-26 00:00:00+05:30,412.8764429998568,415.4706754324035,411.8211684776262,412.7445373535156,8435611
2018-02-27 00:00:00+05:30,412.87639310707107,420.26331387003535,412.59059757453457,417.93292236328125,14021366
2018-02-28 00:00:00+05:30,415.93230238766637,420.834941829616,414.72313806914923,419.7137145996094,56650480
2018-03-01 00:00:00+05:30,417.6032178100225,422.06614301404807,415.93235421712035,417.0096130371094,8956590
2018-03-05 00:00:00+05:30,414.6352728052159,417.7791123185467,405.2257385411593,406.3249816894531,12325694
2018-03-06 00:00:00+05:30,408.47945805302135,411.64528152157317,397.97068170526603,400.4989318847656,16019726
2018-03-07 00:00:00+05:30,399.7954152379052,399.7954152379052,390.47381880127335,391.2213134765625,15853546
2018-03-08 00:00:00+05:30,394.6949204955266,402.1038557909865,392.782259268476,400.76275634765625,13283967
2018-03-09 00:00:00+05:30,402.27974450961244,404.2364037076672,400.58689661426115,401.48828125,10638527
2018-03-12 00:00:00+05:30,404.52220822330077,410.28226456860386,403.44494936195815,409.05108642578125,8315150
2018-03-13 00:00:00+05:30,409.75455873571167,411.55732781003746,405.1157597644699,409.7325744628906,11148731
2018-03-14 00:00:00+05:30,408.39151295978127,409.8205200743589,404.17041508438297,408.5014343261719,14724464
2018-03-15 00:00:00+05:30,406.72068120112385,408.67734037844394,400.12522259441727,400.9166564941406,12711836
2018-03-16 00:00:00+05:30,399.68551751496886,399.99332672388886,389.5944708832624,395.750244140625,30814962
2018-03-19 00:00:00+05:30,396.1679014973439,398.7621044255407,392.2106149342645,393.74957275390625,12630833
2018-03-20 00:00:00+05:30,392.7822746237687,397.48702694206247,390.0341521578806,391.2433166503906,15192983
2018-03-21 00:00:00+05:30,393.4637582500549,396.76148735593546,392.7822457661031,394.3651428222656,14715126
2018-03-22 00:00:00+05:30,393.9694722069794,400.9826617944784,393.85955082567887,399.3117980957031,22129723
2018-03-23 00:00:00+05:30,391.59512149677124,395.7282832532222,390.9355931429801,393.046142578125,23469999
2018-03-26 00:00:00+05:30,393.06807460615215,397.6189370483925,392.43050126406655,396.2119140625,13227705
2018-03-27 00:00:00+05:30,398.89407945730454,400.4549923552289,394.409140538242,395.6402893066406,15179544
2018-03-28 00:00:00+05:30,393.8815161732977,393.90350044850135,386.93427974844013,388.1214599609375,19160609
2018-04-02 00:00:00+05:30,392.6503412089737,396.14595840040124,389.79232670657075,392.62835693359375,12494499
2018-04-03 00:00:00+05:30,391.7709658870762,396.475718172684,389.24268619166367,395.5303649902344,13922126
2018-04-04 00:00:00+05:30,397.7947834006433,400.9166383628737,392.232615321624,393.4857482910156,14214534
2018-04-05 00:00:00+05:30,397.9707163119858,400.1252340257902,397.2671901406303,399.3337707519531,8527915
2018-04-06 00:00:00+05:30,399.245794611347,403.8626094462106,397.92670885160027,400.56488037109375,9664888
2018-04-09 00:00:00+05:30,401.2464528798263,404.08251242890424,401.2464528798263,402.7633972167969,7813897
2018-04-10 00:00:00+05:30,403.8186730872744,406.2370314163251,401.9499803418064,403.22509765625,8455132
2018-04-11 00:00:00+05:30,405.31366696722233,410.12834070009694,402.7853872342242,409.2929382324219,13140816
2018-04-12 00:00:00+05:30,408.8532335631459,411.84318315544266,406.36895167065467,408.34759521484375,10822592
2018-04-13 00:00:00+05:30,410.10636238142484,414.0636494286388,408.34759096716544,412.8105163574219,12616816
2018-04-16 00:00:00+05:30,410.8758313045042,413.3161739112137,408.2596438473364,412.01904296875,8934275
2018-04-17 00:00:00+05:30,413.31621308142917,416.4820370712529,411.5574121921365,415.1849060058594,9599816
2018-04-18 00:00:00+05:30,415.62457549700974,416.92167706918997,411.1396366544429,412.436767578125,7360987
2018-04-19 00:00:00+05:30,412.9204622118246,415.5146949626701,411.11769278763575,414.3275146484375,9802587
2018-04-20 00:00:00+05:30,412.43675877211217,414.12957725683026,405.0498370939298,407.99578857421875,7326696
2018-04-23 00:00:00+05:30,408.91920228582006,415.22886585586633,408.25967397979014,411.5574035644531,7674482
2018-04-24 00:00:00+05:30,411.4694140760855,429.0133637586765,411.11763633948044,426.529052734375,19921115
2018-04-25 00:00:00+05:30,428.11202852361174,431.69555366447736,423.67108724370956,426.72698974609375,14079382
2018-04-26 00:00:00+05:30,427.82620678159736,434.4216654685655,423.09944084321853,428.8594970703125,34096999
2018-04-27 00:00:00+05:30,435.2131231902759,444.53471994533214,433.3224168389882,438.0711669921875,25518647
2018-04-30 00:00:00+05:30,431.78351132065546,436.44429527158326,422.1101362973087,423.5611572265625,19406069
2018-05-02 00:00:00+05:30,425.1879796219088,430.5522892138652,424.33056358785217,427.69427490234375,13381914
2018-05-03 00:00:00+05:30,429.98067703758335,429.98067703758335,421.7803084580587,422.8135986328125,8634812
2018-05-04 00:00:00+05:30,423.3632093090976,424.1766567629071,417.71310438150084,419.4499206542969,8302649
2018-05-07 00:00:00+05:30,421.6044821976347,427.9361296028641,420.50523907942835,426.9468078613281,7683268
2018-05-08 00:00:00+05:30,429.8048091681376,431.7834524553678,424.39650186224173,425.23193359375,10792648
2018-05-09 00:00:00+05:30,424.7043733772384,432.79479254745905,423.099462498123,429.4530944824219,9831044
2018-05-10 00:00:00+05:30,430.9040906760938,432.9267026903479,428.37581098252514,431.40972900390625,8781584
2018-05-11 00:00:00+05:30,431.45365139218694,435.8726076249822,429.9147229467778,434.97125244140625,8774740
2018-05-14 00:00:00+05:30,436.1584048474978,436.1584048474978,429.45299661758,433.8059997558594,5642499
2018-05-15 00:00:00+05:30,432.2452133297319,439.6980889622568,429.4311377176511,430.44244384765625,10501479
2018-05-16 00:00:00+05:30,428.26591893136754,428.26591893136754,418.7904315413347,420.41729736328125,18840763
2018-05-17 00:00:00+05:30,421.82435270920104,422.11014830735087,413.97573108643536,415.6685791015625,10353948
2018-05-18 00:00:00+05:30,415.77848159557163,419.25208522362976,409.7985824738615,410.6120300292969,11440117
2018-05-21 00:00:00+05:30,409.24894505794754,411.425446901046,405.4455482253105,409.51275634765625,14491208
2018-05-22 00:00:00+05:30,410.30427941259325,410.6780121275241,406.72072479870616,407.4902038574219,11310073
2018-05-23 00:00:00+05:30,407.1603840239931,407.1603840239931,399.75144875844427,401.1145324707031,9991028
2018-05-24 00:00:00+05:30,401.8839707336553,404.9618571093157,400.1911523055173,402.6974182128906,11632489
2018-05-25 00:00:00+05:30,402.76341320101454,406.01717410710506,402.08190064426464,404.87396240234375,17782410
2018-05-28 00:00:00+05:30,406.67667181809657,407.60004062656344,403.68672266484646,404.6980285644531,11369679
2018-05-29 00:00:00+05:30,405.1817554488862,408.0397699209851,402.05990032352247,403.4009704589844,17878384
2018-05-30 00:00:00+05:30,402.25776615814925,405.9292282293453,398.6302432865486,402.807373046875,13105124
2018-05-31 00:00:00+05:30,404.9618949270522,405.53351544872055,402.12586464899505,405.1158142089844,37080158
2018-06-01 00:00:00+05:30,404.52218210911155,411.44743397153724,403.84064025456456,409.1610107421875,19174278
2018-06-04 00:00:00+05:30,410.41410523675637,415.07488835550157,409.1609723681502,413.6898498535156,12250151
2018-06-05 00:00:00+05:30,414.54730676795157,419.91161647940135,413.7558435379996,416.6798400878906,17436812
2018-06-06 00:00:00+05:30,416.394066312243,420.3513239660994,414.48137563621924,419.6478271484375,9164022
2018-06-07 00:00:00+05:30,419.867615787806,429.1452430384665,419.6697573333403,427.10064697265625,14999572
2018-06-08 00:00:00+05:30,424.90219876680175,433.7840805465304,422.3739191249521,432.8167724609375,14289325
2018-06-11 00:00:00+05:30,434.0259340382162,439.6760393490657,430.486348433424,432.06927490234375,15018718
2018-06-12 00:00:00+05:30,432.3990638208888,439.698048842878,431.0360093705574,438.4449157714844,16285583
2018-06-13 00:00:00+05:30,439.6980590796212,442.2922917374588,435.08124365073724,440.79730224609375,12962502
2018-06-14 00:00:00+05:30,438.5767896943391,444.8864524978692,434.1578331747486,443.1936340332031,11997529
2018-06-15 00:00:00+05:30,442.3362630706637,450.03096528434185,439.3682976970795,445.9417724609375,24705890
2018-06-18 00:00:00+05:30,443.5673742339309,448.6898569663923,442.77591099788714,446.53533935546875,12363932
2018-06-19 00:00:00+05:30,445.8098653159325,446.20561164199324,436.9059692248665,437.9612731933594,13881382
2018-06-20 00:00:00+05:30,437.9391601879592,449.76705040599023,437.43352194632075,448.1621398925781,15735681
2018-06-21 00:00:00+05:30,450.00895474351086,455.52718391629855,449.06360156036607,453.74639892578125,22988909
2018-06-22 00:00:00+05:30,452.1854504134907,452.53722816258426,443.4134899365319,445.19427490234375,35370008
2018-06-25 00:00:00+05:30,444.71065734972433,446.9531124194019,440.70940132866957,441.6547546386719,11369371
2018-06-26 00:00:00+05:30,442.3362903519899,442.3362903519899,428.8155779394341,430.44244384765625,17649122
2018-06-27 00:00:00+05:30,433.1205591247422,436.17475776935953,426.12688301200467,427.5212097167969,19595831
2018-06-28 00:00:00+05:30,425.81703732695695,428.69418605939774,416.21181694555554,418.27008056640625,18770484
2018-06-29 00:00:00+05:30,420.1070751127927,431.7927219188633,420.0628126422111,430.4426574707031,17425606
2018-07-02 00:00:00+05:30,430.39831370972433,430.39831370972433,423.6038484724722,425.19732666015625,14570004
2018-07-03 00:00:00+05:30,427.1450303933809,433.098510190637,425.08676634062783,429.93365478515625,11084063
2018-07-04 00:00:00+05:30,430.1549200801727,439.09620441578414,429.8008203413119,438.25518798828125,10938521
2018-07-05 00:00:00+05:30,441.30935969244535,446.35542839889365,424.3121005108988,426.92364501953125,40946479
2018-07-06 00:00:00+05:30,427.03430049233924,435.11243665609027,426.92364433094065,432.7000732421875,20039239
2018-07-09 00:00:00+05:30,436.9272728855685,442.63727876250505,435.33376500734437,441.3536376953125,11309207
2018-07-10 00:00:00+05:30,443.8545299681209,455.252440135157,442.63728258968735,454.0130615234375,22846197
2018-07-11 00:00:00+05:30,453.7032475214379,460.74118690119207,450.538392356147,459.8116455078125,18953870
2018-07-12 00:00:00+05:30,462.2682305141414,486.4583471820609,461.4936078305945,479.08843994140625,52736376
2018-07-13 00:00:00+05:30,478.26957749632805,490.884734386246,478.048235627263,486.8124694824219,39301408
2018-07-16 00:00:00+05:30,486.8124786980212,490.84048121382574,474.9719147087107,476.3662414550781,14427529
2018-07-17 00:00:00+05:30,477.29580809640555,485.10834043675396,473.44485523669994,483.5148620605469,14150770
2018-07-18 00:00:00+05:30,486.1927763505536,488.937137840134,476.85313025017547,483.6033630371094,10241565
2018-07-19 00:00:00+05:30,483.9353582855338,493.54057970862004,480.8590281363584,489.0478210449219,11885426
2018-07-20 00:00:00+05:30,492.83237795489623,503.9425527767501,492.1684113945521,499.5826110839844,17538801
2018-07-23 00:00:00+05:30,500.09158814981566,500.09158814981566,492.6995789634249,495.88653564453125,12779803
2018-07-24 00:00:00+05:30,496.63901362888686,498.7415101516092,490.1764872506868,491.74786376953125,9775749
2018-07-25 00:00:00+05:30,491.32738797163836,497.0816859521699,488.7601057972345,493.6069641113281,13014255
2018-07-26 00:00:00+05:30,491.3716992302574,496.4177982417859,490.35363284323904,491.6151428222656,14053674
2018-07-27 00:00:00+05:30,495.5325168006098,503.4557359733713,492.27913634103095,500.11383056640625,14610585
2018-07-30 00:00:00+05:30,500.1800644747965,512.2640712186999,499.2948152314674,509.65252685546875,30344461
2018-07-31 00:00:00+05:30,509.47555662545886,526.9154422077543,507.77142201803036,524.9678344726562,30350826
2018-08-01 00:00:00+05:30,526.9153558645687,532.4483408796128,524.702173677633,527.7785034179688,21227054
2018-08-02 00:00:00+05:30,527.402421736804,527.402421736804,516.0930351476295,517.1553344726562,13668930
2018-08-03 00:00:00+05:30,520.098827431446,523.8612553695951,517.6864343032773,520.9619750976562,14536058
2018-08-06 00:00:00+05:30,520.8513131725515,529.3942061942307,520.253799380158,527.8892822265625,8785462
2018-08-07 00:00:00+05:30,528.9072220817177,531.7844002716075,520.9840050872534,524.1710205078125,8879612
2018-08-08 00:00:00+05:30,524.5252096295219,541.1241082944092,524.5252096295219,538.9994506835938,17307566
2018-08-09 00:00:00+05:30,540.6815157501778,545.1964060546684,536.4764627476042,539.1101684570312,14976885
2018-08-10 00:00:00+05:30,536.0338309730729,537.8043889132804,532.1828777948207,533.0238647460938,7833494
2018-08-13 00:00:00+05:30,530.0802170660986,531.1425752585429,523.5070936646752,525.7202758789062,10211072
2018-08-14 00:00:00+05:30,526.7383864812343,538.7781325107724,524.2153666760712,535.8567504882812,11592139
2018-08-16 00:00:00+05:30,532.6034401641202,538.2470533873492,529.172950660367,531.5189208984375,13086024
2018-08-17 00:00:00+05:30,535.1484549846034,537.9813709699346,531.1868756757327,532.8246459960938,8379864
2018-08-20 00:00:00+05:30,534.6616322956245,547.4538409504962,534.5509465707307,546.6128540039062,16639535
2018-08-21 00:00:00+05:30,547.6530465225219,553.9605963018237,543.1159955616758,552.0572509765625,15923396
2018-08-23 00:00:00+05:30,551.658858450267,563.9199166673336,548.162064380408,561.9059448242188,17429373
2018-08-24 00:00:00+05:30,560.0468165790594,566.5535761373131,557.7451093330017,565.4691162109375,14550512
2018-08-27 00:00:00+05:30,566.3101408198725,573.5915235392732,566.0224643295545,571.6660766601562,12188510
2018-08-28 00:00:00+05:30,573.6578998679208,585.6091196578678,573.2152752302367,583.8385620117188,19018790
2018-08-29 00:00:00+05:30,582.6434454777053,588.2649559431339,571.0906463804185,572.8611450195312,24230135
2018-08-30 00:00:00+05:30,572.5955483345114,574.1669544597751,562.3485219230006,564.1190795898438,21545859
2018-08-31 00:00:00+05:30,562.1493822055606,562.1493822055606,547.3653036011001,549.6006469726562,33479841
2018-09-03 00:00:00+05:30,551.0834348230343,556.7934703656733,542.6954313774909,544.067626953125,26686176
2018-09-04 00:00:00+05:30,546.7234931932902,555.4213348490787,544.0013216243439,549.7334594726562,19333815
2018-09-05 00:00:00+05:30,549.9768884474632,554.4696772047962,534.9272339284342,543.1160278320312,22584608
2018-09-06 00:00:00+05:30,544.5103059325828,560.2460577730595,542.3856482042748,558.3427124023438,24487897
2018-09-07 00:00:00+05:30,559.8919192232029,567.1733021176628,555.2885043132686,565.9560546875,23389269
2018-09-10 00:00:00+05:30,564.3625164512283,565.2478248682096,553.3408669206563,555.8860473632812,15440786
2018-09-11 00:00:00+05:30,557.2804361881091,561.4412268741748,546.3251490083154,547.8522338867188,23787332
2018-09-12 00:00:00+05:30,554.0933018992939,557.1475301010046,543.9348004989483,554.4031982421875,17642490
2018-09-14 00:00:00+05:30,557.4574108229871,564.628107824439,552.2564231675549,554.69091796875,17233514
2018-09-17 00:00:00+05:30,553.6285756317748,553.6285756317748,540.7256832758947,542.6290283203125,14773803
2018-09-18 00:00:00+05:30,542.6733577249023,548.6047059094601,537.5166323023844,538.7559814453125,16660044
2018-09-19 00:00:00+05:30,541.7880203228374,541.7880203228374,531.607416524799,535.923095703125,24642640
2018-09-21 00:00:00+05:30,539.5748256622617,547.7193557926669,523.8612365552019,538.910888671875,41713856
2018-09-24 00:00:00+05:30,537.5608273075529,548.82594937841,533.1565644174077,545.3512573242188,22098277
2018-09-25 00:00:00+05:30,546.8783314029075,551.0833835775716,528.951502034145,544.7094116210938,21250513
2018-09-26 00:00:00+05:30,548.4275355411055,555.0449209996481,543.1822863322004,553.9161987304688,13992341
2018-09-27 00:00:00+05:30,555.5098534087277,559.0509693100778,547.7636845353077,554.95654296875,23642923
2018-09-28 00:00:00+05:30,557.6787605123563,562.9019092990245,552.1015119629488,556.8156127929688,24220992
2018-10-01 00:00:00+05:30,556.7050084551686,556.7050084551686,532.935351784507,545.1964111328125,16039441
2018-10-03 00:00:00+05:30,544.2225767537168,548.6932041353247,531.1868960326858,533.4221801757812,16135428
2018-10-04 00:00:00+05:30,526.5170610987046,526.915423306167,489.55683702218835,496.74969482421875,50774608
2018-10-05 00:00:00+05:30,486.6796898804231,493.67333663354873,459.5238698269349,464.2601013183594,47998260
2018-10-08 00:00:00+05:30,464.7691837675426,494.4258648450093,453.9466852504677,491.06182861328125,53983473
2018-10-09 00:00:00+05:30,496.48411948822644,497.2144797488349,478.57944909427255,482.4967956542969,24042005
2018-10-10 00:00:00+05:30,484.2008956262235,493.91680201452164,479.951580863742,487.8305358886719,20784941
2018-10-11 00:00:00+05:30,470.9660918957569,493.42991434329895,461.67070791989903,481.5008544921875,28926389
2018-10-12 00:00:00+05:30,489.092086637831,499.73750566790204,487.74205181625126,498.6530456542969,19814528
2018-10-15 00:00:00+05:30,500.13584893837236,507.66070459433746,494.9348909550084,504.495849609375,19406012
2018-10-16 00:00:00+05:30,507.262341021569,516.7347451698961,504.60647485877587,515.1412963867188,16358598
2018-10-17 00:00:00+05:30,521.8693644996696,522.0242535824618,504.60647095666945,509.6083068847656,27967162
2018-10-19 00:00:00+05:30,486.90099787248624,491.7700167155231,473.73253053784686,487.4764099121094,55606079
2018-10-22 00:00:00+05:30,491.32736792200456,493.45202534091646,468.0225300115831,470.3684997558594,28798142
2018-10-23 00:00:00+05:30,465.9864616396083,471.27597468215515,461.95845857292113,466.849609375,23128845
2018-10-24 00:00:00+05:30,475.7908654180512,476.2556509134501,456.536158583615,462.88800048828125,29869514
2018-10-25 00:00:00+05:30,458.5722447244144,460.63050852172944,449.896535320371,456.2705078125,30833933
2018-10-26 00:00:00+05:30,457.20004454263693,467.86762393617505,452.37531752942397,462.5116882324219,20085933
2018-10-29 00:00:00+05:30,462.9986114742478,484.1787928343291,462.9986114742478,481.5008544921875,16781215
2018-10-30 00:00:00+05:30,480.4827719550035,480.4827719550035,465.6986652988151,467.86761474609375,19263668
2018-10-31 00:00:00+05:30,468.75284431979924,471.784911714554,463.44120095796404,469.748779296875,35999348
2018-11-01 00:00:00+05:30,472.6923389405378,472.6923389405378,464.76915084726494,467.5356140136719,20552752
2018-11-02 00:00:00+05:30,472.2939483061466,478.4908703381473,470.5897844056496,475.790771484375,36739798
2018-11-05 00:00:00+05:30,475.14904983069204,483.6698117450583,471.4087528995298,482.60748291015625,16585905
2018-11-06 00:00:00+05:30,484.24519386814285,492.2126744103127,483.18286509903413,488.7158508300781,18886485
2018-11-07 00:00:00+05:30,493.54052149624897,493.54052149624897,489.8666484662768,491.6371765136719,2808599
2018-11-09 00:00:00+05:30,489.66751250930923,493.00941737855555,480.2614724335663,484.0017395019531,23712291
2018-11-12 00:00:00+05:30,485.88294105630706,486.3698281761939,475.6358848288891,478.0482482910156,12690610
2018-11-13 00:00:00+05:30,475.39246962124497,488.2289399381306,473.64404303650656,486.6575927734375,14899604
2018-11-14 00:00:00+05:30,489.13634567495455,492.50038186216375,480.4827968608081,485.9936218261719,17034346
2018-11-15 00:00:00+05:30,485.5509458126148,488.228883919858,480.92537069001344,485.5066833496094,14943663
2018-11-16 00:00:00+05:30,485.993616173096,500.1580193355547,485.6173852021472,499.029296875,24131016
2018-11-19 00:00:00+05:30,501.46377985959435,509.78535987340223,500.6227930031541,509.03289794921875,15987574
2018-11-20 00:00:00+05:30,506.8197236292204,511.64445070498687,500.18011722241687,503.4556579589844,12511640
2018-11-21 00:00:00+05:30,503.4999146912165,507.0410301884581,490.0216095734906,492.61102294921875,16422494
2018-11-22 00:00:00+05:30,493.31926178986436,498.12188722093686,486.94528922504816,488.16253662109375,12670591
2018-11-26 00:00:00+05:30,490.88476733552335,494.6471656942796,485.7501733968261,491.21673583984375,13969873
2018-11-27 00:00:00+05:30,490.39787561445803,500.18014730249286,489.31341556409285,499.3834228515625,14896607
2018-11-28 00:00:00+05:30,501.26458812722854,512.4633470527494,498.5424168099133,510.2059020996094,17507771
2018-11-29 00:00:00+05:30,513.9018766068516,522.2677189108547,513.4592519548756,517.2216796875,27640198
2018-11-30 00:00:00+05:30,518.9035827843954,524.9677169778732,514.4772186758756,516.8010864257812,23443212
2018-12-03 00:00:00+05:30,520.0546336763155,520.0546336763155,508.36898610935697,511.88800048828125,12182825
2018-12-04 00:00:00+05:30,512.574014835583,512.574014835583,505.58036707556204,510.0509948730469,11358720
2018-12-05 00:00:00+05:30,506.2664299064278,512.9281382181655,504.2966614243573,511.3124694824219,12729759
2018-12-06 00:00:00+05:30,508.590247631458,508.590247631458,494.9791838295669,497.36944580078125,12831451
2018-12-07 00:00:00+05:30,499.9367052367765,503.25644935826995,490.5970292196639,501.8621520996094,15779984
2018-12-10 00:00:00+05:30,491.32736989959454,493.230715000803,479.42044172228947,482.5852966308594,20521072
2018-12-11 00:00:00+05:30,471.85136663265433,487.83059080270107,466.9823768220481,485.81658935546875,29518062
2018-12-12 00:00:00+05:30,486.45837456551925,492.8766391720069,481.4787287925514,491.5487060546875,27572962
2018-12-13 00:00:00+05:30,499.2948279165487,499.2948279165487,484.7099325942867,490.0215759277344,20337275
2018-12-14 00:00:00+05:30,488.2732056825799,493.4963246900918,483.27139901697336,492.30120849609375,15795834
2018-12-17 00:00:00+05:30,493.96104199697106,501.5079986485464,491.99130333038806,500.13580322265625,11077711
2018-12-18 00:00:00+05:30,497.2144404248791,504.16382455092463,495.97503233892763,503.01300048828125,12841994
2018-12-19 00:00:00+05:30,505.2704277880674,507.8377097037546,501.5965252165056,503.1900329589844,16118419
2018-12-20 00:00:00+05:30,496.19640838128,501.2867696752321,494.0496490564129,499.4941101074219,12609700
2018-12-21 00:00:00+05:30,497.9669817941182,500.73347487554474,485.13051062790413,486.9895935058594,18115814
2018-12-24 00:00:00+05:30,487.29940701814274,488.31747334945453,480.9475654515845,482.0984191894531,9065704
2018-12-26 00:00:00+05:30,480.61556706264236,486.90101453525165,471.69641421389167,486.170654296875,15771193
2018-12-27 00:00:00+05:30,490.08801663787307,498.852251139613,488.6715881289746,495.84228515625,27294221
2018-12-28 00:00:00+05:30,498.1881968871248,502.50393470684946,496.2848519097499,498.2103576660156,16768547
2018-12-31 00:00:00+05:30,500.600676170901,501.8843468967366,494.07178455752864,496.3070983886719,15799099
2019-01-01 00:00:00+05:30,498.0775934791784,498.98500354776144,491.37162328363314,496.19635009765625,9746670
2019-01-02 00:00:00+05:30,493.31926575244586,498.8522514846727,487.343655344541,489.7339172363281,15628818
2019-01-03 00:00:00+05:30,490.22081646225075,493.36354038015054,482.5189400816617,483.6919250488281,16288287
2019-01-04 00:00:00+05:30,485.7501554591943,488.8707479276948,478.53516673110533,486.3034362792969,18516544
2019-01-07 00:00:00+05:30,489.99947507255644,495.06767517209585,487.3436384673368,489.0035400390625,12060290
2019-01-08 00:00:00+05:30,489.1584706528177,491.30525940351646,485.1304679541355,488.95928955078125,12304389
2019-01-09 00:00:00+05:30,492.21264263185543,494.4258249623011,486.32555754042943,491.6593322753906,12614237
2019-01-10 00:00:00+05:30,490.33148136893067,491.7700707213868,488.2289549747655,490.2208251953125,8925160
2019-01-11 00:00:00+05:30,490.2650868480433,493.0094485923321,481.8549812853927,486.03790283203125,14139060
2019-01-14 00:00:00+05:30,484.6878042138382,487.1222988045752,480.8811141575969,485.48455810546875,8994060
2019-01-15 00:00:00+05:30,489.11427442494005,501.06549673814635,489.11427442494005,500.0252990722656,22011407
2019-01-16 00:00:00+05:30,502.3932657416925,506.81968941252785,500.3350316251482,502.79168701171875,13961606
2019-01-17 00:00:00+05:30,506.5762673652518,508.10335206954045,500.1801338609765,502.14990234375,16379077
2019-01-18 00:00:00+05:30,508.50161800344654,526.6940208916542,502.5039069449697,524.2373657226562,56181172
2019-01-21 00:00:00+05:30,528.509001172476,548.8481690848818,526.1408702049339,547.8522338867188,48206814
2019-01-22 00:00:00+05:30,545.7053520130312,551.9465366426136,539.8403687748806,546.723388671875,36207430
2019-01-23 00:00:00+05:30,545.9045843376497,550.7293708515431,540.9028070392636,542.80615234375,19313542
2019-01-24 00:00:00+05:30,542.2306577517834,554.713026959405,540.0617379573561,552.1678466796875,28775487
2019-01-25 00:00:00+05:30,553.4957691968117,559.8033178284057,546.8340617705471,551.5260009765625,18703992
2019-01-28 00:00:00+05:30,553.5179429525717,555.9303361110078,541.0798348240664,544.2446899414062,18744303
2019-01-29 00:00:00+05:30,544.8865233857091,545.1742589755294,531.7623174984154,535.8788452148438,20405845
2019-01-30 00:00:00+05:30,537.8043656072043,542.2307307181926,527.2252808955305,529.2614135742188,17164298
2019-01-31 00:00:00+05:30,532.0499778547592,544.3110343342596,531.6073532371764,543.1823120117188,22279301
2019-02-01 00:00:00+05:30,546.2144636186489,555.5098184046919,543.1381334083609,553.2744750976562,20187323
2019-02-04 00:00:00+05:30,551.9687571483934,574.0785419874636,549.7777351893427,571.4005737304688,25528059
2019-02-05 00:00:00+05:30,571.8873820352513,577.3761052108845,565.9560341911196,571.6881713867188,20479210
2019-02-06 00:00:00+05:30,573.7685318299614,583.2409946417941,572.883282546338,579.9654541015625,20586783
2019-02-07 00:00:00+05:30,579.9655059785771,584.812393978493,569.2758539932959,571.17919921875,20150710
2019-02-08 00:00:00+05:30,568.7003111247333,575.6497541284344,563.145224334816,565.5576171875,14230054
2019-02-11 00:00:00+05:30,564.7608799881442,564.8051424496962,553.7391724892514,554.735107421875,16457901
2019-02-12 00:00:00+05:30,553.9605356558238,563.189525666057,553.9605356558238,556.1294555664062,13998153
2019-02-14 00:00:00+05:30,549.3129183280569,549.3129183280569,539.1322546519556,541.8765869140625,14496604
2019-02-15 00:00:00+05:30,544.3332058212081,553.2523589386116,537.3616603663344,550.8399658203125,20994460
2019-02-18 00:00:00+05:30,553.2965368559136,554.4031574680856,537.8042619533624,540.0617065429688,21106139
2019-02-19 00:00:00+05:30,539.1323078218984,548.737560329687,536.122400440368,538.2913208007812,13658461
2019-02-20 00:00:00+05:30,541.7216465839695,548.8702417164039,539.57482832799,546.3693237304688,13776558
2019-02-21 00:00:00+05:30,547.0997112247437,556.7492248237998,544.1561684297326,551.9244384765625,23142949
2019-02-22 00:00:00+05:30,550.9063696321634,551.2162068932724,542.673314598179,545.4840698242188,19152470
2019-02-25 00:00:00+05:30,547.0996231918582,550.1981136755784,540.3051285442053,545.4618530273438,17176522
2019-02-26 00:00:00+05:30,535.3699316537825,546.5686934453232,533.8207448843633,540.1282958984375,22160532
2019-02-27 00:00:00+05:30,543.5806810693128,551.0391128042148,535.1484160679546,541.566650390625,24308835
2019-02-28 00:00:00+05:30,546.1038372836208,548.8039072567752,542.9168210075819,544.90869140625,24688859
2019-03-01 00:00:00+05:30,547.5422609049652,549.9103912857396,541.0133999644827,542.6953735351562,17329606
2019-03-05 00:00:00+05:30,541.5224091283327,548.7816896146917,539.3977517583712,547.8300170898438,15577500
2019-03-06 00:00:00+05:30,548.7816838409304,563.5214978834231,546.70128895691,559.8475952148438,26332276
2019-03-07 00:00:00+05:30,559.4936385114966,566.487286832105,556.9041950866588,562.2601318359375,17738092
2019-03-08 00:00:00+05:30,560.4008762300434,564.1190411676282,558.608217000862,560.8656616210938,13211934
2019-03-11 00:00:00+05:30,562.1715332234376,580.7401413223661,561.2641230591577,577.2433471679688,21258869
2019-03-12 00:00:00+05:30,582.9090423710314,590.4781607218365,581.7360574304449,589.30517578125,24561597
2019-03-13 00:00:00+05:30,591.8060821060708,601.9866858465925,587.8666043720284,596.365234375,24577591
2019-03-14 00:00:00+05:30,597.4496475061777,602.871946999757,591.4076144308954,593.8200073242188,22753310
2019-03-15 00:00:00+05:30,595.3471487793354,601.4555465859182,580.3860210833575,585.0115966796875,34764353
2019-03-18 00:00:00+05:30,589.1503133216595,601.0794342108596,588.2650638397351,597.5825805664062,22104063
2019-03-19 00:00:00+05:30,601.9866738940681,610.8394625509037,594.5061398709255,609.3123779296875,21448030
2019-03-20 00:00:00+05:30,609.865575823248,614.3804651405608,603.7571787776457,608.8253784179688,21639437
2019-03-22 00:00:00+05:30,607.5197242067311,611.2378899295851,591.6733460571144,593.9086303710938,25078643
2019-03-25 00:00:00+05:30,588.9731457836614,591.7396385052343,582.8204858269424,586.2509155273438,17394088
2019-03-26 00:00:00+05:30,588.8403186618444,607.1212474376593,588.7075312750372,605.19580078125,20734876
2019-03-27 00:00:00+05:30,609.9320140041797,609.9320140041797,595.0151502686878,597.2283325195312,22079870
2019-03-28 00:00:00+05:30,597.6710151211328,606.3245934275687,594.3733726565703,601.9866943359375,22930248
2019-04-01 00:00:00+05:30,606.4131620781352,622.7021649241899,603.1155193758486,616.0847778320312,22088854
2019-04-02 00:00:00+05:30,618.8070210005278,621.0644661420826,610.8838022216285,615.1331176757812,17526740
2019-04-03 00:00:00+05:30,616.4831138425319,621.0201646238312,607.2983856558683,608.71484375,17169813
2019-04-04 00:00:00+05:30,610.3968352667464,612.4772302504579,596.3430591887059,598.910400390625,18320845
2019-04-05 00:00:00+05:30,602.4072750227529,603.713047483883,594.4619545291577,599.2866821289062,14717266
2019-04-08 00:00:00+05:30,600.2162046801037,600.8801417011313,585.9190138260517,588.3756103515625,19081843
2019-04-09 00:00:00+05:30,588.2207125793918,593.4438019252227,584.7238594627548,590.6773681640625,20774977
2019-04-10 00:00:00+05:30,592.2266734190075,596.6752000258665,587.1584721439294,589.327392578125,16651949
2019-04-11 00:00:00+05:30,590.0133020200389,598.8881916126771,588.2649052169719,596.1438598632812,12558520
2019-04-12 00:00:00+05:30,597.560333920002,600.6145623846402,591.651146738665,594.5061645507812,12948769
2019-04-15 00:00:00+05:30,595.3471988570321,597.0956551150056,590.9208335400103,593.200439453125,9285737
2019-04-16 00:00:00+05:30,595.3471355615848,601.9866828312216,593.1339531383726,594.7938842773438,17360317
2019-04-18 00:00:00+05:30,608.6263175144761,615.1551793737904,604.1999524621015,613.4732055664062,39286534
2019-04-22 00:00:00+05:30,601.9866741912256,605.0851649965012,593.7093566824035,595.5020751953125,23607922
2019-04-23 00:00:00+05:30,596.67504937718,607.7409611357401,595.7898000746608,603.6908569335938,19807450
2019-04-24 00:00:00+05:30,606.5459252679693,617.3905256072113,604.7532066374247,615.0445556640625,16101112
2019-04-25 00:00:00+05:30,614.8674710903454,625.180921221674,603.137562941129,607.4754028320312,30469914
2019-04-26 00:00:00+05:30,608.6262313685243,617.8994831602779,606.7228863920471,616.505126953125,15069884
2019-04-30 00:00:00+05:30,618.0986346931494,618.0986346931494,604.9965912649715,616.505126953125,22348580
2019-05-02 00:00:00+05:30,616.1511529555673,625.8449296649861,611.7690500980633,621.9276123046875,18992003
2019-05-03 00:00:00+05:30,623.211134884836,627.4383480359272,620.865165141616,623.6094970703125,14240262
2019-05-06 00:00:00+05:30,618.8070451649759,620.9317029750202,609.9985175168247,613.0084838867188,15832114
2019-05-07 00:00:00+05:30,617.3904606725227,617.4789856008622,593.2224460908922,594.6831665039062,19417647
2019-05-08 00:00:00+05:30,593.1339922776132,593.1339922776132,571.9759409135609,575.18505859375,31958919
2019-05-09 00:00:00+05:30,570.4710281590392,570.4710281590392,554.071337981232,556.1517333984375,42670173
2019-05-10 00:00:00+05:30,559.9362251932031,565.5577364097078,551.0834944331871,553.8057250976562,24557430
2019-05-13 00:00:00+05:30,552.3670646760603,558.0770407016413,543.3372265765931,545.3512573242188,17603659
2019-05-14 00:00:00+05:30,547.3209346445572,561.8615963834152,545.1077524862425,557.922119140625,28438234
2019-05-15 00:00:00+05:30,563.4772624034616,565.6904447842285,553.5621746080103,556.3507690429688,24419559
2019-05-16 00:00:00+05:30,557.7009538898299,562.9904671434444,556.8820685929253,560.0911865234375,14451308
2019-05-17 00:00:00+05:30,560.8214852839767,565.2256894999022,554.1818786920556,560.99853515625,17276949
2019-05-20 00:00:00+05:30,581.4484201856392,592.1159710878152,576.9777333643875,586.892822265625,26979100
2019-05-21 00:00:00+05:30,589.6814037049653,605.0851552655346,588.7297311552686,593.04541015625,30343560
2019-05-22 00:00:00+05:30,595.634903419491,601.8539280461488,590.9650652062413,593.31103515625,24689918
2019-05-23 00:00:00+05:30,607.2983718851489,616.1511018080408,586.4944211091025,590.4338989257812,38766006
2019-05-24 00:00:00+05:30,596.6750980613658,599.2423803435563,582.7320067411391,591.7396850585938,22269265
2019-05-27 00:00:00+05:30,591.8504477847542,592.0274976827403,578.5270292933205,580.1426391601562,16076686
2019-05-28 00:00:00+05:30,584.1927040808862,590.8322514138105,581.3376863176912,585.9411010742188,42594251
2019-05-29 00:00:00+05:30,584.7237883590988,590.168248475365,577.2653566726345,581.204833984375,15558515
2019-05-30 00:00:00+05:30,582.6213139410421,594.019223371127,582.6213139410421,588.596923828125,23494381
2019-05-31 00:00:00+05:30,592.2042936920257,593.9748510082425,584.369602683312,588.7738647460938,25724066
2019-06-03 00:00:00+05:30,590.9206405890753,605.1957261254778,584.8122442632339,602.0751342773438,18556942
2019-06-04 00:00:00+05:30,600.8579314460692,608.2942618509585,596.7193023793029,598.2906494140625,15442761
2019-06-06 00:00:00+05:30,602.8276698129105,602.8276698129105,584.7680533662309,587.5345458984375,16764835
2019-06-07 00:00:00+05:30,586.9149542153037,587.4903663054001,577.9072759524873,582.0238037109375,14722419
2019-06-10 00:00:00+05:30,584.6795298650989,587.3795991628351,579.8990657422914,583.9049072265625,11768468
2019-06-11 00:00:00+05:30,585.1001405330676,590.6994905962937,583.3960059300211,588.3313598632812,11492074
2019-06-12 00:00:00+05:30,590.788085432952,592.4258560740252,586.4945072440522,589.6593627929688,10297599
2019-06-13 00:00:00+05:30,588.7076650171063,590.7880603117848,579.257361246404,587.4904174804688,15686169
2019-06-14 00:00:00+05:30,585.1222242324548,586.4944198237544,579.5892975904819,583.19677734375,14942768
2019-06-17 00:00:00+05:30,584.2812339912606,584.2812339912606,565.911778180256,567.5938110351562,14908257
2019-06-18 00:00:00+05:30,566.0888616521408,570.0947629240811,561.7510214030443,567.0184326171875,16797371
2019-06-19 00:00:00+05:30,569.6299231801156,576.3137327970071,558.8738485219341,565.4027099609375,14492763
2019-06-20 00:00:00+05:30,566.575698269597,575.428486953255,565.6904489489388,573.9898681640625,10748848
2019-06-21 00:00:00+05:30,573.6357524101344,573.6579131902394,564.605973210025,566.3543701171875,23236832
2019-06-24 00:00:00+05:30,563.100957025972,565.0043019951196,556.4393087293655,558.7852783203125,11267228
2019-06-25 00:00:00+05:30,557.2361269861518,574.5432253793795,555.1778335046871,573.591552734375,14966899
2019-06-26 00:00:00+05:30,571.4446312768304,577.4645027263703,569.3863383793515,572.8389282226562,11593027
2019-06-27 00:00:00+05:30,572.3964332567001,574.0563053208624,562.5919717680536,563.986328125,24905533
2019-06-28 00:00:00+05:30,565.2920488190996,567.837229088313,552.6989939576308,554.6687622070312,18942165
2019-07-01 00:00:00+05:30,556.8597964178464,563.3222934590809,551.725232394284,561.6403198242188,13478857
2019-07-02 00:00:00+05:30,563.8978931122131,567.018486183894,559.1837918752126,565.911865234375,10146746
2019-07-03 00:00:00+05:30,567.859354913293,569.4528627467002,564.3846627720479,567.7044067382812,8806492
2019-07-04 00:00:00+05:30,567.1955501549058,571.4448659709166,566.5758164058096,568.3463745117188,9351405
2019-07-05 00:00:00+05:30,568.8331010917125,571.2233922716598,557.7229274615001,559.2057495117188,10926753
2019-07-08 00:00:00+05:30,556.8377460255429,561.3083734997786,552.4999059557646,554.2040405273438,14009219
2019-07-09 00:00:00+05:30,552.8318519910956,568.1249781490415,551.3047672725918,566.6199951171875,17535754
2019-07-10 00:00:00+05:30,566.597799927596,570.7143270299403,561.5738628185551,566.066650390625,12018196
2019-07-11 00:00:00+05:30,569.6741727579423,570.913580866762,566.265844780248,567.2617797851562,8608376
2019-07-12 00:00:00+05:30,567.9036197336648,575.4284751870541,565.7125390667155,566.7970581054688,15692436
2019-07-15 00:00:00+05:30,568.7888445920233,570.7807145325879,562.3042459909406,564.8494262695312,10659498
2019-07-16 00:00:00+05:30,566.5536173225701,573.1710630706701,565.2699466652127,572.3300170898438,10070773
2019-07-17 00:00:00+05:30,572.90535550275,574.1005010711244,566.5756461560046,567.39453125,9482233
2019-07-18 00:00:00+05:30,567.4609612021368,569.4085686468941,556.8376747286476,558.5418090820312,11942908
2019-07-19 00:00:00+05:30,561.3526341456075,563.4551309237335,550.065350230861,552.85400390625,16336536
2019-07-22 00:00:00+05:30,553.7392172248569,568.5675567105824,543.2487175124882,566.7970581054688,29092589
2019-07-23 00:00:00+05:30,568.7889053842914,572.7283832232471,557.9000427899266,563.7207641601562,20316348
2019-07-24 00:00:00+05:30,563.6986188429327,566.044588804399,554.8679903139908,557.3246459960938,15189179
2019-07-25 00:00:00+05:30,559.4936278940041,561.7289714772154,543.1160397280863,545.10791015625,21805071
2019-07-26 00:00:00+05:30,545.1079492468424,549.9769399335498,535.591221164172,537.2732543945312,20387504
2019-07-29 00:00:00+05:30,538.645363328299,540.9028083982834,533.422214571478,536.0116577148438,17626045
2019-07-30 00:00:00+05:30,537.3395146524581,540.0174823559394,520.5193056422527,522.7103271484375,20853117
2019-07-31 00:00:00+05:30,520.4307600937482,524.5251264768442,514.5215145756243,516.2257080078125,21229950
2019-08-01 00:00:00+05:30,514.9641771223088,525.9416230925917,509.1877776603354,522.4226684570312,22628222
2019-08-02 00:00:00+05:30,523.5323811262336,533.5737464690229,517.4763743805444,527.3841552734375,23766807
2019-08-05 00:00:00+05:30,519.6584046288965,519.6584046288965,502.291947485175,509.1272277832031,30399133
2019-08-06 00:00:00+05:30,505.29763110816157,511.9102698816642,499.6201429946176,502.42547607421875,29067994
2019-08-07 00:00:00+05:30,501.6240130506623,506.9898045620142,491.20409739999894,494.00946044921875,25349369
2019-08-08 00:00:00+05:30,493.54190350121627,515.6507583695545,487.7308302056483,513.1348876953125,31198568
2019-08-09 00:00:00+05:30,517.365149765636,523.4433916370499,513.1125622758229,517.4764404296875,21970009
2019-08-13 00:00:00+05:30,549.1145484399736,580.1292670325504,545.9306965304685,567.6387939453125,104827144
2019-08-14 00:00:00+05:30,580.6636602266428,580.8640071757616,570.1324258187218,573.6502685546875,31688983
2019-08-16 00:00:00+05:30,574.9638928058723,575.231061711341,566.8595315394489,569.0859985351562,21977767
2019-08-19 00:00:00+05:30,570.4441302772058,577.4575220402612,569.9765549729664,575.5872802734375,16317602
2019-08-20 00:00:00+05:30,574.3405138780473,575.5873021365318,566.6814339182407,568.1731567382812,14969299
2019-08-21 00:00:00+05:30,568.0395990053597,569.3755030810053,563.9651837223562,565.9467163085938,10677848
2019-08-22 00:00:00+05:30,565.9467035825179,565.9689379340402,551.6750440617036,555.1705932617188,14031953
2019-08-23 00:00:00+05:30,551.719531948119,571.7577344689116,546.1533348561654,568.1286010742188,21307915
2019-08-26 00:00:00+05:30,576.2107721314826,576.2107721314826,560.6255006974678,564.0988159179688,19202504
2019-08-27 00:00:00+05:30,572.2031077629373,572.2031077629373,561.605109128187,567.6834106445312,28401906
2019-08-28 00:00:00+05:30,567.1936244358561,570.422005132932,559.311902506049,562.540283203125,11605488
2019-08-29 00:00:00+05:30,559.4900317737722,561.1821613132624,550.0720583561081,552.9442138671875,18890222
2019-08-30 00:00:00+05:30,554.6140294056329,558.5771544234956,543.7043332919267,555.97216796875,24735240
2019-09-03 00:00:00+05:30,553.1667296097228,553.5007204611325,534.3530213828047,537.2029418945312,18730619
2019-09-04 00:00:00+05:30,534.5980044145409,536.6908871128855,528.1412437026385,534.8651733398438,32949395
2019-09-05 00:00:00+05:30,537.3810413836705,540.2309023757294,531.3695629057722,533.7296142578125,22995486
2019-09-06 00:00:00+05:30,535.6890247215708,547.2667026168646,532.2380032672461,544.3722534179688,23186819
2019-09-09 00:00:00+05:30,543.5484313072873,549.0478072829346,540.2087601059558,544.2386474609375,11747929
2019-09-11 00:00:00+05:30,544.3721751701554,552.1648395776373,544.3721751701554,549.6712036132812,12127900
2019-09-12 00:00:00+05:30,549.9384316970572,552.3652459694027,536.8913250448002,538.9619140625,11880005
2019-09-13 00:00:00+05:30,539.6966776511717,547.0440021410868,537.4256821215511,545.752685546875,12947715
2019-09-16 00:00:00+05:30,529.454873228426,542.858204835973,528.1634972590346,539.1400146484375,20547730
2019-09-17 00:00:00+05:30,539.2513017834867,539.2513017834867,531.4586376216965,533.217529296875,15640772
2019-09-18 00:00:00+05:30,536.5573055032447,541.6113996591116,533.1062843578578,536.8912963867188,14933909
2019-09-19 00:00:00+05:30,537.8485728999581,538.6723734072475,522.1742478115991,525.0241088867188,13766222
2019-09-20 00:00:00+05:30,528.9873404481931,565.4792074708721,522.9090980619258,558.5548706054688,48165560
2019-09-23 00:00:00+05:30,567.3716281825608,570.421895658546,549.9383519840567,551.80859375,21610844
2019-09-24 00:00:00+05:30,553.7679670566171,578.3481633555577,553.3894480019216,569.3977661132812,34958974
2019-09-25 00:00:00+05:30,571.7577776639475,576.6560528769686,565.0116138141937,569.7762451171875,18192270
2019-09-26 00:00:00+05:30,575.3201696805687,578.3481436646135,571.5351576129076,577.4575805664062,18350457
2019-09-27 00:00:00+05:30,575.5427367462845,585.5618675686828,571.7577251633637,582.912353515625,19058663
2019-09-30 00:00:00+05:30,583.3354436432543,594.8017698849055,581.3538516822917,593.2432250976562,25263770
2019-10-01 00:00:00+05:30,595.3585314139318,597.5849989742951,575.8991300291678,581.0645751953125,17920384
2019-10-03 00:00:00+05:30,572.6484099833085,585.4283468989939,570.5555272924099,583.8030395507812,13524851
2019-10-04 00:00:00+05:30,587.7438805028344,591.6179488730752,580.5969035775893,582.4893798828125,14992253
2019-10-07 00:00:00+05:30,582.4893823323844,588.1446363696328,579.6395209613231,583.3800048828125,10061584
2019-10-09 00:00:00+05:30,582.7566465089587,592.2191475563906,575.5428471529523,589.903564453125,17588647
2019-10-10 00:00:00+05:30,590.0147653702712,609.6076848767422,588.2335800605686,606.8246459960938,35006390
2019-10-11 00:00:00+05:30,607.2477366748323,608.0938310517881,595.1580158763934,602.3049926757812,16597126
2019-10-14 00:00:00+05:30,607.8043907217964,607.8043907217964,601.525742419961,604.7095947265625,13394275
2019-10-15 00:00:00+05:30,606.7134368395299,610.0531675022813,603.0620090789482,607.4481811523438,9672791
2019-10-16 00:00:00+05:30,610.0085788805053,614.3501629165811,607.2477145302422,611.0995483398438,19403660
2019-10-17 00:00:00+05:30,612.2796025393912,622.9666568670059,610.9436984546371,621.8533935546875,16038940
2019-10-18 00:00:00+05:30,625.1932501394197,635.8357784590844,622.8331980254519,630.692626953125,28121951
2019-10-22 00:00:00+05:30,634.5442231374791,639.820957644229,624.9036109424554,629.7128295898438,27786502
2019-10-23 00:00:00+05:30,630.6702340196068,634.967289889059,615.9087056654171,620.0276489257812,18446160
2019-10-24 00:00:00+05:30,623.8572069872114,641.8471160772802,617.4227401722367,639.6428833007812,22642488
2019-10-25 00:00:00+05:30,641.7135822318234,641.8694010565094,628.4215409194215,637.30517578125,13539957
2019-10-27 00:00:00+05:30,641.6690086076726,643.4501942145495,636.7707333262263,638.6632690429688,3014841
2019-10-29 00:00:00+05:30,643.6727760468857,659.0354038930602,642.1587595021489,653.2688598632812,25768505
2019-10-30 00:00:00+05:30,659.0354579712998,661.0615781305346,650.2631739322103,658.6347045898438,16341366
2019-10-31 00:00:00+05:30,660.8165771280641,663.3325067228137,650.8865026462532,652.0665283203125,19463741
2019-11-01 00:00:00+05:30,647.9031106067357,650.931084439674,641.6689908799688,648.7491455078125,13904301
2019-11-04 00:00:00+05:30,652.7567916180376,655.0277868325503,643.4946981510161,649.0831298828125,14063434
2019-11-05 00:00:00+05:30,651.5100516103723,654.1149784345749,641.6690319851688,644.474365234375,12685356
2019-11-06 00:00:00+05:30,642.4259514311492,644.0957868351248,636.1027755766117,638.95263671875,14625505
2019-11-07 00:00:00+05:30,638.9973436683599,651.4655256502805,637.7504957450947,649.5062866210938,14084039
2019-11-08 00:00:00+05:30,645.2313352569838,649.9736724969666,641.8025487418026,643.6727905273438,12019353
2019-11-11 00:00:00+05:30,640.8228766581775,643.1161656257182,633.4532595413081,635.7910766601562,11357841
2019-11-13 00:00:00+05:30,636.7708042321007,657.2098236579902,636.7708042321007,655.6067504882812,25225749
2019-11-14 00:00:00+05:30,657.254254782022,659.7478907611141,648.2593302163147,651.3541259765625,14258133
2019-11-15 00:00:00+05:30,652.6454752595923,662.0634466136269,651.5322120472323,654.9609985351562,15691605
2019-11-18 00:00:00+05:30,655.7625618479275,661.7072190766786,648.0812471500655,649.7733764648438,14076051
2019-11-19 00:00:00+05:30,653.2466089025762,674.5762480267925,652.3560458473484,672.282958984375,30176255
2019-11-20 00:00:00+05:30,692.4548091499332,700.1806517569983,687.1780744035942,689.1596069335938,43538120
2019-11-21 00:00:00+05:30,687.9795894631586,692.8778052437542,680.6545001439249,684.6843872070312,14897371
2019-11-22 00:00:00+05:30,686.6882237413482,698.889294670371,684.6843973559228,688.6475219726562,22352865
2019-11-25 00:00:00+05:30,690.7182566915908,696.7964991140841,690.6514347269888,695.3493041992188,15146156
2019-11-26 00:00:00+05:30,698.2659351892099,701.9395972615475,692.8778499230012,694.7703857421875,35330983
2019-11-27 00:00:00+05:30,694.6367599013516,701.561095873568,692.9223368095898,699.045166015625,9642739
2019-11-28 00:00:00+05:30,700.2919340451285,705.4128499201177,696.417925337267,703.698486328125,13747479
2019-11-29 00:00:00+05:30,704.4331672085468,704.4331672085468,689.2486511776627,690.7181396484375,18559594
2019-12-02 00:00:00+05:30,712.4707684592657,718.9052350893612,702.2289961837148,706.4592895507812,31225364
2019-12-03 00:00:00+05:30,709.2424307785986,709.7990029904348,700.2697400300401,703.0750732421875,12990426
2019-12-04 00:00:00+05:30,700.447715648031,702.4515416791016,682.9699129214998,691.4082641601562,20987607
2019-12-05 00:00:00+05:30,700.8931300628573,703.4535881327247,687.5343269551083,690.5845947265625,19942460
2019-12-06 00:00:00+05:30,691.5420265271395,698.2214285325554,686.2429974104203,692.3880615234375,13085234
2019-12-09 00:00:00+05:30,692.9446854555637,702.407186386415,688.6475696603118,700.269775390625,12642677
2019-12-10 00:00:00+05:30,700.0248677357898,700.7150839240339,692.0540894895513,695.5274047851562,10173333
2019-12-11 00:00:00+05:30,692.6996888491133,701.115747607188,690.473221738255,695.7277221679688,12364641
2019-12-12 00:00:00+05:30,699.2233427990602,700.8264159286773,693.1673349928408,698.3104858398438,10326606
2019-12-13 00:00:00+05:30,703.5649471805253,708.0179414327434,700.1807476450258,704.8563232421875,12668303
2019-12-16 00:00:00+05:30,708.9083475255876,709.7543823594526,696.595987309666,697.597900390625,11892718
2019-12-17 00:00:00+05:30,697.6648093043032,703.1196573453843,692.6775366524988,695.8613891601562,20324601
2019-12-18 00:00:00+05:30,695.9949630752343,703.5649282550722,695.549681497034,701.7169799804688,14742077
2019-12-19 00:00:00+05:30,700.7595863676426,719.1057222184004,699.9135513793175,716.9014892578125,20507816
2019-12-20 00:00:00+05:30,719.150161810269,720.2856594061476,710.734103320188,712.0700073242188,21271510
2019-12-23 00:00:00+05:30,694.703492066375,702.4738626190867,693.6793445765387,699.7353515625,25107772
2019-12-24 00:00:00+05:30,698.6221435556297,700.0248101711578,686.8663538680914,688.6253051757812,18048449
2019-12-26 00:00:00+05:30,686.4879804270106,691.5197815023248,672.4611936111012,674.7990112304688,29761019
2019-12-27 00:00:00+05:30,679.9642809467703,688.5139241722563,677.4261167611049,686.799560546875,17677571
2019-12-30 00:00:00+05:30,688.4026244475469,689.1596030429098,680.4318473193537,687.6233520507812,17123749
2019-12-31 00:00:00+05:30,686.6437000385328,687.4007381135765,671.5260051917422,674.19775390625,22203005
2020-01-01 00:00:00+05:30,675.9566091562889,680.0087898882745,670.3904712564104,672.2161254882812,14004468
2020-01-02 00:00:00+05:30,673.2848606187108,686.1761470483035,673.2848606187108,683.6602172851562,17710316
2020-01-03 00:00:00+05:30,682.6360622006584,686.4878962665452,678.1831277621862,684.4840698242188,20984698
2020-01-06 00:00:00+05:30,676.8473220199032,680.3651059474896,667.0508300218751,668.609375,24519177
2020-01-07 00:00:00+05:30,676.4019343098523,683.304036115152,673.9528263419015,678.8956298828125,16683622
2020-01-08 00:00:00+05:30,674.6208587574616,683.2817936051865,672.394391396721,673.7970581054688,16047902
2020-01-09 00:00:00+05:30,685.1296647498189,690.2059926741842,681.8567565985553,689.3154296875,14982742
2020-01-10 00:00:00+05:30,691.0520831577536,693.7461255846073,685.5972357997355,689.1596069335938,12478359
2020-01-13 00:00:00+05:30,688.0019777503975,694.0802201574284,685.0407659635977,687.4008178710938,18282382
2020-01-14 00:00:00+05:30,685.7531846503401,690.2061193009722,677.6711159879618,681.0330810546875,15816535
2020-01-15 00:00:00+05:30,683.9052024938248,685.708622508407,676.068009361063,678.5616455078125,15817859
2020-01-16 00:00:00+05:30,680.8548672498658,687.2448055274269,680.4095262908653,684.8179321289062,12847975
2020-01-17 00:00:00+05:30,691.764654072348,705.7691458267952,691.6310696018056,704.01025390625,29463471
2020-01-20 00:00:00+05:30,716.4784286658733,716.4784286658733,679.6971043882497,682.3466186523438,32545850
2020-01-21 00:00:00+05:30,680.6767527586403,688.3580668407448,677.737775908007,683.0368041992188,18922720
2020-01-22 00:00:00+05:30,687.5343897202368,688.7589438110633,681.790078890447,682.7919921875,10322817
2020-01-23 00:00:00+05:30,684.1945165383646,686.6213898607012,677.158890568742,679.8974609375,11247739
2020-01-24 00:00:00+05:30,679.9642284408451,684.1277590740176,676.2015106061541,677.5374145507812,14628445
2020-01-27 00:00:00+05:30,674.576343167049,678.8288715307318,670.1678770715025,670.8580932617188,13387750
2020-01-28 00:00:00+05:30,671.7708247894806,672.3942783497732,651.7326219117568,655.3617553710938,24532236
2020-01-29 00:00:00+05:30,656.385997983268,665.4477454950623,651.9330633649719,658.96875,24746565
2020-01-30 00:00:00+05:30,658.5901746274501,658.9018717010598,641.2237192109507,642.8935546875,22402689
2020-01-31 00:00:00+05:30,647.0125063572486,647.1238564671794,626.6180767993984,628.599609375,34750310
2020-02-03 00:00:00+05:30,610.0086294911721,623.3897268292178,606.9583616221806,616.9552001953125,30712290
2020-02-04 00:00:00+05:30,623.4118752792756,637.8839401729988,622.4322559797637,635.1676635742188,25383901
2020-02-05 00:00:00+05:30,638.9527807514428,646.9235594560772,636.9044853235893,645.0087890625,18472100
2020-02-06 00:00:00+05:30,647.5024215657478,653.2466727335321,641.268301219584,649.1499633789062,15538577
2020-02-07 00:00:00+05:30,646.121961162775,646.7231209827357,636.0137726868787,638.3961181640625,12209212
2020-02-10 00:00:00+05:30,635.8800851167206,643.6727488097293,628.0651870747986,639.2643432617188,15142476
2020-02-11 00:00:00+05:30,644.5188387872203,652.8903691202153,643.4723974955958,646.9011840820312,13999816
2020-02-12 00:00:00+05:30,648.4153034245885,656.742306925112,647.9031998730488,654.7161865234375,13533565
2020-02-13 00:00:00+05:30,658.0336151395259,658.0336151395259,651.2873910883294,656.4305419921875,13565659
2020-02-14 00:00:00+05:30,657.8109867132612,668.5870984643474,647.0571093166483,662.4197998046875,21227841
2020-02-17 00:00:00+05:30,663.0430280450569,670.6798134931099,656.4972119467257,658.256103515625,13149130
2020-02-18 00:00:00+05:30,657.2096942768698,657.2096942768698,648.9717487058438,653.4246826171875,11127161
2020-02-19 00:00:00+05:30,658.7460229239962,670.813509728984,656.8535465958774,669.6334838867188,14084409
2020-02-20 00:00:00+05:30,666.6055073331329,671.5037233050037,660.7276124968037,661.6849975585938,16892268
2020-02-24 00:00:00+05:30,654.4710730304506,657.6994528379005,641.0232160408293,643.4277954101562,21370214
2020-02-25 00:00:00+05:30,646.3001152119884,646.3001152119884,627.864922735704,630.71484375,27745062
2020-02-26 00:00:00+05:30,627.8647918804157,628.9112331011329,617.7788986626947,619.8494873046875,29362748
2020-02-27 00:00:00+05:30,618.0683364567957,620.6510881290094,609.6077499205786,617.2891235351562,25054993
2020-02-28 00:00:00+05:30,603.3290411767952,604.2641917083236,590.0147686027638,591.6400756835938,39315769
2020-03-02 00:00:00+05:30,603.4181975497225,609.6077893226085,579.3723403742132,586.0740356445312,29500495
2020-03-03 00:00:00+05:30,592.107656856765,602.8837657243814,588.678870623834,597.9632568359375,27398798
2020-03-04 00:00:00+05:30,602.0377485234621,602.8392551960833,582.4002405429284,596.5606079101562,22105261
2020-03-05 00:00:00+05:30,602.1269086434213,604.6873667976507,581.5543059975552,583.8475952148438,30510390
2020-03-06 00:00:00+05:30,565.5236515774449,573.6057788366949,552.654658716733,565.9689331054688,33734039
2020-03-09 00:00:00+05:30,552.1870935973562,552.6101407818697,487.59719353402716,496.12457275390625,88187018
2020-03-11 00:00:00+05:30,493.385961606044,524.7569350107589,493.385961606044,513.6691284179688,59578576
2020-03-12 00:00:00+05:30,483.14423842846696,490.26892105164063,466.98004375854214,473.3477478027344,55970485
2020-03-13 00:00:00+05:30,444.40363928088584,507.6354013912499,419.64530200918597,492.1837158203125,73297403
2020-03-16 00:00:00+05:30,472.2567802513006,480.7841591374453,447.5206784786443,452.28533935546875,38482258
2020-03-17 00:00:00+05:30,466.3343737158094,472.0118916262875,446.7191870864638,448.8565979003906,45445979
2020-03-18 00:00:00+05:30,456.5601596607462,461.280292373532,427.9277554968568,431.2674560546875,44730415
2020-03-19 00:00:00+05:30,409.715250893795,430.5995508438921,397.29153849959346,408.64654541015625,61404010
2020-03-20 00:00:00+05:30,418.35394359459445,460.8350229658722,414.123649892298,453.28729248046875,63360475
2020-03-23 00:00:00+05:30,407.9785720617482,423.02953408613564,389.9219001729814,393.6623840332031,40670949
2020-03-24 00:00:00+05:30,414.1236252972025,431.9353918898189,398.8945807634273,420.090576171875,45734887
2020-03-25 00:00:00+05:30,429.17456609975056,512.7785178891949,428.9296612692312,481.9196472167969,73130298
2020-03-26 00:00:00+05:30,487.9534251497577,497.34913321338615,464.15244304869213,474.772705078125,45744488
2020-03-27 00:00:00+05:30,487.59715574121174,493.07426683799997,465.86679422968973,474.5054931640625,41657940
2020-03-30 00:00:00+05:30,463.37321097095526,478.6022562103133,454.20014346811496,458.85345458984375,30229866
2020-03-31 00:00:00+05:30,478.2237612689132,503.0934193486525,466.668378147016,495.94647216796875,44292810
2020-04-01 00:00:00+05:30,499.7314374197435,500.7778787446454,465.42154418897144,481.1181640625,41597459
2020-04-03 00:00:00+05:30,505.1640794985781,505.1640794985781,470.3643151321363,479.78228759765625,41367807
2020-04-07 00:00:00+05:30,490.75866820555717,540.5870576759777,489.8235474704481,537.0692749023438,54373624
2020-04-08 00:00:00+05:30,525.4471639311407,547.2666119015739,516.5412959187852,530.8574829101562,49880330
2020-04-09 00:00:00+05:30,540.5871800325931,548.9587106749909,531.2360300150857,543.2366943359375,33032857
2020-04-13 00:00:00+05:30,536.1120125498173,541.0325221376103,525.4471928092958,529.5216674804688,23673784
2020-04-15 00:00:00+05:30,533.0394909756521,550.3837133914021,508.97133852649563,512.0216064453125,35321842
2020-04-16 00:00:00+05:30,512.02149392752,528.7645528215241,509.8618490702506,520.1258544921875,37455706
2020-04-17 00:00:00+05:30,541.477788467049,547.7119081332823,531.0801379395491,545.0401000976562,33269335
2020-04-20 00:00:00+05:30,545.9307453957434,559.7348298724658,535.2436911572639,553.8569946289062,36030932
2020-04-21 00:00:00+05:30,538.8060261793212,557.508386765965,518.3225393512134,550.98486328125,61371628
2020-04-22 00:00:00+05:30,587.7884356237253,616.6880417343276,578.8825664491623,607.2032470703125,142683366
2020-04-23 00:00:00+05:30,608.8731391707544,617.1110859522549,602.6167250854138,610.4539184570312,65464502
2020-04-24 00:00:00+05:30,601.2139434989201,665.6925449622661,599.9003334036723,630.9818725585938,134986308
2020-04-27 00:00:00+05:30,638.5519000387314,656.8089776563307,633.6536843523593,636.659423828125,58482901
2020-04-28 00:00:00+05:30,645.6766291201964,648.1034431126441,619.9163502379175,635.9469604492188,78453401
2020-04-29 00:00:00+05:30,643.4057306477636,647.3020336819599,632.3178625081999,635.4126586914062,37494672
2020-04-30 00:00:00+05:30,647.4355395070829,665.6926172797448,640.3553848329962,652.8013305664062,71345899
2020-05-04 00:00:00+05:30,641.2237145072914,652.3560500195231,631.1822890196224,639.0863037109375,53456868
2020-05-05 00:00:00+05:30,647.3243306346986,658.5902520124664,644.4298814250894,650.4190673828125,44903763
2020-05-06 00:00:00+05:30,651.9108178555344,661.2397341507669,643.6728711176166,650.463623046875,40489094
2020-05-07 00:00:00+05:30,647.9031914144758,674.019699350152,643.4502566899976,671.0361938476562,50026966
2020-05-08 00:00:00+05:30,687.9795431758226,703.5202838378564,684.4617003890888,695.4605102539062,84262770
2020-05-11 00:00:00+05:30,703.564854514178,719.1501837188379,700.1361272712575,702.1399536132812,67085063
2020-05-12 00:00:00+05:30,696.796477334206,698.3773161288631,652.3561269036683,658.7015380859375,100683202
2020-05-13 00:00:00+05:30,686.409748828676,686.409748828676,653.5951127082542,672.6770629882812,66430125
2020-05-14 00:00:00+05:30,660.3377319199246,672.789324791763,642.8291322565639,645.4812622070312,49266771
2020-05-15 00:00:00+05:30,649.0999689371046,659.3039915320402,636.1089830747022,656.0225219726562,62152260
2020-05-18 00:00:00+05:30,660.7873261418357,666.181474909855,641.9076865534937,647.6389770507812,62796089
2020-05-19 00:00:00+05:30,654.9436171986698,657.0563561877386,630.7821895369445,633.3218994140625,42315854
2020-05-20 00:00:00+05:30,633.8163858969135,650.3810366625504,626.1746060014038,644.4699096679688,55320985
2020-05-21 00:00:00+05:30,645.054274887475,656.9439458804737,640.5591310175457,647.86376953125,39167981
2020-05-22 00:00:00+05:30,652.6061253460508,655.393088211482,641.2333740246893,643.50341796875,37828973
2020-05-26 00:00:00+05:30,650.9653812121286,651.6621368125705,636.6483020759156,640.132080078125,33216635
2020-05-27 00:00:00+05:30,643.2562252592883,653.5950802585778,634.7154397533718,649.7966918945312,35667956
2020-05-28 00:00:00+05:30,654.0445046956808,665.1700026233619,651.3474305026429,661.7986450195312,40126278
2020-05-29 00:00:00+05:30,659.8883134336163,661.6863829805953,652.9882921441282,658.2700805664062,40022527
2020-06-01 00:00:00+05:30,665.282470467664,691.5116927649323,663.4619289082036,683.42041015625,39943702
2020-06-02 00:00:00+05:30,685.9601831154127,692.2533963499591,683.622663148201,690.3204345703125,22153960
2020-06-03 00:00:00+05:30,694.5009280550352,701.2436433909791,689.2640251716484,692.9950561523438,25381289
2020-06-04 00:00:00+05:30,694.0514268333575,714.5044150378368,692.7029193183236,710.1441040039062,34202350
2020-06-05 00:00:00+05:30,716.976712812966,727.3155677405333,707.4020299835134,710.9981689453125,33076685
2020-06-08 00:00:00+05:30,727.4954324920736,727.4954324920736,703.4913080333477,705.5140991210938,31414953
2020-06-09 00:00:00+05:30,701.3785617206731,711.5825840206448,689.1068040465735,690.9722900390625,25857161
2020-06-10 00:00:00+05:30,693.6469213591369,710.0317972109347,692.2759415871488,706.7053833007812,22132647
2020-06-11 00:00:00+05:30,703.9408036567188,704.8173365444579,688.207799283614,691.2195434570312,20385805
2020-06-12 00:00:00+05:30,674.2727360709879,716.0776552194108,672.924169196797,714.189697265625,38548899
2020-06-15 00:00:00+05:30,703.4912994111404,731.3387563203479,701.7381741898191,725.7647705078125,53107403
2020-06-16 00:00:00+05:30,738.5534772559045,741.0482428927804,712.6163922222294,727.1807250976562,51187003
2020-06-17 00:00:00+05:30,722.9328087814987,735.1596222116743,720.1683177338406,726.1243896484375,41782053
2020-06-18 00:00:00+05:30,722.3709596460744,748.4428198793569,721.7416204317783,744.3522338867188,40471557
2020-06-19 00:00:00+05:30,750.6902682054731,804.0926582950673,747.0941890956606,790.876953125,105804173
2020-06-22 00:00:00+05:30,797.1703064721975,811.0153531945601,779.9088977902954,784.9210205078125,60198705
2020-06-23 00:00:00+05:30,786.6515522559022,792.83240486235,771.4129953643138,773.5706787109375,37962078
2020-06-24 00:00:00+05:30,780.313374152456,796.855553260014,769.4351285440347,776.6947631835938,51586221
2020-06-25 00:00:00+05:30,776.3126926255497,786.2020448440715,770.0419514480267,772.2221069335938,39679374
2020-06-26 00:00:00+05:30,777.1218366018753,787.5505795010465,771.8175170961591,782.8980712890625,30921913
2020-06-29 00:00:00+05:30,776.7847199037966,782.0440358258111,771.1657900960829,774.5820922851562,25621946
2020-06-30 00:00:00+05:30,780.807914512527,782.6059245493964,762.1754677566296,766.0188598632812,30276420
2020-07-01 00:00:00+05:30,773.1661294381369,786.2020588284339,767.7943931621406,781.0775756835938,28464103
2020-07-02 00:00:00+05:30,786.6933471641555,797.7964291606368,783.1051378323464,794.524169921875,28789533
2020-07-03 00:00:00+05:30,803.3028398448629,809.2606454481156,797.9769941642788,806.958740234375,29434266
2020-07-06 00:00:00+05:30,814.6766894354603,838.5979258395846,808.8543255351691,835.7996215820312,47016185
2020-07-07 00:00:00+05:30,839.5005827702558,841.463914285067,815.2633981823944,823.00390625,35189589
2020-07-08 00:00:00+05:30,823.2747585521189,828.1943991602055,807.9065001671087,811.5172729492188,26204095
2020-07-09 00:00:00+05:30,816.4820182311743,828.2169399112072,806.2139095305935,823.364990234375,36418942
2020-07-10 00:00:00+05:30,825.2832912510764,850.6037089763864,823.3650271392274,847.6473999023438,43759967
2020-07-13 00:00:00+05:30,859.066414273634,879.0835514065949,857.5544142629645,873.3515014648438,69608392
2020-07-14 00:00:00+05:30,872.9002342726803,876.3755662555917,851.8224272759982,865.2273559570312,67331128
2020-07-15 00:00:00+05:30,874.6829879546605,893.1204354338983,811.5173778538364,832.2791748046875,139669773
2020-07-16 00:00:00+05:30,833.6331186808312,843.5627139468717,818.039164673242,832.00830078125,60961724
2020-07-17 00:00:00+05:30,832.7305263268679,866.5813597597964,829.5710849624811,862.835205078125,49726765
2020-07-20 00:00:00+05:30,865.5884031998371,871.9974807956106,857.3965026239393,866.5361938476562,36592938
2020-07-21 00:00:00+05:30,875.156852095807,892.3079337086934,874.0284930342241,889.8480834960938,42173371
2020-07-22 00:00:00+05:30,895.0160590595337,907.2023737684211,884.9510810546108,904.4943237304688,59771457
2020-07-23 00:00:00+05:30,904.4716734406272,938.6610205330575,898.784750623047,928.776611328125,58333751
2020-07-24 00:00:00+05:30,928.866877074322,976.2580205169854,928.7766226694645,968.6528930664062,120597372
2020-07-27 00:00:00+05:30,983.3892613715004,992.4161339989756,960.4158156178775,973.1888427734375,80304827
2020-07-28 00:00:00+05:30,973.1888610354255,990.2496888244225,970.6838835389933,982.8927612304688,55114422
2020-07-29 00:00:00+05:30,982.9830381867582,985.1945694094204,934.4860429521891,946.311279296875,72663399
2020-07-30 00:00:00+05:30,947.372003332624,965.7416994124951,935.1856889845394,951.8177490234375,72857444
2020-07-31 00:00:00+05:30,954.3678150249528,960.9122737981927,926.5198556854664,932.9740600585938,74958061
2020-08-03 00:00:00+05:30,925.8428264432459,928.4154946857375,904.0879942280135,906.7509765625,46715383
2020-08-04 00:00:00+05:30,911.986468597933,978.0632476810047,902.8015920988591,970.6611938476562,92041055
2020-08-05 00:00:00+05:30,978.9660801786949,991.152334357933,956.082888808404,959.7613525390625,74549993
2020-08-06 00:00:00+05:30,973.549911434821,978.3792977984335,951.3437476637285,963.214111328125,49322975
2020-08-07 00:00:00+05:30,961.2732749175092,973.9109194619942,956.940407442753,968.7881469726562,32984416
2020-08-10 00:00:00+05:30,974.497761802115,977.1606844285126,951.4791890501768,956.782470703125,26958997
2020-08-11 00:00:00+05:30,963.5301281069163,974.9040336698868,947.9812996710002,963.0787963867188,46828306
2020-08-12 00:00:00+05:30,957.3015226996713,968.1338417220617,950.8924453804724,960.2803955078125,30264617
2020-08-13 00:00:00+05:30,960.4608766898883,965.3805171577782,952.3366680076899,957.775390625,24830322
2020-08-14 00:00:00+05:30,958.0011068702576,973.549934599968,942.9713613334557,954.0518798828125,33224635
2020-08-17 00:00:00+05:30,950.0800072856482,950.0800072856482,934.3281075225127,943.919189453125,30979066
2020-08-18 00:00:00+05:30,941.0531772225081,963.3044692046789,939.8571273001791,956.19580078125,30547672
2020-08-19 00:00:00+05:30,966.3284692913196,972.1959605908819,957.4595415393626,962.063232421875,34087543
2020-08-20 00:00:00+05:30,956.850185253758,958.6104445458395,942.4071530026558,946.4918212890625,22537845
2020-08-21 00:00:00+05:30,955.9475181738237,957.7529046597705,937.4423813079499,939.6314086914062,25280895
2020-08-24 00:00:00+05:30,943.9417586729289,949.854317250222,934.5086218851164,945.9050903320312,32717218
2020-08-25 00:00:00+05:30,950.5313333957848,952.9234928104662,937.8936880228628,939.7442016601562,19388008
2020-08-26 00:00:00+05:30,941.0531010310551,969.4652088235415,923.9020199231386,964.6583862304688,59870421
2020-08-27 00:00:00+05:30,969.4878648165206,970.3905879404774,949.2902183763626,952.6076049804688,28085062
2020-08-28 00:00:00+05:30,956.8501848269598,962.6725488024437,950.6442396447251,955.112548828125,27166900
2020-08-31 00:00:00+05:30,981.2227244337602,981.2227244337602,929.9274278526689,939.1123046875,62076132
2020-09-01 00:00:00+05:30,947.8233392331533,957.9334441866578,930.8527654130116,942.0687255859375,38616258
2020-09-02 00:00:00+05:30,944.2125354209737,964.9743904615849,941.0531538410881,960.5512084960938,26949439
2020-09-03 00:00:00+05:30,960.4609660708118,965.3129161947521,949.177375013291,953.2846069335938,18586429
2020-09-04 00:00:00+05:30,940.3986056664972,946.4466050798669,935.2758331669374,937.5551147460938,28475945
2020-09-07 00:00:00+05:30,940.6018292728933,950.4185474757394,922.6608419794579,939.9924926757812,21926473
2020-09-08 00:00:00+05:30,944.2125515075138,957.3015291324416,939.0220876589311,951.0278930664062,27397082
2020-09-09 00:00:00+05:30,941.0530770623151,978.42436533271,939.4507631107281,975.51318359375,55310877
2020-09-10 00:00:00+05:30,985.3300156152798,1058.3801472724467,981.8320607367515,1044.4110107421875,140304404
2020-09-11 00:00:00+05:30,1043.5083899488072,1055.175562246342,1032.269926063605,1047.0062255859375,59470807
2020-09-14 00:00:00+05:30,1049.3757689779331,1065.1727948098135,1029.967851123539,1039.2430419921875,44063445
2020-09-15 00:00:00+05:30,1043.4858431799203,1049.7143521325797,1032.7437783357252,1046.60009765625,27178393
2020-09-16 00:00:00+05:30,1047.1189617708817,1069.3928153950412,1042.8538446608136,1049.172607421875,33952295
2020-09-17 00:00:00+05:30,1047.1190390154095,1053.3025400234242,1034.4137023752521,1037.528076171875,25828669
2020-09-18 00:00:00+05:30,1044.5238896915514,1046.8708623526327,1027.5081886685462,1040.6649169921875,33074915
2020-09-21 00:00:00+05:30,1038.092106363457,1054.340524274349,1014.3288160609994,1018.1653442382812,33627381
2020-09-22 00:00:00+05:30,1027.7112111815643,1027.7112111815643,993.6573068799258,997.990234375,34792254
2020-09-23 00:00:00+05:30,1020.0383606869218,1027.5983602691515,995.3498434566727,1006.8590698242188,42988708
2020-09-24 00:00:00+05:30,996.5233454684201,1004.6926220511629,982.1480045429355,984.4724731445312,29826318
2020-09-25 00:00:00+05:30,987.9929866283342,998.7349916951074,978.1988318727759,993.7250366210938,28374935
2020-09-28 00:00:00+05:30,1005.1440644113056,1010.1088922605071,996.1397551110359,1000.2921142578125,19666849
2020-09-29 00:00:00+05:30,1004.2413960622814,1021.8437503790619,1000.2921093414723,1013.2908325195312,25842539
2020-09-30 00:00:00+05:30,1020.0382810069938,1023.1976621884529,1004.2412557155843,1008.4613647460938,24465159
2020-10-01 00:00:00+05:30,1021.7534684542669,1021.7534684542669,999.2765413206039,1004.3541870117188,20783227
2020-10-05 00:00:00+05:30,1012.8168289308439,1015.1412378353376,995.665807141331,998.464111328125,18922799
2020-10-06 00:00:00+05:30,1004.3541161410186,1008.2582155878782,993.702366618132,997.6290893554688,18412175
2020-10-07 00:00:00+05:30,1008.7548642742527,1042.154366526615,1001.9847094184659,1018.91015625,53170865
2020-10-08 00:00:00+05:30,1019.5869668804303,1023.6491310362912,1002.9324042401191,1010.6729125976562,21077808
2020-10-09 00:00:00+05:30,1008.7548888939575,1016.8790987960083,1000.6758061956652,1008.0552978515625,18545499
2020-10-12 00:00:00+05:30,1008.7547657275612,1018.1200919736274,1004.8055389601913,1009.6799926757812,14226473
2020-10-13 00:00:00+05:30,1006.7689180188713,1031.6606295627953,1004.6250177214829,1029.38134765625,23112012
2020-10-14 00:00:00+05:30,1028.5687815922101,1039.897498590876,1023.8747175024403,1032.4503173828125,26742011
2020-10-15 00:00:00+05:30,1033.578657645069,1033.578657645069,990.7009550037031,995.8914184570312,20036197
2020-10-16 00:00:00+05:30,999.7279451318866,1007.6263990747995,980.6134716986062,982.0352172851562,21583600
2020-10-19 00:00:00+05:30,988.466891534098,1005.9113606750328,972.7149909324551,982.2157592773438,31200385
2020-10-20 00:00:00+05:30,983.4795214556434,989.798344269808,971.40602552376,973.053466796875,18482288
2020-10-21 00:00:00+05:30,978.5148226542062,989.3470825746206,946.8078286470422,958.9264526367188,34082321
2020-10-22 00:00:00+05:30,960.1901490428081,962.4919944695694,943.7612212611413,950.9601440429688,30802210
2020-10-23 00:00:00+05:30,950.5313739814042,963.6203515996452,946.198506037611,953.71337890625,23422125
2020-10-26 00:00:00+05:30,948.7034169019341,948.7034169019341,911.0387387404159,915.822998046875,37324416
2020-10-27 00:00:00+05:30,918.4407016571695,929.7017279504099,904.9455209838884,918.2601928710938,36478896
2020-10-28 00:00:00+05:30,921.5550042670169,928.7314227324945,906.028800472741,907.8567504882812,29924017
2020-10-29 00:00:00+05:30,901.3347749825296,921.6452970796064,898.6267252669395,914.8299560546875,30655304
2020-10-30 00:00:00+05:30,917.8088456567091,932.0713684328344,912.5281277212341,927.287109375,34021563
2020-11-02 00:00:00+05:30,914.875118139784,914.875118139784,839.1169961667077,847.3765869140625,99366895
2020-11-03 00:00:00+05:30,853.0408988395865,861.6164392035137,828.2621279628137,835.1676635742188,88691623
2020-11-04 00:00:00+05:30,829.1196689111366,870.6433759833506,829.1196689111366,863.5120849609375,80180117
2020-11-05 00:00:00+05:30,882.35573229981,885.0637819795205,871.9973691521444,882.3782958984375,37205373
2020-11-06 00:00:00+05:30,898.175475948344,920.7426584675038,892.8270071314915,915.8455810546875,66674086
2020-11-09 00:00:00+05:30,930.7173580690493,933.831612463532,918.9372485037195,925.572021484375,35838510
2020-11-10 00:00:00+05:30,937.4423956918613,943.3098869382017,921.2842908558239,940.8500366210938,36934242
2020-11-11 00:00:00+05:30,942.8585667023519,945.5666166597341,892.8044413863007,901.4251098632812,56724780
2020-11-12 00:00:00+05:30,894.1133176465529,906.502703689629,886.8917719189561,893.6619262695312,40046527
2020-11-13 00:00:00+05:30,894.564633496026,919.2305871473199,894.4518154997988,901.06396484375,45388670
2020-11-14 00:00:00+05:30,909.4138496344937,909.5943584245174,900.5900499126363,903.7268676757812,5226220
2020-11-17 00:00:00+05:30,941.0531655438715,941.0531655438715,895.9186819311539,899.6422729492188,46542562
2020-11-18 00:00:00+05:30,899.6422344929193,905.6226031588405,884.6801802584594,896.91162109375,30402290
2020-11-19 00:00:00+05:30,896.9115763734393,907.4053210540029,888.3360360257459,890.5701904296875,27796343
2020-11-20 00:00:00+05:30,891.4052660410506,895.377116449163,855.297714134409,857.3287963867188,57471248
2020-11-23 00:00:00+05:30,880.5729426320072,889.148483349999,869.4021701299365,880.4375610351562,45327567
2020-11-24 00:00:00+05:30,886.4405101290448,890.953946718642,871.9974772270936,886.4630737304688,30936268
2020-11-25 00:00:00+05:30,893.6619486348033,899.5068761620935,876.6011807335245,879.128662109375,32637879
2020-11-26 00:00:00+05:30,881.4981760203764,886.8917116578955,871.1172495113492,881.2950439453125,25838637
2020-11-27 00:00:00+05:30,875.8338420233673,882.8748194602481,867.2131737985623,871.0044555664062,47336811
2020-12-01 00:00:00+05:30,875.7661696758335,887.456025013745,871.1173516152288,882.333251953125,19750687
2020-12-02 00:00:00+05:30,883.9581161119759,885.5378667077028,873.3515518250487,883.8001708984375,22188887
2020-12-03 00:00:00+05:30,890.0512832775495,894.1585153494483,884.0257869322113,886.4630737304688,27785372
2020-12-04 00:00:00+05:30,888.6971991448669,888.6971991448669,875.6082215278506,878.65478515625,18464552
2020-12-07 00:00:00+05:30,875.8789913444388,886.8917588790096,875.8789913444388,883.8226318359375,18242188
2020-12-08 00:00:00+05:30,885.1541251431139,909.120487964561,880.1216067950427,899.867919921875,43403061
2020-12-09 00:00:00+05:30,907.1797819467947,917.9443506509773,902.3503953551077,914.8526000976562,29175254
2020-12-10 00:00:00+05:30,912.4378508699459,915.5521050393417,903.1401558672769,905.8482055664062,16065507
2020-12-11 00:00:00+05:30,908.556276462948,919.8399265746882,891.0666814664153,905.306640625,26944202
2020-12-14 00:00:00+05:30,906.2770186070177,909.4590234227397,896.5279914527346,898.7621459960938,17312747
2020-12-15 00:00:00+05:30,898.0400384687348,898.0400384687348,885.1315694222841,891.1119384765625,18551265
2020-12-16 00:00:00+05:30,897.2726359718845,900.4095133302656,887.2076595531021,892.104736328125,18561011
2020-12-17 00:00:00+05:30,895.6930552499342,904.9456238899453,892.3756687000254,896.1895141601562,20252358
2020-12-18 00:00:00+05:30,893.7070987327945,904.9004347378007,886.8917576008947,898.8749389648438,18466344
2020-12-21 00:00:00+05:30,907.2022710782971,912.6183705411303,837.3567098855556,875.4727172851562,44135540
2020-12-22 00:00:00+05:30,879.6703154945026,884.13862467934,852.3413781920493,874.1187744140625,28140001
2020-12-23 00:00:00+05:30,871.0947542977892,880.7760906412614,866.8746448149003,877.3458862304688,19501410
2020-12-24 00:00:00+05:30,878.7675857883312,902.1472362313513,878.2711268911072,900.0485229492188,20776988
2020-12-28 00:00:00+05:30,905.7129083554405,910.8131178458168,900.5675716632815,904.1783447265625,17221499
2020-12-29 00:00:00+05:30,906.7509753463718,908.2404117114976,894.8128611333499,898.197998046875,18611939
2020-12-30 00:00:00+05:30,900.544896853225,905.9384324891365,891.6534065904553,900.65771484375,22043630
2020-12-31 00:00:00+05:30,899.7551043755919,908.0598221912284,893.0300772883096,896.0540771484375,18781189
2021-01-01 00:00:00+05:30,897.2726941006515,901.3347986266252,894.5646443140231,897.0470581054688,10015175
2021-01-04 00:00:00+05:30,900.4773476672782,902.1924201612024,888.2459057329365,898.5591430664062,24513534
2021-01-05 00:00:00+05:30,888.6971735420237,895.286819208082,882.8296824610696,887.3883056640625,24123091
2021-01-06 00:00:00+05:30,887.2980461940915,887.3431733969305,859.8789129484342,863.9861450195312,46401468
2021-01-07 00:00:00+05:30,866.8069025676972,877.8648566159659,859.878803357666,862.5868530273438,32325918
2021-01-08 00:00:00+05:30,865.6786654184649,874.8861072218933,863.015742571038,872.7647705078125,27540187
2021-01-11 00:00:00+05:30,875.0665690475399,875.0665690475399,854.1693322211945,856.313232421875,33307825
2021-01-12 00:00:00+05:30,858.9085175986027,884.635142526268,857.5093355120424,883.3037109375,41161546
2021-01-13 00:00:00+05:30,886.2373008139729,891.3826371793065,865.8817107313442,875.0665283203125,26619458
2021-01-14 00:00:00+05:30,877.8649064942006,887.7493749036234,875.1794202704835,884.9058837890625,21553242
2021-01-15 00:00:00+05:30,884.9058318391973,890.86357691647,866.6038285437963,874.4572143554688,20593268
2021-01-18 00:00:00+05:30,879.7154269171596,901.3348178565226,868.093322463363,895.4447631835938,35100458
2021-01-19 00:00:00+05:30,900.2741645341835,916.6805284572496,900.2741645341835,910.0909423828125,32006615
2021-01-20 00:00:00+05:30,912.3476352561834,928.8668167227358,903.3207030552749,927.3773803710938,30924537
2021-01-21 00:00:00+05:30,939.6991037539394,956.8501859101181,936.539722158253,947.552490234375,39087742
2021-01-22 00:00:00+05:30,952.7880171566991,954.7514084138397,918.5535459475058,925.0755004882812,30532660
2021-01-25 00:00:00+05:30,918.4633177239738,918.4633177239738,871.9974047459384,876.0595092773438,54207104
2021-01-27 00:00:00+05:30,868.8380990078514,868.8380990078514,852.1383477435087,855.2977294921875,42370131
2021-01-28 00:00:00+05:30,848.5951547796549,868.0707040284875,844.0140279643443,846.9703369140625,34067814
2021-01-29 00:00:00+05:30,854.9816691410504,863.4669551342889,825.9602253530458,831.3538208007812,43712383
2021-02-01 00:00:00+05:30,839.2298143671649,859.8111004411335,834.084477925657,855.43310546875,34180952
2021-02-02 00:00:00+05:30,863.9861301874793,875.6082351731134,837.2214015345261,869.1991577148438,41470034
2021-02-03 00:00:00+05:30,870.3275152709535,881.0243335187519,857.554427887479,871.38818359375,30301696
2021-02-04 00:00:00+05:30,868.3865924082124,875.6081377765653,859.8110520523379,868.5220336914062,25626981
2021-02-05 00:00:00+05:30,871.1173559922115,877.7070019033696,866.5813559125976,868.2738647460938,20248046
2021-02-08 00:00:00+05:30,872.4713450669083,888.6972004305863,870.6660182415897,880.776123046875,21183400
2021-02-09 00:00:00+05:30,885.5152551213864,897.9948961529354,881.1597638793062,882.8973999023438,19604141
2021-02-10 00:00:00+05:30,881.8141615916637,895.8058015904561,869.8760478719553,891.0892333984375,21234156
2021-02-11 00:00:00+05:30,893.6619528050209,931.6652040177879,890.1640575276463,927.8287353515625,42539278
2021-02-12 00:00:00+05:30,927.7384783498696,937.8937101488065,909.6395460369704,921.4647827148438,30497029
2021-02-15 00:00:00+05:30,924.3759353313053,930.3562442810988,913.9724445678881,917.4026489257812,15791099
2021-02-16 00:00:00+05:30,920.6298293819443,938.5256299749142,918.4859291608079,929.5438842773438,21421660
2021-02-17 00:00:00+05:30,929.7694401272191,945.9952940995148,925.5268269442237,940.2632446289062,23742994
2021-02-18 00:00:00+05:30,941.0531936529034,951.6146304224952,929.3633380518262,933.2449340820312,18646877
2021-02-19 00:00:00+05:30,928.4155748873733,950.057531280179,926.7455698840593,938.931884765625,23403483
2021-02-22 00:00:00+05:30,938.7964367473062,943.2647459186029,900.4096042931712,906.3447265625,23804335
2021-02-23 00:00:00+05:30,924.3534067368045,926.5649977273687,908.8271426020757,913.2728881835938,25644108
2021-02-24 00:00:00+05:30,916.2291858661802,932.1390906998175,914.4914901976813,930.2208862304688,10807663
2021-02-25 00:00:00+05:30,936.9911168438915,971.2932834620615,935.6370619592543,967.8405151367188,34855693
2021-02-26 00:00:00+05:30,955.4962007136306,963.123891576847,934.5989040579532,941.4142456054688,37481215
2021-03-01 00:00:00+05:30,952.4269850885058,953.2394537638484,930.897848571293,948.590576171875,17680764
2021-03-02 00:00:00+05:30,957.752856616694,961.3635697154016,942.9036206682259,950.5313110351562,17150760
2021-03-03 00:00:00+05:30,957.3241916036291,1001.9395950498023,951.0730591903954,993.9056396484375,31924461
2021-03-04 00:00:00+05:30,983.9308164628377,988.4216890350315,973.865839474236,982.0577392578125,21435754
2021-03-05 00:00:00+05:30,973.0985088715871,998.3512343189884,971.7670178094675,983.343994140625,25511666
2021-03-08 00:00:00+05:30,978.7403773670584,1007.3556183257853,978.5147413680846,988.9407958984375,19506841
2021-03-09 00:00:00+05:30,992.9577540495018,999.1863226399736,968.8560080852714,988.918212890625,15154484
2021-03-10 00:00:00+05:30,996.1170650342842,999.7729648087808,979.5301344618674,984.8108520507812,11519358
2021-03-12 00:00:00+05:30,990.7010789298332,995.846415828836,958.6105036545637,964.7939453125,16864952
2021-03-15 00:00:00+05:30,965.899662068002,969.894016181107,939.022056998036,951.8402709960938,16698099
2021-03-16 00:00:00+05:30,954.142054646313,959.558213666829,945.7922099765842,948.0940551757812,13873801
2021-03-17 00:00:00+05:30,946.9431947370554,949.1773492874154,918.5310260738679,927.6707763671875,19210236
2021-03-18 00:00:00+05:30,935.5918307044085,940.9628627496759,903.1401815146905,906.7960815429688,20647480
2021-03-19 00:00:00+05:30,898.6267197251416,945.9501672736187,894.925692603433,939.6990356445312,41787429
2021-03-22 00:00:00+05:30,934.7343179799378,936.088313055874,917.6734905482226,930.8527221679688,18572478
2021-03-23 00:00:00+05:30,930.6496079854647,952.2013071535108,927.9641218620927,942.1814575195312,17421165
2021-03-24 00:00:00+05:30,938.6835805295864,938.6835805295864,920.9232211318065,924.0374755859375,16822814
2021-03-25 00:00:00+05:30,927.0614339788925,927.0614339788925,895.9186520687285,898.829833984375,22001648
2021-03-26 00:00:00+05:30,908.1049928320286,908.8722746334809,890.818529006779,900.274169921875,20180202
2021-03-30 00:00:00+05:30,906.2996230548414,924.7596332154852,898.8750045089173,915.9132690429688,20441701
2021-03-31 00:00:00+05:30,910.8130997767836,925.210945158364,902.2374989986004,904.0880126953125,16250796
2021-04-01 00:00:00+05:30,910.813145160988,916.2292452262719,904.1106213459858,912.55078125,11723312
2021-04-05 00:00:00+05:30,913.9499774544976,913.9725410564147,885.5829932474485,899.3489990234375,14875099
2021-04-06 00:00:00+05:30,904.4943360038118,904.9231041323316,888.6972479019207,895.6028442382812,14009194
2021-04-07 00:00:00+05:30,902.6888544411458,923.8569132620463,899.6648545655975,903.9751586914062,24266353
2021-04-08 00:00:00+05:30,907.6536202120652,912.6183880971798,899.529411169469,905.103515625,15369188
2021-04-09 00:00:00+05:30,901.9892738152234,905.5548598128081,893.661932570132,894.5872192382812,14037885
2021-04-12 00:00:00+05:30,884.1836789732539,885.2669107795369,857.6672125480122,862.5868530273438,20901482
2021-04-13 00:00:00+05:30,868.3866470158723,875.8790157297038,865.6109063786529,871.9071655273438,19411189
2021-04-15 00:00:00+05:30,869.4247410901053,885.0863863250735,863.421868505896,877.5489501953125,19723716
2021-04-16 00:00:00+05:30,874.0736236379038,880.0764962565872,869.492436882543,872.0425415039062,15656948
2021-04-19 00:00:00+05:30,859.3598210383852,864.9564895083129,853.0409979470431,858.3217163085938,18478808
2021-04-20 00:00:00+05:30,862.2934748740392,866.1298835841033,853.2440391612164,858.0734252929688,17203668
2021-04-22 00:00:00+05:30,854.05647971313,864.0763296197583,847.0380660893645,860.4429931640625,14490954
2021-04-23 00:00:00+05:30,860.2624793969826,866.084783440233,855.4556567138424,859.5177612304688,11828857
2021-04-26 00:00:00+05:30,866.5812978436229,885.5377655993291,862.7448293401166,874.6377563476562,20846778
2021-04-27 00:00:00+05:30,875.6081964100579,901.4250736005504,874.8183510247649,897.5661010742188,19992524
2021-04-28 00:00:00+05:30,901.7185351920124,906.2996626850728,893.729766581547,901.4702758789062,17122437
2021-04-29 00:00:00+05:30,913.0246189844161,922.7737059327087,905.9837012820783,913.543701171875,17412606
2021-04-30 00:00:00+05:30,906.52536632468,918.9373173233724,897.0697247389294,900.20654296875,19828769
2021-05-03 00:00:00+05:30,887.3431780134558,893.2106694861402,877.007436823715,884.2063598632812,23640186
2021-05-04 00:00:00+05:30,880.1216239409943,888.1555786981006,862.5192105636345,865.0466918945312,21849830
2021-05-05 00:00:00+05:30,868.0933987760891,874.9312446342352,861.1878024199247,866.6265258789062,12393609
2021-05-06 00:00:00+05:30,867.4163469186785,873.3515291463112,860.5333143582229,871.546142578125,14624666
2021-05-07 00:00:00+05:30,874.5926322966467,882.6717141211767,869.289350739611,871.8845825195312,12288548
2021-05-10 00:00:00+05:30,875.1568139833493,878.6772726130321,867.0100416182049,869.3795776367188,13941237
2021-05-11 00:00:00+05:30,864.3245797004668,874.9537063750458,862.0678019203975,872.5164794921875,13478264
2021-05-12 00:00:00+05:30,871.1399384169831,872.4036791691951,860.7138832120156,863.4896240234375,13177961
2021-05-14 00:00:00+05:30,870.2145443263449,876.5108030934095,860.2624453618109,874.3895263671875,13291616
2021-05-17 00:00:00+05:30,874.3895393110239,886.1921519936135,871.2752254332202,884.7930297851562,11873078
2021-05-18 00:00:00+05:30,894.1133650520243,903.8623926091062,890.2768962963072,897.2501831054688,12064918
2021-05-19 00:00:00+05:30,893.6619198826413,910.1134700489604,890.0512067367108,901.3573608398438,16317002
2021-05-20 00:00:00+05:30,901.7410386469029,907.6085298258828,894.1133478678807,896.0992431640625,11422532
2021-05-21 00:00:00+05:30,899.0781478980009,907.0217890570246,896.3700979084354,903.83984375,10785605
2021-05-24 00:00:00+05:30,906.2995769189343,907.1120455871035,894.5646545808229,896.2120361328125,8551760
2021-05-25 00:00:00+05:30,901.0640676586617,901.33489057257,884.6351390826914,886.056884765625,14780102
2021-05-26 00:00:00+05:30,891.4051749417887,893.4362569865272,887.0271801611135,889.1710205078125,7480204
2021-05-27 00:00:00+05:30,889.283937975624,899.5294239766795,885.6506014850115,891.9017333984375,26819294
2021-05-28 00:00:00+05:30,898.1754320907405,950.0800090423911,898.1754320907405,945.476318359375,56469931
2021-05-31 00:00:00+05:30,948.7259715836556,989.2115769657272,941.0757172389948,975.0393676757812,59124142
2021-06-01 00:00:00+05:30,977.6120318921522,993.860450495012,968.8107952002592,978.9209594726562,28013832
2021-06-02 00:00:00+05:30,973.5499025688986,997.2455024822107,973.5499025688986,993.5219116210938,24630162
2021-06-03 00:00:00+05:30,1002.4358843892015,1015.5249208069228,991.1974809457165,997.3131713867188,23974257
2021-06-04 00:00:00+05:30,999.6376236399614,1000.38234182816,985.8490553582253,988.6699829101562,14468646
2021-06-07 00:00:00+05:30,993.8604848949419,1011.9142309078353,986.1876070242225,1005.3245849609375,16336573
2021-06-08 00:00:00+05:30,1004.9635226595291,1005.2117222594065,992.1227450436447,999.54736328125,9674735
2021-06-09 00:00:00+05:30,1001.5331405606394,1002.4358038379877,973.9785710074515,981.6740112304688,11409161
2021-06-10 00:00:00+05:30,989.9789185964415,1006.4981611610059,982.8251227181646,985.2849731445312,14155653
2021-06-11 00:00:00+05:30,988.6745196444147,1009.1011338517071,987.4063134106076,1002.375244140625,13762778
2021-06-14 00:00:00+05:30,1003.2133236938203,1022.8019971914159,994.1775627019242,1016.7555541992188,20332436
2021-06-15 00:00:00+05:30,1024.04738247787,1030.3428892787051,1014.6719292575741,1019.0652465820312,15174215
2021-06-16 00:00:00+05:30,1016.755357809192,1017.7290947897937,999.0688775364099,1001.6731567382812,10797349
2021-06-17 00:00:00+05:30,996.4193416411849,1012.2714997953356,987.315715260484,1003.5075073242188,15745975
2021-06-18 00:00:00+05:30,1007.9687553467284,1012.2715036865906,989.3311797612216,1008.0366821289062,29369026
2021-06-21 00:00:00+05:30,998.0046053152495,1017.9329096042337,996.4873342427861,1013.29052734375,12186448
2021-06-22 00:00:00+05:30,1020.8769459855561,1024.0474616919707,1005.1833424900376,1008.08203125,12871913
2021-06-23 00:00:00+05:30,1019.0653658677555,1019.3370730246654,997.1894056266616,998.8425903320312,16653951
2021-06-24 00:00:00+05:30,999.5219522378009,1003.0320420254984,969.24439537304,975.3587646484375,91461975
2021-06-25 00:00:00+05:30,975.3587188779936,975.3587188779936,942.5674531142881,953.14306640625,55355022
2021-06-28 00:00:00+05:30,961.0918688993542,963.1299720367883,942.5222185353294,944.7868041992188,20277042
2021-06-29 00:00:00+05:30,946.3720075153033,955.2039275943256,943.9262837366043,945.60205078125,27144063
2021-06-30 00:00:00+05:30,949.4291830957576,961.3862145219897,947.0740283906408,955.9512329101562,19762858
2021-07-01 00:00:00+05:30,959.2802038142157,961.6127163035006,948.863085632743,950.19921875,12534407
2021-07-02 00:00:00+05:30,949.7688855828178,966.0286658416347,947.9345627995748,964.284912109375,14086620
2021-07-05 00:00:00+05:30,967.6364952540457,975.3814069298204,965.3945518663345,973.8641357421875,11702287
2021-07-06 00:00:00+05:30,971.4863144110957,973.2752927037599,960.2765977537204,962.3599853515625,10070124
2021-07-07 00:00:00+05:30,963.6961219133111,963.6961219133111,950.2218196134942,955.679443359375,10454892
2021-07-08 00:00:00+05:30,958.8046409163389,958.8046409163389,942.522218479792,947.7760620117188,11185460
2021-07-09 00:00:00+05:30,945.692616426164,947.3684433649398,935.7737479702222,938.0836181640625,9037675
2021-07-12 00:00:00+05:30,941.9560942078473,951.8070963001355,939.5782970994512,943.9263305664062,8585292
2021-07-13 00:00:00+05:30,951.1276138236502,952.5090313833667,945.7152147930674,950.9917602539062,6717133
2021-07-14 00:00:00+05:30,951.2861518765445,954.2301252196338,942.6354298484742,944.7868041992188,8532544
2021-07-15 00:00:00+05:30,948.8630578642602,948.8630578642602,941.3899132919198,943.1336669921875,9448356
2021-07-16 00:00:00+05:30,945.5793426478567,957.8081403899708,945.5114158643191,956.7437744140625,8828185
2021-07-19 00:00:00+05:30,951.1275859545519,961.9976083202988,947.6174964042133,950.6520385742188,8354449
2021-07-20 00:00:00+05:30,950.9010950356152,954.7509382666392,943.8809159970199,948.3194580078125,6741464
2021-07-22 00:00:00+05:30,959.7330340406753,961.9523350417173,950.289713605715,960.5029907226562,7972397
2021-07-23 00:00:00+05:30,966.7306251488294,966.7306251488294,952.0560439551456,953.709228515625,9937030
2021-07-26 00:00:00+05:30,954.750983452507,960.6388700312618,938.0382987131833,940.642578125,12389668
2021-07-27 00:00:00+05:30,940.6199818363403,943.7450933231961,924.8584510240973,930.746337890625,10824523
2021-07-28 00:00:00+05:30,932.1051326635076,932.1051326635076,913.1957878078247,922.7523803710938,12897848
2021-07-29 00:00:00+05:30,930.2933070796137,939.5328466147575,925.4923692829198,929.95361328125,13765738
2021-07-30 00:00:00+05:30,932.1051183084293,936.6116474595756,919.9216040760916,921.8239135742188,11350608
2021-08-02 00:00:00+05:30,930.4293230086479,941.7975357253354,924.4734496016514,938.6724243164062,10925104
2021-08-03 00:00:00+05:30,946.5984271599676,947.0513322851771,934.9131634487219,945.579345703125,11817299
2021-08-04 00:00:00+05:30,948.5912282263394,957.4684320780918,945.2396345210956,952.8260498046875,13169800
2021-08-05 00:00:00+05:30,957.604315821072,975.9474827845528,953.0525024475675,966.6400756835938,21252078
2021-08-06 00:00:00+05:30,964.6925186543999,972.3921457790564,941.5031281309346,946.168212890625,16620987
2021-08-09 00:00:00+05:30,942.5221349162108,946.5078316871239,935.9548011334763,940.7783813476562,7494143
2021-08-10 00:00:00+05:30,942.9750770172923,957.0155553586313,939.238504866793,945.7152099609375,11919198
2021-08-11 00:00:00+05:30,949.7461759426325,960.1859355324891,943.6091647712293,958.9630737304688,9184963
2021-08-12 00:00:00+05:30,962.4052906590396,962.9941092821113,953.3922326146494,955.88330078125,8137612
2021-08-13 00:00:00+05:30,958.9631450993386,973.7282964676544,955.1812882059611,971.8033447265625,12780901
2021-08-16 00:00:00+05:30,973.4791642916643,997.7782056289792,963.8772875225334,984.4171142578125,21935444
2021-08-17 00:00:00+05:30,982.3111087496648,989.7162669243918,972.7998007947025,980.2276611328125,12658169
2021-08-18 00:00:00+05:30,984.6435653646352,990.4408829212671,974.9511198541776,984.0321044921875,10075860
2021-08-20 00:00:00+05:30,970.6030393085123,983.7376470917055,967.88554870858,972.9808959960938,9426282
2021-08-23 00:00:00+05:30,984.6435509846982,984.6435509846982,965.7568499022403,979.3670654296875,9854395
2021-08-24 00:00:00+05:30,980.5899239821464,992.7960796490014,976.3098177521405,989.036865234375,11864472
2021-08-25 00:00:00+05:30,989.8068486851395,1005.4778098902966,987.4063495975512,997.5969848632812,13380559
2021-08-26 00:00:00+05:30,1000.0427614622415,1016.7554463089577,998.6839861429403,1010.2107543945312,18589616
2021-08-27 00:00:00+05:30,1013.1773788430729,1015.7817181947378,1003.6887734868195,1008.829345703125,10480636
2021-08-30 00:00:00+05:30,1019.0652631807153,1030.7732288164937,1013.0867479284576,1028.23681640625,14027062
2021-08-31 00:00:00+05:30,1031.2486961976206,1034.351165067264,1015.5550939662595,1022.7565307617188,26485463
2021-09-01 00:00:00+05:30,1029.4825691995866,1038.4956282529236,1024.9533974079704,1026.810302734375,11145486
2021-09-02 00:00:00+05:30,1021.32982832915,1045.2438888621152,1021.32982832915,1039.1748046875,9956770
2021-09-03 00:00:00+05:30,1046.2402142010292,1084.7382844176575,1042.8433961232756,1081.7943115234375,30664428
2021-09-06 00:00:00+05:30,1092.8909697996994,1123.2365131929273,1092.4380047519112,1098.5977783203125,33641710
2021-09-07 00:00:00+05:30,1100.5904921516135,1113.272195169168,1092.4379602260194,1105.52734375,17349882
2021-09-08 00:00:00+05:30,1110.5547152662286,1111.460525484485,1090.01483063056,1101.201904296875,14301651
2021-09-09 00:00:00+05:30,1099.6394421897962,1104.145971203985,1094.2950296674799,1098.5977783203125,8963249
2021-09-13 00:00:00+05:30,1101.9492019199529,1101.9492019199529,1072.5322338327235,1074.117431640625,16311160
2021-09-14 00:00:00+05:30,1075.6801166083583,1084.2854942866497,1071.6037904973264,1072.7135009765625,8908356
2021-09-15 00:00:00+05:30,1072.7360805602518,1085.0780298856923,1072.7360805602518,1077.1746826171875,9071075
2021-09-16 00:00:00+05:30,1078.6466838742622,1103.6476943262978,1072.0567074838173,1099.7752685546875,13448882
2021-09-17 00:00:00+05:30,1107.8371172912175,1112.2983612101125,1075.9516645338,1082.7227783203125,34882133
2021-09-20 00:00:00+05:30,1074.3664868663025,1095.3139316833478,1073.415392150155,1084.4439697265625,11779819
2021-09-21 00:00:00+05:30,1089.2675674362638,1094.521410709491,1079.756260196694,1089.1317138671875,9915736
2021-09-22 00:00:00+05:30,1090.6264428510565,1106.0255780999046,1086.210482648724,1100.817138671875,10995912
2021-09-23 00:00:00+05:30,1108.4713001643795,1130.9360171926044,1107.6107744419755,1127.7203369140625,15748397
2021-09-24 00:00:00+05:30,1133.9027316972313,1134.7632574948414,1119.6131874834832,1124.4593505859375,15192163
2021-09-27 00:00:00+05:30,1126.4069614315592,1145.837138258342,1121.1078331879216,1143.36865234375,15373834
2021-09-28 00:00:00+05:30,1147.6939414575027,1161.689135216267,1138.092065214608,1154.0574951171875,18035258
2021-09-29 00:00:00+05:30,1163.9991145771864,1163.9991145771864,1141.3758992926414,1144.90869140625,9719875
2021-09-30 00:00:00+05:30,1143.6178894191034,1147.965922997723,1132.4534560345573,1141.0135498046875,13590654
2021-10-01 00:00:00+05:30,1133.1779894261922,1150.320936930379,1130.0302358504632,1143.0289306640625,8958928
2021-10-04 00:00:00+05:30,1156.2993722307872,1166.1955973057436,1149.075293250508,1157.72607421875,10918552
2021-10-05 00:00:00+05:30,1157.2505376163047,1183.0216242133338,1153.7403880823629,1181.75341796875,13533634
2021-10-06 00:00:00+05:30,1186.6221652780882,1186.6221652780882,1155.438860897584,1159.40185546875,10258881
2021-10-07 00:00:00+05:30,1175.3219190109808,1177.0204479976474,1162.9573276219362,1165.0860595703125,6336665
2021-10-08 00:00:00+05:30,1170.906015220909,1215.8129290316733,1169.207605953432,1209.8570556640625,15772493
2021-10-11 00:00:00+05:30,1223.5122910944801,1231.9365290333708,1198.1262461853553,1201.4324951171875,14768666
2021-10-12 00:00:00+05:30,1197.9678831315707,1215.1787568517786,1196.269354160262,1208.2943115234375,6682011
2021-10-13 00:00:00+05:30,1213.3671067441883,1231.7103344750674,1208.9737889938256,1220.5911865234375,9959762
2021-10-14 00:00:00+05:30,1223.0369280495506,1230.7818997818822,1217.0810544912147,1223.0595703125,8623469
2021-10-18 00:00:00+05:30,1208.6567177514992,1243.2596035729455,1205.8033136478314,1226.320556640625,13594479
2021-10-19 00:00:00+05:30,1233.6578296621897,1246.1357531841286,1226.501796349313,1237.3038330078125,8833409
2021-10-20 00:00:00+05:30,1242.2406818392346,1242.2406818392346,1219.0286485058555,1223.0595703125,12710570
2021-10-21 00:00:00+05:30,1235.2883536749923,1235.5600608138357,1179.0358711096487,1187.7772216796875,20831669
2021-10-22 00:00:00+05:30,1186.6449281501523,1206.9810344630644,1182.7951444896785,1189.99658203125,11027475
2021-10-25 00:00:00+05:30,1213.8201056097269,1213.8201056097269,1163.9990998346134,1178.40185546875,17198417
2021-10-26 00:00:00+05:30,1185.3315195274101,1208.7926167498356,1179.013250231775,1205.2371826171875,9750178
2021-10-27 00:00:00+05:30,1201.138372284091,1212.3707315877277,1186.6222858874532,1189.99658203125,9896298
2021-10-28 00:00:00+05:30,1186.644837678606,1194.77472717133,1173.283867099268,1176.952392578125,9886181
2021-10-29 00:00:00+05:30,1175.8428779756357,1175.8428779756357,1133.0648156155328,1148.713134765625,14233025
2021-11-01 00:00:00+05:30,1148.7131311991511,1157.6582624374937,1129.6225892164332,1149.4151611328125,15481114
2021-11-02 00:00:00+05:30,1152.6759743257276,1154.0347494893902,1130.1433322293192,1132.656982421875,10569130
2021-11-03 00:00:00+05:30,1135.034999269857,1141.353269066621,1114.6310849978502,1124.8670654296875,11989430
2021-11-04 00:00:00+05:30,1129.1016597099565,1134.514118637374,1127.7656464746356,1131.77392578125,1705656
2021-11-08 00:00:00+05:30,1141.0813257713814,1141.3531527093287,1112.5475239087214,1133.177978515625,20337183
2021-11-09 00:00:00+05:30,1134.5593339553402,1145.384011549245,1126.429444729638,1142.123046875,15682497
2021-11-10 00:00:00+05:30,1139.8585280650227,1158.56403111527,1133.9479393972968,1154.8953857421875,10253470
2021-11-11 00:00:00+05:30,1150.4341308509872,1164.2254244154967,1148.3959679290283,1157.00146484375,10722478
2021-11-12 00:00:00+05:30,1160.783343266853,1177.0204805624614,1158.1110771767962,1174.46142578125,8712341
2021-11-15 00:00:00+05:30,1177.5867054893083,1178.5832047502897,1163.9991900791144,1167.531982421875,4803269
2021-11-16 00:00:00+05:30,1164.9273785910239,1166.2635115241296,1130.030145313062,1140.4019775390625,11337581
2021-11-17 00:00:00+05:30,1131.819326460902,1131.819326460902,1114.631092727357,1115.9898681640625,10202029
2021-11-18 00:00:00+05:30,1114.1781038166205,1127.3127730233773,1109.6715745881545,1120.201904296875,8505625
2021-11-22 00:00:00+05:30,1103.3533407297432,1109.1960026578379,1064.8099816539602,1070.584716796875,24124307
2021-11-23 00:00:00+05:30,1056.6800550508478,1087.5691305828452,1045.7874503355001,1080.5941162109375,25326999
2021-11-24 00:00:00+05:30,1077.9446209027212,1091.4868494573443,1061.4357769402945,1064.9912109375,16820296
2021-11-25 00:00:00+05:30,1074.7742721480843,1133.2006528139436,1067.5954770563671,1129.1016845703125,42401936
2021-11-26 00:00:00+05:30,1117.7108501017365,1122.149452357917,1087.6824179851199,1092.7098388671875,15763138
2021-11-29 00:00:00+05:30,1104.7121238946838,1132.2948314861248,1086.5953193762673,1105.799072265625,24325354
2021-11-30 00:00:00+05:30,1117.8012696969345,1121.3793456985663,1081.9528225027632,1089.4486083984375,32172299
2021-12-01 00:00:00+05:30,1101.9493776790864,1120.519028933976,1098.3713010103995,1117.3486328125,10104610
2021-12-02 00:00:00+05:30,1118.5714698041102,1130.5737867535804,1114.9028239659328,1124.52734375,12720411
2021-12-03 00:00:00+05:30,1131.5700865288095,1131.6153710496726,1087.0029299803193,1090.739501953125,19222481
2021-12-06 00:00:00+05:30,1094.2498569399281,1098.326063585159,1067.5955985919252,1070.06396484375,10332254
2021-12-07 00:00:00+05:30,1076.2008936152106,1088.814549469748,1068.8862454989733,1078.782470703125,11235122
2021-12-08 00:00:00+05:30,1097.9183562650253,1101.405743762558,1089.8563933091182,1095.2008056640625,8744178
2021-12-09 00:00:00+05:30,1102.8551026436394,1120.9265028973477,1098.3259314492311,1112.5701904296875,13213547
2021-12-10 00:00:00+05:30,1105.2328712872275,1116.8955527047663,1100.7489847314073,1113.7025146484375,8364414
2021-12-13 00:00:00+05:30,1120.2924973928066,1120.5642045309762,1088.8146024741634,1091.3736572265625,12901733
2021-12-14 00:00:00+05:30,1077.9447685198427,1089.7206627192115,1074.9555104415622,1078.0126953125,12991523
2021-12-15 00:00:00+05:30,1079.7563157042177,1089.2676234327396,1069.38448219365,1074.8648681640625,9366969
2021-12-16 00:00:00+05:30,1089.5846504628314,1094.0232528934675,1072.8040976676455,1088.7694091796875,9761279
2021-12-17 00:00:00+05:30,1086.1199416955528,1090.6264710688479,1050.7696168986836,1060.0318603515625,21049821
2021-12-20 00:00:00+05:30,1049.7958677716224,1049.7958677716224,1017.7519129116022,1031.4527587890625,14325846
2021-12-21 00:00:00+05:30,1046.8519251541745,1062.545530320319,1038.1786200134966,1046.806640625,12836561
2021-12-22 00:00:00+05:30,1052.9889486908655,1074.276151843881,1051.6755775302054,1071.649169921875,17658543
2021-12-23 00:00:00+05:30,1075.2270326442374,1077.944583084397,1068.0030733980013,1071.2640380859375,9072401
2021-12-24 00:00:00+05:30,1073.4155095265614,1083.3796623765666,1058.718285237532,1074.6837158203125,7886494
2021-12-27 00:00:00+05:30,1069.588333994207,1077.0388360812635,1063.4966072069749,1073.5286865234375,4017223
2021-12-28 00:00:00+05:30,1075.9516508475376,1089.1995288788441,1074.7967758285763,1086.2781982421875,6374613
2021-12-29 00:00:00+05:30,1082.9266955421135,1095.60839765478,1078.8956544896844,1088.13525390625,15425312
2021-12-30 00:00:00+05:30,1087.0030029803643,1089.2449463146104,1062.3642685656102,1068.4786376953125,29333171
2021-12-31 00:00:00+05:30,1074.7741732718725,1079.710904759357,1068.8862272626782,1072.5775146484375,9477290
2022-01-03 00:00:00+05:30,1071.150790940942,1090.6036067166367,1070.4940456132024,1088.74658203125,5421611
2022-01-04 00:00:00+05:30,1094.2042008290766,1114.6307512486237,1088.814385261349,1113.3172607421875,10847728
2022-01-05 00:00:00+05:30,1115.0840198447643,1121.877776996668,1101.9267085410534,1118.526123046875,11643813
2022-01-06 00:00:00+05:30,1110.1924425923644,1111.4606489189575,1091.0792578429503,1094.4761962890625,14447422
2022-01-07 00:00:00+05:30,1101.0207557139988,1113.294777565113,1092.2341211399646,1103.3079833984375,13112115
2022-01-10 00:00:00+05:30,1110.5547786779957,1112.8193642531028,1094.2723568788356,1104.2138671875,9246731
2022-01-11 00:00:00+05:30,1103.3081569787676,1120.9492358826358,1102.8551919025351,1112.1627197265625,16205164
2022-01-12 00:00:00+05:30,1119.2960312179016,1143.595131948247,1116.4426269818646,1141.851318359375,14800442
2022-01-13 00:00:00+05:30,1141.9192812349345,1150.8644117443653,1136.0992618786104,1148.28271484375,11856712
2022-01-14 00:00:00+05:30,1148.1469975068374,1162.7761757448827,1144.0027445379585,1149.9586181640625,19930176
2022-01-17 00:00:00+05:30,1149.5055923237667,1161.734329339856,1149.0526273304495,1155.9595947265625,8036453
2022-01-18 00:00:00+05:30,1157.091856839492,1160.533959238436,1139.4280204859526,1142.168212890625,6215029
2022-01-19 00:00:00+05:30,1145.882379974198,1151.3173615953267,1136.3710722869748,1142.077880859375,9755485
2022-01-20 00:00:00+05:30,1132.3176461756468,1136.8015335141931,1111.9136106984854,1122.0816650390625,16494486
2022-01-21 00:00:00+05:30,1110.5548482538704,1133.3139167394952,1110.5548482538704,1122.2626953125,13338594
2022-01-24 00:00:00+05:30,1120.9718770080574,1134.4463001586594,1066.6671028591084,1076.99365234375,21868937
2022-01-25 00:00:00+05:30,1064.1533431011624,1081.8624687571998,1043.9758512681215,1074.8875732421875,24510205
2022-01-27 00:00:00+05:30,1058.0163123551283,1067.119939925388,1046.7160258148951,1058.9674072265625,20020431
2022-01-28 00:00:00+05:30,1071.1508364816766,1076.087568078922,1054.5740661673967,1057.9482421875,14667727
2022-01-31 00:00:00+05:30,1068.9769283849403,1089.9017336429354,1067.1651879580827,1080.9339599609375,12143683
2022-02-01 00:00:00+05:30,1090.6263567842825,1096.333045361315,1063.0436492942567,1077.3558349609375,13200509
2022-02-02 00:00:00+05:30,1090.1732649193555,1090.1732649193555,1075.7252273627023,1079.5523681640625,10017691
2022-02-03 00:00:00+05:30,1083.3797131393435,1087.659819731054,1063.0890104902376,1065.6026611328125,9572839
2022-02-04 00:00:00+05:30,1060.2806459968438,1063.654941472206,1051.2675896241456,1055.8873291015625,11061241
2022-02-07 00:00:00+05:30,1060.7338205814565,1067.4370085401163,1043.9757907846413,1049.4561767578125,10714467
2022-02-08 00:00:00+05:30,1055.5931024543218,1068.8862659765236,1046.240291320876,1067.09716796875,12060849
2022-02-09 00:00:00+05:30,1073.9363098694528,1081.2056742872649,1067.9805561051007,1079.5299072265625,11486225
2022-02-10 00:00:00+05:30,1085.055306543387,1085.055306543387,1071.19608713209,1078.420166015625,12464491
2022-02-11 00:00:00+05:30,1074.887506839841,1079.982854527415,1061.6849113374171,1076.314208984375,15943370
2022-02-14 00:00:00+05:30,1059.9412213800138,1066.599124811997,1047.5991516117767,1059.1712646484375,10719633
2022-02-15 00:00:00+05:30,1064.9004831978962,1097.8277206759533,1057.8803043046898,1095.1328125,11212671
2022-02-16 00:00:00+05:30,1100.5904953127101,1101.9492706042658,1085.16871921443,1092.8682861328125,10392840
2022-02-17 00:00:00+05:30,1096.1065786813085,1111.8681080705421,1091.5321231787168,1106.704833984375,12853252
2022-02-18 00:00:00+05:30,1107.1126644779383,1112.5476464311962,1096.129369451274,1098.0543212890625,6775458
2022-02-21 00:00:00+05:30,1092.4379072087868,1103.987376793005,1080.028031731223,1086.9576416015625,11107193
2022-02-22 00:00:00+05:30,1065.6705251768456,1085.146105195485,1063.066305633856,1082.0208740234375,13494914
2022-02-23 00:00:00+05:30,1087.5012562225045,1089.9696221846223,1072.5096827529123,1075.249755859375,7310110
2022-02-24 00:00:00+05:30,1043.975653416375,1059.7825863000533,1016.0759568434702,1021.66943359375,24846650
2022-02-25 00:00:00+05:30,1032.698202879161,1045.3119804850721,1030.954508957098,1034.4420166015625,14570089
2022-02-28 00:00:00+05:30,1015.8948766365417,1072.2151647642706,1015.8948766365417,1068.682373046875,21297446
2022-03-02 00:00:00+05:30,1057.3142599474093,1087.4560239699686,1054.9364629191114,1086.3463134765625,21471786
2022-03-03 00:00:00+05:30,1087.002981514595,1093.7288113845136,1073.4381104672327,1077.1746826171875,10186748
2022-03-04 00:00:00+05:30,1065.7159678106761,1070.8339584078715,1050.928292256373,1053.283447265625,10805667
2022-03-07 00:00:00+05:30,1032.0640445664155,1047.1915918601796,1006.3836454479082,1014.3323974609375,17983310
2022-03-08 00:00:00+05:30,1001.6279629474421,1017.253699474235,987.3610616449254,1012.4979858398438,21289374
2022-03-09 00:00:00+05:30,1012.724579802494,1072.0567736389658,1011.8865764630572,1066.214111328125,20414228
2022-03-10 00:00:00+05:30,1087.0030697416826,1089.2676554769666,1068.8863838594104,1083.492919921875,17980493
2022-03-11 00:00:00+05:30,1076.1555181267943,1091.9850941858494,1076.1555181267943,1086.617919921875,12257423
2022-03-14 00:00:00+05:30,1081.0698447752459,1098.0542977910961,1075.2271823953638,1095.54052734375,8340678
2022-03-15 00:00:00+05:30,1099.6620420875429,1099.6620420875429,1060.2128731362302,1070.4488525390625,15925769
2022-03-16 00:00:00+05:30,1078.850581492875,1090.581191192119,1076.6312801930274,1088.5203857421875,11149828
2022-03-17 00:00:00+05:30,1101.8361008572806,1131.1172183134404,1093.8420644373464,1124.0064697265625,21422098
2022-03-21 00:00:00+05:30,1106.9315283978274,1125.0482148088292,1104.6669425964524,1117.52978515625,11999466
2022-03-22 00:00:00+05:30,1114.2232739689239,1148.124249688356,1111.2794206216663,1146.4031982421875,22557065
2022-03-23 00:00:00+05:30,1142.7120228084564,1161.666592238369,1142.7120228084564,1150.0491943359375,15462187
2022-03-24 00:00:00+05:30,1136.8240104486479,1170.4078760728964,1136.8240104486479,1167.916748046875,13168266
2022-03-25 00:00:00+05:30,1169.660588741769,1184.833300668766,1167.169460657995,1175.70703125,14222488
2022-03-28 00:00:00+05:30,1182.115617621465,1191.0607479382818,1171.4720782015438,1187.528076171875,9891424
2022-03-29 00:00:00+05:30,1194.7973413665754,1194.7973413665754,1180.9381215710694,1187.7998046875,8684065
2022-03-30 00:00:00+05:30,1195.6581430818142,1217.4434746814534,1185.331593767139,1210.6270751953125,15811550
2022-03-31 00:00:00+05:30,1207.003765404827,1209.1551399202813,1190.5402036058347,1193.3255615234375,13223718
2022-04-01 00:00:00+05:30,1193.8916640782966,1207.094259791017,1187.55087204633,1202.882080078125,7922880
2022-04-04 00:00:00+05:30,1202.7010493463663,1211.5556125589212,1196.4508258082542,1206.4376220703125,7929162
2022-04-05 00:00:00+05:30,1200.7307025551163,1209.2456310104756,1186.9620503043643,1189.3851318359375,13149870
2022-04-06 00:00:00+05:30,1171.744039651222,1193.2122590361132,1171.744039651222,1186.2147216796875,12257215
2022-04-07 00:00:00+05:30,1175.3672812713683,1180.3041331292436,1162.6402930619627,1165.2899169921875,15496499
2022-04-08 00:00:00+05:30,1159.4697737682463,1188.909504082465,1159.4697737682463,1184.6746826171875,15152495
2022-04-11 00:00:00+05:30,1177.5866823955819,1195.0467435815697,1169.8871144408708,1182.20654296875,9254209
2022-04-12 00:00:00+05:30,1171.6986884850992,1178.7642727503164,1157.3865016457235,1159.945556640625,13217742
2022-04-13 00:00:00+05:30,1166.0371790472568,1174.2349955581562,1152.9025109003892,1155.68798828125,10354235
2022-04-18 00:00:00+05:30,1147.2410619855225,1159.3792305452218,1142.1683569783831,1152.1551513671875,9974224
2022-04-19 00:00:00+05:30,1158.5639783200388,1208.3849780863475,1155.416224906424,1196.0655517578125,26141820
2022-04-20 00:00:00+05:30,1203.4481327307994,1238.2775602010167,1199.8247720277507,1231.234619140625,25072240
2022-04-21 00:00:00+05:30,1245.9318196263494,1263.1879773228495,1237.3716076586059,1260.0628662109375,21708633
2022-04-22 00:00:00+05:30,1249.5551722154648,1269.075915209395,1242.8972695502077,1249.5098876953125,15054154
2022-04-25 00:00:00+05:30,1242.0822318802027,1249.3288344946673,1206.41491600151,1220.6138916015625,17063215
2022-04-26 00:00:00+05:30,1227.4076394974306,1265.9057172545076,1226.3659755709643,1257.1417236328125,12227666
2022-04-27 00:00:00+05:30,1248.1738072854712,1280.8518611647926,1247.8114113086813,1258.364501953125,19338945
2022-04-28 00:00:00+05:30,1272.6767577965609,1291.269050141953,1261.874601680994,1277.16064453125,25614076
2022-04-29 00:00:00+05:30,1293.6016912062303,1293.6016912062303,1257.8890896131295,1263.75439453125,18214862
2022-05-02 00:00:00+05:30,1250.9593611931234,1270.6612443033114,1249.1702630612974,1259.315673828125,9467006
2022-05-04 00:00:00+05:30,1261.3764403153348,1263.6410258882418,1212.1442565160846,1220.0023193359375,19247660
2022-05-05 00:00:00+05:30,1233.5219702392728,1236.4659436174286,1192.0800401164388,1196.1109619140625,17210669
2022-05-06 00:00:00+05:30,1183.112189870724,1204.3087009820067,1174.6651887519583,1186.9393310546875,19649948
2022-05-09 00:00:00+05:30,1166.2408838499182,1176.2730823033007,1135.465140485421,1140.5831298828125,18083752
2022-05-10 00:00:00+05:30,1130.0301899582084,1144.3423749690376,1113.2721615832613,1120.813232421875,19511677
2022-05-11 00:00:00+05:30,1119.9075231154202,1125.478478168712,1096.9445548183617,1109.3319091796875,16643899
2022-05-12 00:00:00+05:30,1099.4581878859078,1102.7870793042052,1073.4153958980505,1086.731201171875,20490321
2022-05-13 00:00:00+05:30,1098.7789520224087,1122.3306194635952,1093.9553113783713,1099.0506591796875,19308778
2022-05-16 00:00:00+05:30,1102.6059947530612,1123.6892942266647,1094.54403200538,1099.3223876953125,13437911
2022-05-17 00:00:00+05:30,1102.9003909379085,1150.366239393939,1101.496331090796,1145.497314453125,16551828
2022-05-18 00:00:00+05:30,1150.252881038085,1163.998888744779,1136.0312660890313,1149.6640625,17276788
2022-05-19 00:00:00+05:30,1125.0481241931686,1137.956250241304,1116.918234266966,1123.16845703125,14699118
2022-05-20 00:00:00+05:30,1137.95611299257,1197.6959774442455,1133.2005197063886,1188.6602783203125,21793091
2022-05-23 00:00:00+05:30,1191.8534622113486,1201.8403770570499,1174.4161648907582,1180.7117919921875,15252755
2022-05-24 00:00:00+05:30,1180.7572230169496,1194.7975837442214,1176.5450429185616,1184.7655029296875,13527818
2022-05-25 00:00:00+05:30,1193.4387237828619,1203.2670225299603,1178.2658929997126,1183.0216064453125,12714544
2022-05-26 00:00:00+05:30,1188.637781781663,1193.3934954511844,1154.0348942869591,1171.7440185546875,17882023
2022-05-27 00:00:00+05:30,1174.4388502012214,1179.9191164627784,1150.4568600156867,1166.3089599609375,16521973
2022-05-30 00:00:00+05:30,1184.3802630005096,1211.1024440039564,1174.959644745959,1206.9356689453125,13853398
2022-05-31 00:00:00+05:30,1196.3373846577454,1213.2765527152142,1184.697464521731,1192.3743896484375,70620653
2022-06-01 00:00:00+05:30,1193.121675611818,1202.587698682473,1184.9238588339676,1192.7593994140625,9776989
2022-06-02 00:00:00+05:30,1192.98576447725,1237.5755649319342,1192.98576447725,1233.88427734375,22126569
2022-06-03 00:00:00+05:30,1242.8068535360608,1276.0283243723425,1241.9009234208313,1258.8853759765625,23939791
2022-06-06 00:00:00+05:30,1259.1119042533815,1274.5110388345443,1246.3395117355965,1253.4730224609375,11093152
2022-06-07 00:00:00+05:30,1254.5373984290559,1264.1392757142605,1246.452912224144,1255.8282470703125,12358255
2022-06-08 00:00:00+05:30,1255.8281557796806,1259.564728048269,1230.260968517713,1233.7711181640625,12479250
2022-06-09 00:00:00+05:30,1227.4075206691546,1269.5288357275542,1227.4075206691546,1267.60400390625,17278305
2022-06-10 00:00:00+05:30,1255.4432409626409,1263.5957731905057,1223.5577842447772,1229.33251953125,18093057
2022-06-13 00:00:00+05:30,1200.2325310142617,1210.558959942895,1184.9691305419672,1206.0750732421875,17620803
2022-06-14 00:00:00+05:30,1200.254983190731,1210.1285653133782,1183.6780945404187,1190.3133544921875,14714312
2022-06-15 00:00:00+05:30,1185.5352852287417,1194.4804162045639,1170.5210697144335,1175.9107666015625,11195535
2022-06-16 00:00:00+05:30,1188.0035257051024,1204.3312302745605,1156.7521762440374,1159.4697265625,17111475
2022-06-17 00:00:00+05:30,1159.469980153735,1188.8416691150956,1157.7036439406018,1173.0574951171875,24457187
2022-06-20 00:00:00+05:30,1179.851164692969,1185.331550638825,1141.8513382748356,1151.79296875,12066797
2022-06-21 00:00:00+05:30,1159.4697654774316,1174.597191210546,1145.1122963870148,1170.3851318359375,11720049
2022-06-22 00:00:00+05:30,1158.6092618232658,1158.6998308652678,1132.747607320494,1134.8310546875,10617206
2022-06-23 00:00:00+05:30,1139.1111811125647,1143.6177098347453,1107.3842221697334,1116.419921875,19446323
2022-06-24 00:00:00+05:30,1123.2365200121847,1137.2768791745684,1117.8014186070498,1132.3175048828125,14240234
2022-06-27 00:00:00+05:30,1152.6534598644344,1152.6534598644344,1123.9383995696694,1128.9658203125,15474529
2022-06-28 00:00:00+05:30,1124.1877183226331,1147.6714605178865,1124.1877183226331,1144.8406982421875,13572847
2022-06-29 00:00:00+05:30,1135.555858296585,1176.2279518820312,1132.7477384681235,1168.59619140625,19205146
2022-06-30 00:00:00+05:30,1168.5281075997498,1184.7878859438251,1162.1873163749465,1175.6163330078125,23112959
2022-07-01 00:00:00+05:30,1166.218207707014,1173.9630584583938,1071.1507876954663,1090.9432373046875,81997149
2022-07-04 00:00:00+05:30,1077.4689986763794,1106.0254419629423,1071.648979247077,1093.2078857421875,41857728
2022-07-05 00:00:00+05:30,1097.42011751126,1116.3973279805082,1094.7478514073186,1102.0625,17647327
2022-07-06 00:00:00+05:30,1096.1066896148457,1106.0029160314311,1081.568080443144,1092.3701171875,23943726
2022-07-07 00:00:00+05:30,1098.733462298577,1102.0623535548807,1075.6799289511744,1081.6131591796875,23301033
2022-07-08 00:00:00+05:30,1095.155510044553,1095.155510044553,1079.0995110804106,1083.10791015625,19010108
2022-07-11 00:00:00+05:30,1076.3594210782474,1100.046939975301,1073.4154479368833,1097.8277587890625,13847467
2022-07-12 00:00:00+05:30,1088.8145132177926,1104.9837222205626,1088.8145132177926,1096.2650146484375,10778989
2022-07-13 00:00:00+05:30,1099.3677256155834,1102.4022679488555,1074.7742754785731,1076.8349609375,14224132
2022-07-14 00:00:00+05:30,1081.5680252499114,1102.3796184650857,1076.5632467388843,1085.712158203125,16970315
2022-07-15 00:00:00+05:30,1093.7968755659167,1093.7968755659167,1079.348834704648,1087.818359375,9603210
2022-07-18 00:00:00+05:30,1096.5142680086967,1098.3258884954794,1083.5154537448523,1097.0804443359375,15160908
2022-07-19 00:00:00+05:30,1087.1389350761635,1108.2902834767385,1087.1389350761635,1103.806396484375,16439888
2022-07-20 00:00:00+05:30,1150.4114709277653,1151.543703777921,1126.0670869457035,1133.6534423828125,23924246
2022-07-21 00:00:00+05:30,1129.577351299841,1132.2949020971544,1117.484465892399,1126.08984375,16523230
2022-07-22 00:00:00+05:30,1132.29491466853,1139.6774905895736,1130.0303289124045,1133.698974609375,10969995
2022-07-25 00:00:00+05:30,1117.5522733397709,1117.5522733397709,1088.361726850526,1096.242431640625,23110452
2022-07-26 00:00:00+05:30,1096.5595845623452,1106.886133119494,1092.143624721455,1096.74072265625,11303288
2022-07-27 00:00:00+05:30,1096.0387306174957,1099.2317688342157,1087.908840568981,1095.6990966796875,8655086
2022-07-28 00:00:00+05:30,1103.3081533989875,1117.7788361232904,1096.5143960795697,1112.86474609375,12496073
2022-07-29 00:00:00+05:30,1120.8359411287292,1140.0396942059215,1115.989778235377,1136.5748291015625,15130683
2022-08-01 00:00:00+05:30,1140.9681259695833,1172.038340631328,1135.7369249153332,1166.1956787109375,15700044
2022-08-02 00:00:00+05:30,1165.1312476689257,1181.119198519279,1160.1717542868648,1170.6341552734375,13917913
2022-08-03 00:00:00+05:30,1177.5867216579754,1182.1158935235603,1162.8443307296793,1180.4627685546875,14250977
2022-08-04 00:00:00+05:30,1182.1157790494954,1185.6259288355277,1148.1469933470867,1164.859619140625,14467127
2022-08-05 00:00:00+05:30,1166.7167086831898,1167.9847952886944,1144.5010533182249,1147.694091796875,13942438
2022-08-08 00:00:00+05:30,1146.3351396535795,1170.1359894573532,1146.3351396535795,1162.7081298828125,10165178
2022-08-10 00:00:00+05:30,1167.1241099957583,1173.0120563323646,1158.1336946618562,1169.6605224609375,10724688
2022-08-11 00:00:00+05:30,1178.990645714219,1182.0704726435374,1168.618812190309,1173.5556640625,8198226
2022-08-12 00:00:00+05:30,1173.193230375856,1196.3146936661199,1169.5247047340195,1192.5328369140625,12650587
2022-08-16 00:00:00+05:30,1198.511296976361,1203.5387175050762,1189.9512045412775,1200.8211669921875,6607378
2022-08-17 00:00:00+05:30,1207.0263114935751,1212.4160085847718,1202.746205068067,1207.09423828125,6595965
2022-08-18 00:00:00+05:30,1208.6925853891362,1212.7820913718717,1199.6955520359063,1209.2833251953125,7410035
2022-08-19 00:00:00+05:30,1204.148579928399,1209.464997552082,1183.6779742626552,1187.72216796875,9460724
2022-08-22 00:00:00+05:30,1189.1535324408326,1195.651309470641,1175.0672431781986,1184.427734375,9471680
2022-08-23 00:00:00+05:30,1178.7024907985585,1205.6027266806439,1177.4982950302235,1202.694580078125,9678484
2022-08-24 00:00:00+05:30,1199.6500999587201,1213.2365143204822,1197.4917062121833,1199.490966796875,10369622
2022-08-25 00:00:00+05:30,1203.6713213411974,1210.010084840808,1191.6979945608696,1195.9920654296875,7871946
2022-08-26 00:00:00+05:30,1196.4237108559755,1204.1485194816453,1184.6095168359632,1189.6077880859375,10742038
2022-08-29 00:00:00+05:30,1174.6128173581192,1206.4205794013706,1171.4547933496005,1180.3609619140625,19838975
2022-08-30 00:00:00+05:30,1187.790382333822,1201.9902529871206,1170.795945790086,1198.673095703125,23139054
2022-09-01 00:00:00+05:30,1173.5450568236956,1183.6780172121637,1159.0270403092493,1163.4346923828125,19909939
2022-09-02 00:00:00+05:30,1163.4345573963137,1170.2277638288456,1147.6670348863252,1149.84814453125,12999345
2022-09-05 00:00:00+05:30,1150.0754462865928,1173.0224725362493,1150.0754462865928,1167.7060546875,11327815
2022-09-06 00:00:00+05:30,1169.1601553219334,1184.1552111927028,1168.7057123414318,1179.9974365234375,10899618
2022-09-07 00:00:00+05:30,1170.0688269822717,1179.1112920563703,1167.7968526449285,1173.135986328125,7488501
2022-09-08 00:00:00+05:30,1176.0894937430355,1180.5198614611618,1168.2512248209334,1174.79443359375,7057077
2022-09-09 00:00:00+05:30,1185.9727033347192,1185.9727033347192,1165.0704903678632,1167.4788818359375,8314850
2022-09-12 00:00:00+05:30,1168.04668408102,1186.8814864106484,1168.04668408102,1180.5426025390625,7435419
2022-09-13 00:00:00+05:30,1189.607891122723,1194.9243089400052,1181.8832020191865,1190.403076171875,8888657
2022-09-14 00:00:00+05:30,1170.068717981627,1185.9725368614704,1169.0463716919833,1176.1348876953125,8678219
2022-09-15 00:00:00+05:30,1173.7039298739198,1183.0417041001508,1161.7760353689525,1164.479736328125,10365600
2022-09-16 00:00:00+05:30,1155.8689337357673,1160.0721402601105,1131.8995628990685,1135.6256103515625,20217708
2022-09-19 00:00:00+05:30,1135.6256276709717,1146.3038949822844,1127.5146444730447,1137.1024169921875,7580254
2022-09-20 00:00:00+05:30,1146.1903481529216,1153.119972213298,1133.5808482063046,1137.2841796875,8411448
2022-09-21 00:00:00+05:30,1134.5125199123227,1150.9843653188254,1133.7173348356014,1140.419677734375,9207309
2022-09-22 00:00:00+05:30,1129.6275413603653,1137.352229588345,1123.3114939606403,1129.6729736328125,10308170
2022-09-23 00:00:00+05:30,1129.1732182552973,1134.1487732337614,1106.9532313002373,1108.4981689453125,9528051
2022-09-26 00:00:00+05:30,1087.845960638479,1098.6379294477279,1079.257938059937,1080.257568359375,12479523
2022-09-27 00:00:00+05:30,1087.8231145473603,1102.3638454814661,1072.4191704410875,1088.8455810546875,16154822
2022-09-28 00:00:00+05:30,1072.532996783001,1080.55311676986,1057.424358985553,1059.8553466796875,16997059
2022-09-29 00:00:00+05:30,1072.3738473223364,1075.7817488504493,1051.0171916607421,1056.6063232421875,14671827
2022-09-30 00:00:00+05:30,1050.1084789606275,1091.4584634929545,1050.1084789606275,1080.439453125,18613024
2022-10-03 00:00:00+05:30,1086.687337582096,1098.2516553264609,1073.7370949613044,1076.690673828125,11852723
2022-10-04 00:00:00+05:30,1089.5499554327275,1098.7287171700252,1086.0737854797874,1096.547607421875,8948850
2022-10-06 00:00:00+05:30,1103.7271026820092,1113.269322563035,1098.7968595905177,1100.5916748046875,13352162
2022-10-07 00:00:00+05:30,1097.2064333500286,1110.49753632006,1097.2064333500286,1105.249267578125,7714340
2022-10-10 00:00:00+05:30,1092.8216022630288,1098.547030597458,1085.0969133921378,1093.1851806640625,6329527
2022-10-11 00:00:00+05:30,1096.9110251312234,1096.9110251312234,1068.32955827905,1071.41943359375,9215177
2022-10-12 00:00:00+05:30,1068.7386577474495,1082.2342073300697,1064.6944639855953,1079.3033447265625,7417103
2022-10-13 00:00:00+05:30,1077.5540097610362,1087.8232672093102,1072.4193209412924,1082.734130859375,7328492
2022-10-14 00:00:00+05:30,1097.3655839798673,1097.9790399185752,1076.5088032110611,1077.23583984375,9106089
2022-10-17 00:00:00+05:30,1070.1018190034106,1096.911067683068,1064.9216983657,1094.5255126953125,16729355
2022-10-18 00:00:00+05:30,1100.5462980220425,1119.1765361724479,1099.7056807153497,1113.83740234375,12415820
2022-10-19 00:00:00+05:30,1115.314085328947,1148.6440655761994,1109.4977929604431,1133.21728515625,19247142
2022-10-20 00:00:00+05:30,1129.1734452455337,1144.6228248019718,1129.1734452455337,1136.261962890625,8717053
2022-10-21 00:00:00+05:30,1139.4880471639096,1143.6231056125362,1120.9942254138175,1123.0843505859375,8243452
2022-10-24 00:00:00+05:30,1117.8133802746593,1137.1252236758137,1115.6778227953112,1126.8331298828125,3370033
2022-10-25 00:00:00+05:30,1135.5348605120162,1135.5348605120162,1107.8167232856267,1109.4298095703125,12233241
2022-10-27 00:00:00+05:30,1116.904583955269,1121.6530982836084,1105.453847178534,1113.7919921875,12513059
2022-10-28 00:00:00+05:30,1120.0852998000876,1151.893061521459,1117.5634478847232,1147.8717041015625,17609592
2022-10-31 00:00:00+05:30,1154.6194450652783,1163.6846262416873,1150.62068370947,1158.5272216796875,12419943
2022-11-01 00:00:00+05:30,1181.428769564145,1181.428769564145,1139.6244632866772,1149.552978515625,13963166
2022-11-02 00:00:00+05:30,1150.666129478395,1158.7998289194838,1142.8051438822936,1156.7322998046875,8981896
2022-11-03 00:00:00+05:30,1149.5530246719463,1163.0485752218901,1147.3719146666933,1161.0491943359375,6693449
2022-11-04 00:00:00+05:30,1160.4810755593053,1181.428720196316,1159.2088516372303,1178.1343994140625,12575815
2022-11-07 00:00:00+05:30,1177.3392175630618,1186.1090891689403,1169.6145286927685,1184.427734375,11789748
2022-11-09 00:00:00+05:30,1186.1090519678319,1191.4027533204435,1176.9074538352093,1183.246337890625,11254205
2022-11-10 00:00:00+05:30,1176.8848340514855,1179.8611290593667,1164.616195791804,1168.9329833984375,5966242
2022-11-11 00:00:00+05:30,1181.428793587036,1197.787058206641,1175.9760787775724,1195.878662109375,12310132
2022-11-14 00:00:00+05:30,1195.4015009715274,1200.5134736804264,1183.7689145270133,1190.0850830078125,9043112
2022-11-15 00:00:00+05:30,1191.5617725862496,1193.4247362453084,1176.8847439241665,1184.745849609375,7086433
2022-11-16 00:00:00+05:30,1185.9727580356148,1188.6764594316192,1172.954366703904,1177.9527587890625,9716161
2022-11-17 00:00:00+05:30,1174.5901593039591,1187.3359568517499,1172.3409009131724,1180.9971923828125,6661451
2022-11-18 00:00:00+05:30,1184.495900066872,1185.518366679259,1168.2967693410817,1180.3609619140625,5303197
2022-11-21 00:00:00+05:30,1175.9760614312995,1175.9760614312995,1155.5737233322704,1159.1180419921875,6390268
2022-11-22 00:00:00+05:30,1156.4369938334312,1167.1152613187112,1152.5746494360667,1165.547607421875,6611488
2022-11-23 00:00:00+05:30,1170.0688915510787,1171.3866679891707,1159.7313656787815,1161.9124755859375,6413408
2022-11-24 00:00:00+05:30,1165.9794167577484,1178.7024981272687,1157.8911489931052,1171.9320068359375,9389439
2022-11-25 00:00:00+05:30,1176.4303522401324,1192.7430620390162,1173.294924490057,1189.426025390625,7349922
2022-11-28 00:00:00+05:30,1185.472920181286,1236.4333911015242,1136.8980043426527,1230.299072265625,31527484
2022-11-29 00:00:00+05:30,1228.6632233258865,1241.2500078770877,1224.1419904117938,1232.4119873046875,11058913
2022-11-30 00:00:00+05:30,1232.54834119291,1247.5206802015884,1226.0504438987869,1241.1136474609375,26164986
2022-12-01 00:00:00+05:30,1245.862104269674,1251.8601266305577,1234.1387734132652,1237.455810546875,9485801
2022-12-02 00:00:00+05:30,1240.5001400003844,1248.6792715763747,1227.1408877532265,1236.93310546875,11589592
2022-12-05 00:00:00+05:30,1232.3209547622266,1234.4793482971581,1216.8715781623773,1218.8935546875,14828536
2022-12-06 00:00:00+05:30,1211.0099786652759,1225.5051588426245,1209.146894711336,1222.415283203125,8594245
2022-12-07 00:00:00+05:30,1220.052515180835,1224.5964643493226,1200.5816581384124,1204.3758544921875,8462111
2022-12-08 00:00:00+05:30,1208.6925503476532,1210.9645247591304,1199.6500849785011,1203.8077392578125,7757008
2022-12-09 00:00:00+05:30,1202.330873974504,1208.6924740397408,1182.2692798901842,1185.563720703125,12655763
2022-12-12 00:00:00+05:30,1174.8401159938364,1191.8798642806923,1174.6128344148897,1187.38134765625,9479842
2022-12-13 00:00:00+05:30,1187.381293975718,1196.4237590933476,1184.473147579326,1192.7886962890625,8333348
2022-12-14 00:00:00+05:30,1198.5367354613884,1199.127475241392,1186.4271108317469,1188.471923828125,7268947
2022-12-15 00:00:00+05:30,1182.564761948623,1188.244637773301,1168.2513114103942,1171.591064453125,8688551
2022-12-16 00:00:00+05:30,1168.2513090093973,1189.9714223850988,1162.412300039899,1165.7974853515625,15837349
2022-12-19 00:00:00+05:30,1172.7951677670053,1183.246273075343,1166.2972711057284,1181.110595703125,7729933
2022-12-20 00:00:00+05:30,1174.1131186326063,1193.2431129001116,1165.9794185762812,1191.334716796875,7467588
2022-12-21 00:00:00+05:30,1190.9710448813423,1196.4237592798247,1170.5687080191292,1174.3856201171875,8527550
2022-12-22 00:00:00+05:30,1180.5199485444361,1183.541675654874,1166.3200787009303,1171.3411865234375,7451122
2022-12-23 00:00:00+05:30,1164.7524600759673,1177.112082738486,1132.4676588679463,1136.9888916015625,10257115
2022-12-26 00:00:00+05:30,1142.6915558359974,1155.0737739248264,1132.5357596211306,1146.9173583984375,5990242
2022-12-27 00:00:00+05:30,1149.6211545027727,1158.1637450751377,1142.9188116159999,1156.30078125,5763271
2022-12-28 00:00:00+05:30,1153.2563929529824,1158.618243480646,1145.7588646322624,1156.187255859375,7459393
2022-12-29 00:00:00+05:30,1148.2577664634932,1158.2089965163484,1147.5761621923448,1155.6644287109375,6930648
2022-12-30 00:00:00+05:30,1156.4825694772394,1170.977750881057,1154.6650378382933,1157.436767578125,7289476
2023-01-02 00:00:00+05:30,1158.7090222381169,1171.8865462707408,1157.8911210447166,1170.4779052734375,5316175
2023-01-03 00:00:00+05:30,1165.5476587645308,1169.160125804233,1157.7093889350726,1161.9124755859375,7658932
2023-01-04 00:00:00+05:30,1161.8898109401732,1163.7301788455284,1142.350805656606,1144.4183349609375,9264891
2023-01-05 00:00:00+05:30,1146.6676067944138,1152.5293324862785,1137.806869836127,1142.37353515625,13637099
2023-01-06 00:00:00+05:30,1148.0988183662998,1157.7774553339088,1144.3046224842542,1152.75634765625,6349597
2023-01-09 00:00:00+05:30,1156.57338165,1182.3376907366148,1155.6873320113693,1179.9747314453125,10722753
2023-01-10 00:00:00+05:30,1184.155127696438,1184.155127696438,1156.891435377878,1162.52587890625,8047142
2023-01-11 00:00:00+05:30,1159.8450319996036,1162.3441677767541,1145.5768933771294,1147.8717041015625,11509553
2023-01-12 00:00:00+05:30,1147.2810049505638,1150.7570549852321,1120.0853394706564,1123.0843505859375,17688773
2023-01-13 00:00:00+05:30,1117.0862332620186,1123.6749947373953,1106.2716693328798,1121.2667236328125,20618583
2023-01-16 00:00:00+05:30,1123.5842986583098,1126.7423229514006,1102.8183808956273,1110.588623046875,13623855
2023-01-17 00:00:00+05:30,1116.9046027544262,1128.2644751675343,1113.5421334042796,1126.3560791015625,10751000
2023-01-18 00:00:00+05:30,1123.947854631307,1131.9451378363888,1117.9725482719243,1124.4930419921875,13448286
2023-01-19 00:00:00+05:30,1123.6751148013898,1127.4238787769261,1116.2911675478767,1123.2889404296875,11940054
2023-01-20 00:00:00+05:30,1124.6293134044963,1124.6293134044963,1107.475983857866,1109.9296875,14930286
2023-01-23 00:00:00+05:30,1112.8151498129876,1120.630703944606,1101.9095996617807,1104.31787109375,10954118
2023-01-24 00:00:00+05:30,1108.7253859560433,1110.3839043654414,1084.8014472016187,1097.7972412109375,16488755
2023-01-25 00:00:00+05:30,1096.2068953996695,1097.2292417944516,1081.4617181061994,1082.620361328125,12385018
2023-01-27 00:00:00+05:30,1083.4611595770739,1084.8015319770323,1050.403768536496,1062.081787109375,25830975
2023-01-30 00:00:00+05:30,1059.5144571522903,1077.781116815708,1045.564464693845,1072.26025390625,21772103
2023-01-31 00:00:00+05:30,1082.370452122445,1084.9378563899695,1063.7402148448057,1069.5792236328125,22691594
2023-02-01 00:00:00+05:30,1081.4391134749721,1081.4391134749721,1047.382090519888,1063.2406005859375,19347800
2023-02-02 00:00:00+05:30,1053.2890475640809,1066.920892525141,1050.1083077780725,1057.35595703125,13662663
2023-02-03 00:00:00+05:30,1067.3754956611733,1067.3754956611733,1041.9293331709027,1058.28759765625,24699575
2023-02-06 00:00:00+05:30,1051.9259524136774,1054.6523697762398,1047.7455820077842,1050.3128662109375,14837879
2023-02-07 00:00:00+05:30,1050.5627428744976,1057.5603943899198,1041.9291690153093,1047.7908935546875,15135435
2023-02-08 00:00:00+05:30,1051.017186057536,1072.3284093286718,1048.290888887822,1068.7159423828125,21160332
2023-02-09 00:00:00+05:30,1069.3974980927496,1077.3039157739506,1060.559478401166,1070.578857421875,13172763
2023-02-10 00:00:00+05:30,1070.0563840638993,1070.0563840638993,1054.7886158361225,1061.763671875,10790445
2023-02-13 00:00:00+05:30,1063.3768779331142,1067.8299624778901,1051.2672523692866,1055.7203369140625,10352493
2023-02-14 00:00:00+05:30,1058.7192622894795,1082.3250555378218,1055.8565481440585,1080.598388671875,14321920
2023-02-15 00:00:00+05:30,1079.6439410045025,1107.4530577750195,1078.2808527003092,1105.0673828125,33503591
2023-02-16 00:00:00+05:30,1113.019527781497,1119.5401413378127,1101.9322491792432,1104.2042236328125,17264487
2023-02-17 00:00:00+05:30,1099.6375221146495,1112.1334412904273,1095.3661670147737,1108.8162841796875,11809520
2023-02-20 00:00:00+05:30,1110.9974583087273,1113.1558521216361,1095.1390690194628,1097.093017578125,8836937
2023-02-21 00:00:00+05:30,1101.4551746278107,1111.8152960708703,1096.161352929149,1106.0445556640625,13311592
2023-02-22 00:00:00+05:30,1102.34116225432,1104.181409716533,1079.2124090771258,1080.9617919921875,11024335
2023-02-23 00:00:00+05:30,1080.5530912531344,1088.1642003254076,1072.9874144624137,1075.7818603515625,9851910
2023-02-24 00:00:00+05:30,1077.8265267799054,1088.800224148405,1076.0089953829322,1083.1429443359375,9434053
2023-02-27 00:00:00+05:30,1082.370422196558,1085.846592046861,1068.6022799971277,1075.940673828125,11199715
2023-02-28 00:00:00+05:30,1070.601498241021,1075.5544571553608,1051.3124942776465,1055.3565673828125,21994038
2023-03-01 00:00:00+05:30,1065.1032935969702,1065.7848978208335,1055.6745353261815,1065.057861328125,11551145
2023-03-02 00:00:00+05:30,1061.9228195758383,1068.57973034707,1054.925046511839,1056.9471435546875,9333535
2023-03-03 00:00:00+05:30,1067.44368158329,1087.573426851757,1063.9903475271667,1083.91552734375,14643807
2023-03-06 00:00:00+05:30,1090.5497203643376,1101.7278641326047,1090.5497203643376,1094.5029296875,10171916
2023-03-08 00:00:00+05:30,1094.5028585607813,1099.1832244435238,1083.7337262043,1098.4334716796875,15782657
2023-03-09 00:00:00+05:30,1097.8199821583767,1098.2288726400263,1070.147279158801,1072.032958984375,16235128
2023-03-10 00:00:00+05:30,1063.9676377715205,1065.103564973256,1051.9487563495386,1055.4249267578125,13334091
2023-03-13 00:00:00+05:30,1058.287501818403,1065.1034247048499,1033.750107312473,1038.06689453125,12771592
2023-03-14 00:00:00+05:30,1036.0221323528851,1047.3592882483779,1031.0465769110588,1034.181884765625,16027522
2023-03-15 00:00:00+05:30,1037.885231401589,1044.3375763114452,1012.1209234658597,1016.505859375,21728555
2023-03-16 00:00:00+05:30,1019.2095726723305,1024.207844384365,1000.6701985245505,1011.4393310546875,18363159
2023-03-17 00:00:00+05:30,1020.0047033408911,1023.2763079373278,1005.4413153341551,1010.1670532226562,34014213
2023-03-20 00:00:00+05:30,1006.4864237654998,1008.7583980790381,990.5825434751304,1000.2384643554688,19524589
2023-03-21 00:00:00+05:30,1008.2813118906954,1033.295867476511,1007.3952622768678,1031.3419189453125,21400360
2023-03-22 00:00:00+05:30,1038.294084967167,1041.2249475152355,1031.47816188993,1034.4771728515625,10920094
2023-03-23 00:00:00+05:30,1030.569386905087,1031.4327203269945,1019.2322313496287,1021.390625,16249370
2023-03-24 00:00:00+05:30,1020.231887763167,1022.3902814688943,998.7617116838695,1001.1699829101562,12375945
2023-03-27 00:00:00+05:30,1007.6223573447278,1024.2077208751948,999.7613122149304,1016.73291015625,14054323
2023-03-28 00:00:00+05:30,1020.1183586375283,1025.3439120336418,1016.4831753805086,1021.4815673828125,12576424
2023-03-29 00:00:00+05:30,1017.391938716083,1020.0274916428302,1004.71434981678,1015.4381103515625,18804065
2023-03-31 00:00:00+05:30,1024.6622202928697,1064.8535577563764,1024.5259234682055,1059.218994140625,28171201
2023-04-03 00:00:00+05:30,1065.5579119993613,1067.3754434349298,1051.9259454677697,1059.4007568359375,10293043
2023-04-05 00:00:00+05:30,1066.9210129823457,1066.9210129823457,1048.995215362799,1056.856201171875,16262928
2023-04-06 00:00:00+05:30,1053.357419977002,1069.647537063385,1053.357419977002,1063.94482421875,18435046
2023-04-10 00:00:00+05:30,1067.8299972108045,1068.0117263349803,1054.9023498118622,1056.40185546875,12961408
2023-04-11 00:00:00+05:30,1060.559540630498,1063.7402807994256,1056.0383079017138,1061.6273193359375,10542367
2023-04-12 00:00:00+05:30,1061.6272515959452,1075.9179854968688,1058.7646577412916,1066.3076171875,18179087
2023-04-13 00:00:00+05:30,1069.1929322468407,1075.0092249147228,1064.1946609026813,1070.3289794921875,12378208
2023-04-17 00:00:00+05:30,1101.8867990924884,1101.8867990924884,1067.3981721567704,1075.759033203125,17929479
2023-04-18 00:00:00+05:30,1080.0985197030036,1080.0985197030036,1056.9243329412964,1063.4449462890625,10405576
2023-04-19 00:00:00+05:30,1062.8543275704733,1071.4196347028246,1059.7417355351329,1068.73876953125,12273475
2023-04-20 00:00:00+05:30,1069.692811176778,1071.9193532094926,1059.6961482625013,1066.034912109375,7007330
2023-04-21 00:00:00+05:30,1068.1252410633845,1072.8282030082607,1061.6500596936005,1067.37548828125,7647317
2023-04-24 00:00:00+05:30,1079.1897769115358,1081.8706418346944,1066.9210188410907,1071.465087890625,12936186
2023-04-25 00:00:00+05:30,1075.1000833366595,1081.7342770992536,1068.0569991057368,1079.666748046875,9236126
2023-04-26 00:00:00+05:30,1081.0073822687018,1084.2336751201349,1069.6702254865136,1073.328125,8617834
2023-04-27 00:00:00+05:30,1079.189733985385,1083.2792397187284,1074.191342363561,1080.1212158203125,9167125
2023-04-28 00:00:00+05:30,1082.3705544049471,1101.4098041424304,1082.256973708253,1099.86474609375,15565210
2023-05-02 00:00:00+05:30,1106.9988106394346,1111.361030519598,1103.3181951274973,1109.20263671875,12981805
2023-05-03 00:00:00+05:30,1110.9974233118683,1110.9974233118683,1096.4795270846325,1099.6829833984375,7061872
2023-05-04 00:00:00+05:30,1100.1601065895743,1114.564421653396,1097.1838117593734,1112.360595703125,8635233
2023-05-05 00:00:00+05:30,1109.1798878043744,1118.4267984938415,1106.9079133744922,1109.5206298828125,8746585
2023-05-08 00:00:00+05:30,1113.2694731180964,1128.5599594768491,1110.6113241430285,1123.2208251953125,9153782
2023-05-09 00:00:00+05:30,1124.6293700397016,1129.9913407668835,1119.2902356444074,1126.6968994140625,6464721
2023-05-10 00:00:00+05:30,1131.4453248412979,1135.9211253467272,1127.446563252221,1134.4443359375,10872255
2023-05-11 00:00:00+05:30,1135.5121619830659,1140.3059886325332,1125.3336486663607,1127.0377197265625,10557860
2023-05-12 00:00:00+05:30,1122.2663301444138,1130.2637323324755,1116.2228762779578,1128.8778076171875,6955341
2023-05-15 00:00:00+05:30,1131.3999221918086,1138.0567125858797,1123.7886933664054,1131.1044921875,6833343
2023-05-16 00:00:00+05:30,1133.2628763872494,1135.8074445597895,1113.3375770795326,1114.9962158203125,8717229
2023-05-17 00:00:00+05:30,1119.1764803056624,1120.0852459817609,1103.7271032383842,1108.4073486328125,8798967
2023-05-18 00:00:00+05:30,1113.0649351771951,1116.4502407386783,1102.8864225456616,1106.0218505859375,10525531
2023-05-19 00:00:00+05:30,1106.0219413561279,1111.4292240517473,1099.1150328365684,1109.611572265625,8050447
2023-05-22 00:00:00+05:30,1106.4536050806153,1120.5398963368386,1105.2495293990407,1115.54150390625,7434906
2023-05-23 00:00:00+05:30,1118.1086413363598,1121.4483940779485,1113.9281511842048,1115.3367919921875,6092034
2023-05-24 00:00:00+05:30,1111.4062712432678,1119.630834331706,1105.748992019405,1108.8388671875,8112254
2023-05-25 00:00:00+05:30,1105.9536236071287,1112.8149786046417,1097.842640709934,1108.70263671875,11487863
2023-05-26 00:00:00+05:30,1116.904610291511,1140.0787982471202,1113.6102893364032,1138.94287109375,12626260
2023-05-29 00:00:00+05:30,1145.5314605509366,1149.6210865747194,1139.2608448772517,1145.3497314453125,10010304
2023-05-30 00:00:00+05:30,1145.3496310598186,1153.1198717474913,1142.50963326853,1145.0543212890625,11342504
2023-05-31 00:00:00+05:30,1135.9891655098565,1140.4649655887667,1118.267694287889,1122.311767578125,27107927
2023-06-01 00:00:00+05:30,1126.969538270473,1129.1279320638168,1116.9046059479208,1119.2901611328125,14592692
2023-06-02 00:00:00+05:30,1122.8117036497752,1128.1962696801756,1113.7238061790024,1115.6322021484375,15800644
2023-06-05 00:00:00+05:30,1121.085068396339,1128.6053121788445,1117.1090229973545,1125.6517333984375,10908682
2023-06-06 00:00:00+05:30,1128.4689187387335,1130.4000307352399,1118.7221336360576,1126.6058349609375,7493309
2023-06-07 00:00:00+05:30,1130.0820196952836,1135.989176828128,1123.5386905370437,1135.1485595703125,10312545
2023-06-08 00:00:00+05:30,1138.7155083681228,1143.6457515710592,1131.899585359948,1135.830078125,12071109
2023-06-09 00:00:00+05:30,1139.1699412328312,1139.874261684162,1125.9924180855612,1127.787353515625,5877018
2023-06-12 00:00:00+05:30,1124.8564945620458,1131.0816777652867,1120.0852643496842,1128.7869873046875,6391969
2023-06-13 00:00:00+05:30,1133.7173319025067,1146.6448585440896,1129.741286337972,1145.46337890625,11248016
2023-06-14 00:00:00+05:30,1145.5314201372407,1160.9809175855808,1143.7138887627082,1159.549560546875,13277380
2023-06-15 00:00:00+05:30,1159.5268135380984,1164.4116242878063,1152.1201510303479,1159.86767578125,11813494
2023-06-16 00:00:00+05:30,1163.3437504987226,1173.4313981302719,1163.3437504987226,1171.159423828125,24171579
2023-06-19 00:00:00+05:30,1174.1585755296505,1174.1585755296505,1155.369322961202,1159.5269775390625,6798554
2023-06-20 00:00:00+05:30,1157.5957972211602,1165.070488566,1151.893084884151,1161.9351806640625,6921096
2023-06-21 00:00:00+05:30,1161.889751966922,1167.728761153971,1157.800246036839,1165.2069091796875,6961603
2023-06-22 00:00:00+05:30,1161.4354185434336,1169.296404389101,1150.52986917785,1152.1202392578125,7619166
2023-06-23 00:00:00+05:30,1149.1212794125972,1151.1660925456156,1141.4420223330224,1142.691650390625,6628570
2023-06-26 00:00:00+05:30,1139.1698775330913,1142.9867893628173,1130.8544495978458,1133.967041015625,12641159
2023-06-27 00:00:00+05:30,1134.4216529822017,1140.305974461151,1129.9231362063101,1134.376220703125,9689466
2023-06-28 00:00:00+05:30,1141.896393407388,1153.1881169201986,1135.0122016455275,1149.3939208984375,11354006
2023-06-30 00:00:00+05:30,1157.0732487107562,1161.7307784588775,1151.1888070463274,1158.8226318359375,11151555
2023-07-03 00:00:00+05:30,1162.3669506539804,1191.425580555085,1161.1400387375704,1188.5628662109375,12154387
2023-07-04 00:00:00+05:30,1192.788615416969,1192.788615416969,1169.2735683249591,1176.3167724609375,8061643
2023-07-05 00:00:00+05:30,1185.5183304828597,1185.5183304828597,1170.432411192628,1174.3856201171875,10248062
2023-07-06 00:00:00+05:30,1170.546016490242,1201.6266214253383,1170.546016490242,1199.03662109375,19117987
2023-07-07 00:00:00+05:30,1197.332705283274,1210.9418359205672,1194.1518448825288,1196.696533203125,13375267
2023-07-10 00:00:00+05:30,1221.8244401255106,1252.3144236363512,1215.508392547687,1242.7947998046875,33240016
2023-07-11 00:00:00+05:30,1250.905728718348,1258.6758491021378,1243.9535094175255,1256.267578125,20069348
2023-07-12 00:00:00+05:30,1256.9946762890331,1273.2166423107678,1254.8817149747802,1257.653564453125,18733835
2023-07-13 00:00:00+05:30,1264.9922784824523,1271.853634660212,1243.7947539621482,1246.407470703125,14682934
2023-07-14 00:00:00+05:30,1249.5879849572364,1254.5409440468316,1238.2735461254954,1245.3621826171875,15124144
2023-07-17 00:00:00+05:30,1248.225023984058,1279.1466167196916,1239.5914489485467,1270.8084716796875,22220040
2023-07-18 00:00:00+05:30,1280.0325658904894,1289.3249082218795,1269.1270172578058,1281.6002197265625,25867313
2023-07-19 00:00:00+05:30,1285.9397747939042,1297.7540895736324,1270.944719940005,1291.3243408203125,39122156
2023-07-20 00:00:00+05:30,1270.1422890108254,1295.2251136644823,1270.1422890108254,1289.7606201171875,38717624
2023-07-21 00:00:00+05:30,1284.4190157057792,1287.3235564344566,1242.3763715855305,1249.834716796875,30249238
2023-07-24 00:00:00+05:30,1221.4042392370138,1238.1179088392782,1215.6443158350814,1224.554931640625,23727866
2023-07-25 00:00:00+05:30,1227.8041962368873,1233.3179681079685,1220.9119513502328,1223.767333984375,12026020
2023-07-26 00:00:00+05:30,1223.3733833366434,1253.8961800235134,1223.3733833366434,1243.65625,12911012
2023-07-27 00:00:00+05:30,1247.521034743089,1249.2932542715916,1226.0074074454076,1232.0872802734375,17226898
2023-07-28 00:00:00+05:30,1236.6900924258125,1251.85305275367,1231.0286064735196,1244.468505859375,20827852
2023-07-31 00:00:00+05:30,1244.4686660676819,1257.2930680054526,1239.594792375287,1255.00390625,8551174
2023-08-01 00:00:00+05:30,1257.8346449464532,1259.803857697837,1233.3672005487501,1237.25634765625,9536632
2023-08-02 00:00:00+05:30,1235.2871417271826,1236.665614699006,1212.8381883521488,1224.0380859375,12748214
2023-08-03 00:00:00+05:30,1218.5981228148664,1231.201012494138,1210.1058926997707,1218.8934326171875,10168350
2023-08-04 00:00:00+05:30,1230.1672134573323,1238.6348041373592,1216.776590964359,1235.45947265625,22885610
2023-08-07 00:00:00+05:30,1241.0963994857652,1244.7393951840495,1233.2195480808575,1242.49951171875,5982870
2023-08-08 00:00:00+05:30,1244.5424722858313,1247.7178038434138,1230.536470478926,1235.016357421875,9844072
2023-08-09 00:00:00+05:30,1233.1456430382627,1245.034716513302,1221.453442754676,1243.1639404296875,11486586
2023-08-10 00:00:00+05:30,1243.0409059369185,1255.3731247892663,1234.9179033647526,1248.702392578125,15470598
2023-08-11 00:00:00+05:30,1246.733259512152,1259.7301365729732,1236.8380369520157,1253.9700927734375,22179330
2023-08-14 00:00:00+05:30,1249.9577340453427,1271.274485095857,1243.065489745762,1268.788330078125,9575812
2023-08-16 00:00:00+05:30,1255.8654425931288,1271.5207081344915,1255.8654425931288,1267.7545166015625,10203112
2023-08-17 00:00:00+05:30,1263.7916479940673,1269.2069834305885,1246.9302626576266,1249.465576171875,13673744
2023-08-18 00:00:00+05:30,1246.142454602955,1268.960755625946,1234.9671961841154,1258.7208251953125,18639978
2023-08-21 00:00:00+05:30,1254.8424457661688,1262.5000997685252,1242.8371963360953,1244.986328125,9221746
2023-08-22 00:00:00+05:30,1243.4547138866417,1253.8543258928648,1234.6114071159911,1244.6898193359375,7713044
2023-08-23 00:00:00+05:30,1247.0614487779783,1256.275409297995,1243.4796423923776,1246.0733642578125,9517952
2023-08-24 00:00:00+05:30,1254.8177179260883,1254.8177179260883,1220.7782590700385,1225.1258544921875,14140020
2023-08-25 00:00:00+05:30,1213.3676467766436,1237.5757146480018,1206.747529523438,1219.4691162109375,22222400
2023-08-28 00:00:00+05:30,1221.272366528133,1227.2008731617648,1201.0660879981488,1207.315673828125,12580826
2023-08-29 00:00:00+05:30,1211.4162410930335,1212.107851949824,1189.7277154191993,1195.755126953125,16876644
2023-08-30 00:00:00+05:30,1201.5106390304122,1206.9451032694478,1193.1119215700844,1194.6187744140625,12168946
2023-08-31 00:00:00+05:30,1197.0643437840804,1198.0524282609965,1185.651919829385,1189.15966796875,21638600
2023-09-01 00:00:00+05:30,1188.9373425267036,1198.3734766692594,1186.5164632510111,1191.950927734375,18112842
2023-09-04 00:00:00+05:30,1191.9507848594153,1197.3852486913688,1188.3196473047951,1190.9874267578125,9347626
2023-09-05 00:00:00+05:30,1195.5822395056102,1202.4741047382813,1191.852196412095,1197.36083984375,8675876
2023-09-06 00:00:00+05:30,1196.1256007292052,1203.5608392350891,1194.2234900414205,1199.8802490234375,8200370
2023-09-07 00:00:00+05:30,1196.421961377583,1204.5983838407617,1191.1357340059783,1201.5106201171875,13652572
2023-09-08 00:00:00+05:30,1205.463038004146,1213.3677136631895,1197.039593881822,1209.51416015625,23109288
2023-09-11 00:00:00+05:30,1211.391482722607,1223.668479723262,1211.391482722607,1222.556884765625,13271074
2023-09-12 00:00:00+05:30,1226.7068128830886,1226.7068128830886,1203.462102676104,1204.8948974609375,16255666
2023-09-13 00:00:00+05:30,1205.462928884613,1216.652936105206,1198.6698488550378,1210.922119140625,12803338
2023-09-14 00:00:00+05:30,1215.3438722575231,1218.2093412827492,1207.9332388900991,1212.0338134765625,9209636
2023-09-15 00:00:00+05:30,1219.2962186489121,1219.2962186489121,1210.156437431325,1214.28173828125,25468592
2023-09-18 00:00:00+05:30,1205.487828880595,1210.8975674516837,1201.535490839137,1203.709228515625,7516300
2023-09-20 00:00:00+05:30,1197.089090701199,1199.3370070481767,1163.4694916701224,1176.8826904296875,57081884
2023-09-21 00:00:00+05:30,1173.3255153106452,1180.8103271156433,1165.9396084396587,1168.31103515625,12226182
2023-09-22 00:00:00+05:30,1173.8443150051187,1177.0308632017375,1160.9992172819989,1163.4447021484375,19176786
2023-09-25 00:00:00+05:30,1161.1968240581607,1166.2854832156668,1153.638074334712,1156.2811279296875,14254884
2023-09-26 00:00:00+05:30,1155.342502590839,1161.0980464311394,1153.8851021083722,1157.2939453125,10087782
2023-09-27 00:00:00+05:30,1157.7880446735417,1171.769464855697,1155.3178333556975,1170.336669921875,11722778
2023-09-28 00:00:00+05:30,1177.3026603074284,1177.3026603074284,1148.6482103293206,1153.14404296875,14518346
2023-09-29 00:00:00+05:30,1156.9481416896208,1170.435518964013,1153.1440405649926,1158.529052734375,12342014
2023-10-03 00:00:00+05:30,1151.0936382938999,1153.885049186791,1144.2017734963838,1145.263916015625,8859056
2023-10-04 00:00:00+05:30,1140.7434506187415,1145.683872665596,1133.8763122199225,1143.2877197265625,10286386
2023-10-05 00:00:00+05:30,1145.8074528562056,1150.8219332922222,1140.743519950406,1143.26318359375,10953682
2023-10-06 00:00:00+05:30,1144.7206253894863,1148.5494528467332,1142.2504141267464,1145.18994140625,5431026
2023-10-09 00:00:00+05:30,1140.2988590719287,1142.200849187487,1133.826857954507,1135.4324951171875,7576878
2023-10-10 00:00:00+05:30,1139.5331157395624,1145.1404226117538,1138.1497733893898,1140.447021484375,10236032
2023-10-11 00:00:00+05:30,1143.4359710357805,1160.8509589721596,1142.7196339530417,1158.5537109375,9814118
2023-10-12 00:00:00+05:30,1157.9609209243824,1165.6185754357678,1155.1447837404767,1160.7027587890625,12554450
2023-10-13 00:00:00+05:30,1156.058825491677,1164.7045645712087,1150.6984190160554,1160.6534423828125,10150316
2023-10-16 00:00:00+05:30,1158.5291304894404,1163.247258320988,1154.082750031272,1158.059814453125,5929036
2023-10-17 00:00:00+05:30,1163.963549268257,1165.7914814830851,1156.7011522648252,1163.593017578125,7928180
2023-10-18 00:00:00+05:30,1163.5929949263082,1169.3979912920374,1146.6720480730119,1148.1541748046875,8918320
2023-10-19 00:00:00+05:30,1142.2256445327594,1147.0672825471008,1136.7911799610206,1139.33544921875,12032556
2023-10-20 00:00:00+05:30,1136.2971288231192,1143.559525479833,1134.4691966955595,1135.8525390625,8913312
2023-10-23 00:00:00+05:30,1131.356688684127,1139.3848747937852,1114.1887214650121,1118.1163330078125,7853962
2023-10-25 00:00:00+05:30,1111.6196977984057,1127.0090643806484,1108.1366760976812,1115.5225830078125,11620688
2023-10-26 00:00:00+05:30,1112.089019549233,1115.5473150342816,1096.9219477593886,1099.9849853515625,15222534
2023-10-27 00:00:00+05:30,1106.654565590137,1123.204979852311,1104.6536704890175,1119.40087890625,11771084
2023-10-30 00:00:00+05:30,1123.4520304054054,1148.6481841216216,1121.4511352518443,1142.47265625,16813304
2023-10-31 00:00:00+05:30,1150.1303563093797,1150.1303563093797,1127.8490026208185,1130.3192138671875,12808438
2023-11-01 00:00:00+05:30,1130.9367248364767,1144.9428703315039,1124.0448598372486,1135.0125732421875,10309190
2023-11-02 00:00:00+05:30,1143.1889695269997,1148.302354744411,1140.2247162104195,1146.2767333984375,10562104
2023-11-03 00:00:00+05:30,1149.7349795725816,1153.5638066087804,1144.078220526126,1146.0296630859375,8850156
2023-11-06 00:00:00+05:30,1152.2546386732256,1156.0587394619763,1148.9445800808262,1155.564697265625,10647304
2023-11-07 00:00:00+05:30,1153.1192304428853,1155.614167696399,1145.9556184844287,1148.0552978515625,6960204
2023-11-08 00:00:00+05:30,1152.1064866637696,1156.552866758098,1147.042553778562,1154.033203125,7884494
2023-11-09 00:00:00+05:30,1154.0085696526105,1154.0331752710283,1138.3720609954937,1141.50927734375,14513610
2023-11-10 00:00:00+05:30,1139.039102652828,1144.3747829309668,1135.3337858785344,1143.6583251953125,7734954
2023-11-13 00:00:00+05:30,1147.6107081381433,1148.4506764659145,1142.0774589944763,1143.51025390625,3854810
2023-11-15 00:00:00+05:30,1156.0588204395372,1166.9030232858888,1149.6362714370953,1164.185791015625,12220648
2023-11-16 00:00:00+05:30,1161.542667627995,1172.9302438744137,1159.4923201233041,1166.285400390625,13134910
2023-11-17 00:00:00+05:30,1162.4319266451018,1172.4857343750468,1162.012063114762,1163.7412109375,7758634
2023-11-20 00:00:00+05:30,1160.2828426994563,1165.1490860409533,1154.2801575494677,1160.6781005859375,4490186
2023-11-21 00:00:00+05:30,1168.9038812090425,1179.7728099438689,1166.0384122376151,1175.2769775390625,8214450
2023-11-22 00:00:00+05:30,1173.3502489811203,1182.9593458443583,1171.9669066696931,1179.87158203125,8534814
2023-11-23 00:00:00+05:30,1179.8716170501546,1185.7013394254852,1179.8716170501546,1183.4781494140625,8531542
2023-11-24 00:00:00+05:30,1181.5514214570694,1186.9858858764198,1181.2796741129466,1182.6876220703125,6749486
2023-11-28 00:00:00+05:30,1182.6876712625676,1185.5531403805655,1173.4738317237427,1182.9346923828125,13792174
2023-11-29 00:00:00+05:30,1189.6536514263266,1191.605094048659,1184.7379555197092,1186.047119140625,12531306
2023-11-30 00:00:00+05:30,1183.0828973645985,1186.0471507278282,1170.8306260067593,1174.5606689453125,28439984
2023-12-01 00:00:00+05:30,1174.8324632282502,1183.922792325671,1174.6348945757863,1182.8853759765625,14342842
2023-12-04 00:00:00+05:30,1210.4035134582498,1210.4035134582498,1185.0097900344595,1195.6810302734375,15590990
2023-12-05 00:00:00+05:30,1204.9689932142376,1205.8830195816831,1196.3973123183705,1204.3514404296875,12693624
2023-12-06 00:00:00+05:30,1208.9708595498532,1221.7417795681863,1202.992899973077,1215.887451171875,16422442
2023-12-07 00:00:00+05:30,1215.3438750518303,1215.813191043024,1206.4511149904754,1213.886474609375,8142096
2023-12-08 00:00:00+05:30,1217.2459307176134,1223.5943006598802,1207.9331869400896,1213.244140625,10204894
2023-12-11 00:00:00+05:30,1213.367615499601,1219.098553135076,1211.5890153738967,1215.022705078125,7066138
2023-12-12 00:00:00+05:30,1215.3438006129375,1217.7892853568703,1195.6561708810905,1197.5830078125,9197124
2023-12-13 00:00:00+05:30,1196.570218805253,1204.6478570918039,1188.8137803209581,1202.4739990234375,10031182
2023-12-14 00:00:00+05:30,1212.3795628682321,1222.7297228698085,1206.7721356331074,1217.39404296875,16972354
2023-12-15 00:00:00+05:30,1224.236571728094,1235.1055001292314,1220.3089603608373,1232.9317626953125,15932152
2023-12-18 00:00:00+05:30,1232.9317234441762,1252.3474847954778,1230.634354917611,1245.4803466796875,14165188
2023-12-19 00:00:00+05:30,1262.2778691174958,1271.615218807123,1247.5553868731267,1263.8094482421875,16820604
2023-12-20 00:00:00+05:30,1270.207325538083,1283.9417239360823,1244.9864450577063,1248.518798828125,17736722
2023-12-21 00:00:00+05:30,1248.444829631281,1271.4177954317774,1244.1219597225854,1266.008056640625,13765454
2023-12-22 00:00:00+05:30,1264.550535970751,1275.0735389423144,1258.6466348491601,1267.2430419921875,16541784
2023-12-26 00:00:00+05:30,1268.7003790735205,1280.5326657287192,1266.0819312708138,1273.66552734375,7465664
2023-12-27 00:00:00+05:30,1275.6170305456778,1284.4603381656593,1271.2201029702012,1278.01318359375,9204156
2023-12-28 00:00:00+05:30,1279.470665481518,1290.4383794995902,1278.0132649417642,1287.2518310546875,12302636
2023-12-29 00:00:00+05:30,1289.9937398232034,1291.4264140714613,1274.2831724837226,1277.074462890625,10864584
2024-01-01 00:00:00+05:30,1274.9006856426909,1287.8940202608817,1271.2447008145452,1279.69287109375,4030540
2024-01-02 00:00:00+05:30,1277.099135940161,1291.920402508132,1271.1706293129728,1290.2900390625,7448800
2024-01-03 00:00:00+05:30,1289.450180352941,1301.3071935056118,1273.2455715878027,1276.25927734375,9037536
2024-01-04 00:00:00+05:30,1278.581319191514,1289.3761903993159,1274.1843914947026,1282.854736328125,9612778
2024-01-05 00:00:00+05:30,1285.9424160498672,1294.3165279752034,1283.521657474919,1288.3138427734375,8086406
2024-01-08 00:00:00+05:30,1289.4502625359673,1300.2944657165137,1269.1698042070248,1278.26025390625,7734652
2024-01-09 00:00:00+05:30,1284.5098000629723,1287.8693113555237,1273.245613077726,1274.8759765625,5403074
2024-01-10 00:00:00+05:30,1273.1469362430112,1313.6584025883456,1272.183577934786,1309.261474609375,11102740
2024-01-11 00:00:00+05:30,1313.6582540274271,1346.265040325212,1312.6701695941608,1343.696044921875,23725852
2024-01-12 00:00:00+05:30,1343.6961234746648,1356.961085397271,1329.7147038034357,1354.39208984375,15012164
2024-01-15 00:00:00+05:30,1358.616069177015,1379.8104316098675,1349.723309451493,1377.51318359375,8610594
2024-01-16 00:00:00+05:30,1373.4126778584214,1379.6623844587446,1354.1697570573224,1358.24560546875,9069024
2024-01-17 00:00:00+05:30,1343.3007252899447,1369.7567088979374,1338.879071777444,1345.3509521484375,12197382
2024-01-18 00:00:00+05:30,1335.2974203430863,1354.6638524622786,1335.1491835446054,1351.650146484375,10279438
2024-01-19 00:00:00+05:30,1359.6042988176375,1359.6042988176375,1342.806861986315,1351.1561279296875,10422704
2024-01-23 00:00:00+05:30,1355.4048574857818,1355.4048574857818,1306.791150318716,1312.7442626953125,20055420
2024-01-24 00:00:00+05:30,1319.314984194113,1333.4199132911328,1308.1497027138623,1327.8619384765625,21919128
2024-01-25 00:00:00+05:30,1326.9480369708251,1347.895500834099,1319.2903820615336,1336.952392578125,11808872
2024-01-29 00:00:00+05:30,1348.241154971167,1435.1925816017736,1343.9677382154596,1430.795654296875,23893438
2024-01-30 00:00:00+05:30,1442.5537625848374,1442.5784888178382,1387.690473107798,1390.852294921875,14093978
2024-01-31 00:00:00+05:30,1387.2705659116798,1417.1601204834947,1385.788439238697,1409.6259765625,15130226
2024-02-01 00:00:00+05:30,1417.9011153905622,1426.1515960154993,1401.1531330404457,1409.650634765625,13349362
2024-02-02 00:00:00+05:30,1416.0978932450594,1457.3256902760372,1416.0978932450594,1440.33056640625,19652588
2024-02-05 00:00:00+05:30,1443.3442832345067,1452.9781061073709,1414.4675408489986,1421.878173828125,8814432
2024-02-06 00:00:00+05:30,1424.6695010773788,1424.6695010773788,1402.9069175392074,1410.7869873046875,9047984
2024-02-07 00:00:00+05:30,1418.8152626559165,1432.2284612961826,1412.2197504708995,1424.966064453125,9296568
2024-02-08 00:00:00+05:30,1432.7224367107362,1442.0845126481563,1410.515263064875,1432.845947265625,14694634
2024-02-09 00:00:00+05:30,1436.6747903139974,1454.4355841797649,1433.661084495157,1443.3443603515625,12556798
2024-02-12 00:00:00+05:30,1443.3443671360003,1443.5913882496639,1425.163589047209,1435.04443359375,6674430
2024-02-13 00:00:00+05:30,1438.1568697691962,1461.3768535820275,1436.6747431428453,1447.6424560546875,7715594
2024-02-14 00:00:00+05:30,1440.1331160740654,1465.9715491065435,1440.1331160740654,1463.7236328125,7117888
2024-02-15 00:00:00+05:30,1465.674980481667,1467.0335965408115,1449.0505085860837,1453.076904296875,10006782
2024-02-16 00:00:00+05:30,1458.881830082394,1459.4005984941116,1441.1704903137313,1443.1712646484375,9767498
2024-02-19 00:00:00+05:30,1444.6288410678121,1461.8708655513933,1436.2053974591388,1456.4364013671875,6729828
2024-02-20 00:00:00+05:30,1457.4492860314679,1457.9186020207894,1444.3818933388152,1453.4969482421875,7117496
2024-02-21 00:00:00+05:30,1456.4365283424868,1470.7884795851646,1440.1825868389801,1450.2115478515625,12720292
2024-02-22 00:00:00+05:30,1450.6561919754163,1467.2559381666686,1440.6271108051608,1464.0941162109375,18493728
2024-02-23 00:00:00+05:30,1471.7517883622584,1479.7059164315408,1465.6750448712426,1475.82763671875,14438584
2024-02-26 00:00:00+05:30,1475.7534607654734,1476.7168189041834,1464.8350802180469,1469.6025390625,7513106
2024-02-27 00:00:00+05:30,1465.3539102526265,1482.0771665679397,1460.4382144226488,1467.9476318359375,10826044
2024-02-28 00:00:00+05:30,1465.3290823583084,1473.5055044292124,1432.8952620082478,1438.2802734375,8647950
2024-02-29 00:00:00+05:30,1447.5437052316252,1461.352161163495,1437.1935448412644,1443.393798828125,23628976
2024-03-01 00:00:00+05:30,1446.061542580972,1482.1266237591103,1445.0734581651325,1474.345458984375,12132926
2024-03-04 00:00:00+05:30,1472.7150995331629,1494.4282305064353,1469.503825173054,1489.4384765625,10024420
2024-03-05 00:00:00+05:30,1487.8328618357061,1489.4384990399915,1468.3429205099196,1482.32421875,7107668
2024-03-06 00:00:00+05:30,1475.654687549837,1491.0194491388315,1460.8828731290673,1485.0909423828125,7805676
2024-03-07 00:00:00+05:30,1485.0662153094684,1485.1897258668157,1457.968071396935,1461.3028564453125,8315726
2024-03-11 00:00:00+05:30,1471.257625711574,1471.257625711574,1446.0614742974403,1449.12451171875,11277130
2024-03-12 00:00:00+05:30,1449.1245651727334,1470.269595576354,1447.568380480176,1457.844482421875,9432678
2024-03-13 00:00:00+05:30,1462.142657909758,1465.4279903850718,1410.7622676768488,1415.10986328125,13522134
2024-03-14 00:00:00+05:30,1422.5451836499767,1431.2651015924712,1408.5144322207132,1414.418212890625,18571102
2024-03-15 00:00:00+05:30,1408.9589780840722,1416.1473166057365,1396.0645483366263,1401.3260498046875,19223818
2024-03-18 00:00:00+05:30,1403.0798345242215,1424.5459437848976,1399.6462653903534,1422.32275390625,9169392
2024-03-19 00:00:00+05:30,1411.7256294896865,1420.4701525728194,1400.3626585436627,1408.267333984375,8275764
2024-03-20 00:00:00+05:30,1410.935092987457,1427.7819805194806,1407.056934025752,1426.546875,8488806
2024-03-21 00:00:00+05:30,1435.2173701383908,1440.5283239841642,1427.460931435626,1433.685791015625,13006936
2024-03-22 00:00:00+05:30,1432.6977472783171,1442.6033181580033,1430.1040255590262,1437.6876220703125,19527608
2024-03-26 00:00:00+05:30,1427.7819423573562,1435.0937909604027,1421.8534360223084,1424.397705078125,11415906
2024-03-27 00:00:00+05:30,1430.7463249095808,1482.126717793074,1429.7582404310522,1475.0618896484375,16326644
2024-03-28 00:00:00+05:30,1475.0865810929813,1488.0057370987279,1461.0311038405712,1468.145263671875,21854364
2024-04-01 00:00:00+05:30,1474.691331987126,1476.1734586788064,1464.8352136106084,1467.0831298828125,5013880
2024-04-02 00:00:00+05:30,1466.3172549197961,1476.198098955644,1457.4244952875333,1469.2320556640625,8910166
2024-04-03 00:00:00+05:30,1464.4152240453116,1466.7619246317818,1451.397283687729,1454.0650634765625,7008292
2024-04-04 00:00:00+05:30,1462.117879861305,1462.117879861305,1432.7223691832353,1445.493408203125,14490272
2024-04-05 00:00:00+05:30,1443.467815909923,1453.274601948929,1438.6509043996564,1442.7020263671875,7442298
2024-04-08 00:00:00+05:30,1445.5427357963142,1473.2090987059642,1443.5912932499484,1468.2686767578125,8357118
2024-04-09 00:00:00+05:30,1471.2577557160955,1472.0482715276003,1445.0735176190665,1446.2098388671875,7071414
2024-04-10 00:00:00+05:30,1448.8776750369068,1469.281643980642,1448.8776750369068,1461.945068359375,9138330
2024-04-12 00:00:00+05:30,1458.2891033204971,1468.7627741208264,1445.6415744118667,1449.6680908203125,15551012
2024-04-15 00:00:00+05:30,1443.591352839028,1464.4646364315843,1429.0911655763507,1447.3707275390625,12902062
2024-04-16 00:00:00+05:30,1436.0325186728678,1453.6451964542034,1433.6364862387566,1448.2847900390625,9366184
2024-04-18 00:00:00+05:30,1446.0615875622616,1468.2934876101954,1441.9610129858208,1446.876708984375,19005692
2024-04-19 00:00:00+05:30,1439.4168835663286,1456.4366156882386,1425.8307211065503,1452.6077880859375,15741778
2024-04-22 00:00:00+05:30,1454.9048261235944,1465.1562017707047,1450.3103301575065,1462.2166748046875,10350362
2024-04-23 00:00:00+05:30,1461.3768889290402,1475.7041133303053,1438.20635702296,1441.936279296875,14605554
2024-04-24 00:00:00+05:30,1446.0614393265091,1451.0513135165108,1432.2282584925008,1432.895263671875,10462776
2024-04-25 00:00:00+05:30,1425.31186113177,1450.4832891142164,1424.3237766526493,1442.57861328125,15943926
2024-04-26 00:00:00+05:30,1446.5062542977878,1447.5437912682185,1432.7225237808307,1435.2421875,9413848
2024-04-29 00:00:00+05:30,1432.7223672737166,1450.4091019997668,1432.7223672737166,1447.568359375,7247974
2024-04-30 00:00:00+05:30,1450.5079819172845,1465.403306850403,1445.4440490785064,1449.5198974609375,11474262
2024-05-02 00:00:00+05:30,1454.460329459568,1459.7218309784546,1446.6791643138517,1449.0753173828125,14512646
2024-05-03 00:00:00+05:30,1453.4722101911175,1457.3750954799905,1399.275802819383,1416.9130859375,17226958
2024-05-06 00:00:00+05:30,1418.3952205864964,1422.841600588335,1401.1037428015688,1402.610595703125,7394208
2024-05-07 00:00:00+05:30,1399.1028593353728,1403.8209867220144,1375.4135586957902,1384.775634765625,14517472
2024-05-08 00:00:00+05:30,1380.8481115524094,1415.8756594095175,1380.8481115524094,1401.6473388671875,9439002
2024-05-09 00:00:00+05:30,1396.1632769069981,1406.7851843569276,1373.437335386219,1377.51318359375,11009612
2024-05-10 00:00:00+05:30,1380.106935558881,1393.1990543318577,1371.535254832905,1390.65478515625,10505096
2024-05-13 00:00:00+05:30,1383.2193979190515,1390.210046915121,1367.5088315833425,1385.9859619140625,8456620
2024-05-14 00:00:00+05:30,1384.2815424166113,1410.070521585227,1383.342910466477,1403.1539306640625,7188300
2024-05-15 00:00:00+05:30,1403.5739245612333,1412.9360003572742,1396.1880176135714,1399.3992919921875,5046534
2024-05-16 00:00:00+05:30,1401.6471872524828,1410.4904944706304,1381.3667306256436,1408.3660888671875,14711774
2024-05-17 00:00:00+05:30,1406.0936018418706,1420.0749000882806,1396.4103261437938,1418.5927734375,10916476
2024-05-21 00:00:00+05:30,1408.6132041549795,1424.6448506468714,1408.6132041549795,1419.0128173828125,11176128
2024-05-22 00:00:00+05:30,1419.1610465084934,1451.2737917888355,1419.1610465084934,1443.24560546875,10281604
2024-05-23 00:00:00+05:30,1441.1705740518107,1474.4442444107415,1437.6628261266358,1468.3428955078125,14608260
2024-05-24 00:00:00+05:30,1465.9467233388211,1470.7636348065282,1458.5113640783345,1462.6119384765625,7094776
2024-05-27 00:00:00+05:30,1462.587264504762,1467.2066075031105,1444.134859977049,1448.77880859375,6629010
2024-05-28 00:00:00+05:30,1450.5079553599196,1460.8828419616084,1435.4396676765145,1438.8485107421875,7820162
2024-05-29 00:00:00+05:30,1429.2640587693002,1440.6270291639403,1421.3099312467443,1423.6072998046875,7383556
2024-05-30 00:00:00+05:30,1418.3951935729253,1423.2368313836507,1403.178669288835,1407.8720703125,13206858
2024-05-31 00:00:00+05:30,1414.245257118902,1425.0647331073133,1405.3030450073677,1413.35595703125,31069832
2024-06-03 00:00:00+05:30,1465.3292536675044,1496.4539141466187,1441.6152266357983,1492.32861328125,21527942
2024-06-04 00:00:00+05:30,1480.1999676014107,1480.1999676014107,1343.1032493273078,1380.625732421875,36709098
2024-06-05 00:00:00+05:30,1405.0561505394378,1414.097147783154,1367.6077240917773,1403.821044921875,17464890
2024-06-06 00:00:00+05:30,1417.9011371144834,1426.4974232883105,1404.4137607114592,1414.5416259765625,17855722
2024-06-07 00:00:00+05:30,1411.478521453965,1454.4601915157414,1409.5023527154926,1452.4345703125,18558696
2024-06-10 00:00:00+05:30,1452.4346368701142,1475.5558362929214,1450.5819785928986,1453.867431640625,9251760
2024-06-11 00:00:00+05:30,1451.4959629037996,1456.1153056542432,1437.3417023219272,1439.31787109375,11774902
2024-06-12 00:00:00+05:30,1440.1330064471847,1458.41256776401,1437.835758473946,1445.8885498046875,10081742
2024-06-13 00:00:00+05:30,1454.4603416652449,1454.7073627830548,1442.7021123343332,1447.790771484375,9181160
2024-06-14 00:00:00+05:30,1452.4841280922399,1462.0438933040555,1439.8613252368543,1459.9442138671875,8157998
2024-06-18 00:00:00+05:30,1469.6273935638167,1469.6768460329972,1453.8180422457062,1463.3778076171875,7196766
2024-06-19 00:00:00+05:30,1469.7756214798555,1469.7756214798555,1438.650961260282,1441.2694091796875,8725874
2024-06-20 00:00:00+05:30,1441.6152213906755,1465.181011544537,1432.8212456085912,1456.1400146484375,16113776
2024-06-21 00:00:00+05:30,1456.0659025463858,1457.1280450509373,1423.4096642387256,1436.872314453125,31170360
2024-06-24 00:00:00+05:30,1428.3007403004744,1432.2283517054532,1420.3713387903338,1424.2989501953125,8878386
2024-06-25 00:00:00+05:30,1425.8058325289194,1438.576872033328,1423.8296636688654,1436.822998046875,7045386
2024-06-26 00:00:00+05:30,1428.8194845866847,1500.875466568816,1427.905458276952,1495.9844970703125,22014882
2024-06-27 00:00:00+05:30,1495.7127559544517,1519.1797603831344,1488.0551018777237,1512.3126220703125,28383030
2024-06-28 00:00:00+05:30,1512.782033239127,1562.1615299634889,1512.782033239127,1546.7474365234375,28957336
2024-07-01 00:00:00+05:30,1543.9066370278445,1560.5805616644209,1537.138282854078,1541.5599365234375,7724306
2024-07-02 00:00:00+05:30,1550.7985635373939,1554.7509013864856,1538.4475077589818,1546.525146484375,7749246
2024-07-03 00:00:00+05:30,1547.661278880494,1556.2329594590622,1524.391963189475,1533.927001953125,9049620
2024-07-04 00:00:00+05:30,1538.447461634288,1548.822348177101,1532.321386398175,1535.5079345703125,6837176
2024-07-05 00:00:00+05:30,1535.3102911811948,1579.4530127748421,1529.5547474353805,1569.6956787109375,12269710
2024-07-08 00:00:00+05:30,1570.0662334946016,1589.6303543798022,1563.6684106310508,1581.824462890625,9500806
2024-07-09 00:00:00+05:30,1578.563597646217,1581.4290665009253,1561.6673786971023,1571.325927734375,6960002
2024-07-10 00:00:00+05:30,1575.9946562525065,1578.4648673124634,1544.5241914718106,1565.3480224609375,7134578
2024-07-11 00:00:00+05:30,1568.5840280306456,1585.1344421846698,1551.786592769845,1561.815673828125,11940946
2024-07-12 00:00:00+05:30,1565.619909710512,1586.0238790122883,1555.739064587694,1577.69921875,12924784
2024-07-15 00:00:00+05:30,1585.332123675554,1586.7154660951303,1566.607970695329,1578.1932373046875,5329688
2024-07-16 00:00:00+05:30,1574.5125966882063,1580.9351457176842,1550.4280378276635,1557.4681396484375,9386838
2024-07-18 00:00:00+05:30,1557.2210712967385,1574.9078068261192,1539.2625884242743,1567.7689208984375,12298374
2024-07-19 00:00:00+05:30,1567.1020115011324,1571.029623251694,1534.2976544625544,1536.61962890625,13140390
2024-07-22 00:00:00+05:30,1518.9328421942273,1519.1798633102128,1481.4103587992008,1482.793701171875,19674376
2024-07-23 00:00:00+05:30,1483.1147807956386,1487.808182000688,1445.5675711552426,1470.1708984375,18052044
2024-07-24 00:00:00+05:30,1467.3054738461674,1491.5135439533938,1458.8079713194404,1477.8779296875,11913362
2024-07-25 00:00:00+05:30,1463.3530011800513,1482.595920809754,1459.474721651074,1474.6171875,12519876
2024-07-26 00:00:00+05:30,1474.6172851615388,1494.4037007697482,1472.59166375446,1491.044189453125,9859940
2024-07-29 00:00:00+05:30,1493.9342700426573,1509.2990318372968,1493.7614276294273,1501.9871826171875,7538550
2024-07-30 00:00:00+05:30,1498.9488223237445,1506.8287716127938,1492.0075050067665,1495.1199951171875,8228208
2024-07-31 00:00:00+05:30,1486.0788700242824,1492.4519658681731,1483.2628537354879,1487.4869384765625,10057346
2024-08-01 00:00:00+05:30,1493.9836579008804,1499.9121644798522,1486.37545603751,1497.244384765625,10764222
2024-08-02 00:00:00+05:30,1487.0670219426547,1491.3404387261814,1475.481756476256,1481.4595947265625,10268248
2024-08-05 00:00:00+05:30,1462.3649300475706,1466.2184833782828,1416.1719837774867,1430.0792236328125,17046704
2024-08-06 00:00:00+05:30,1437.8111393077952,1459.8948030686215,1434.0316438440889,1438.700439453125,10236186
2024-08-07 00:00:00+05:30,1451.4960282823629,1454.954323788822,1444.0853950542364,1447.3707275390625,8174568
2024-08-08 00:00:00+05:30,1440.157843842289,1447.5437511456266,1428.6960880928925,1431.85791015625,12387192
2024-08-09 00:00:00+05:30,1442.6033755756382,1458.9067698886504,1438.6510375603623,1456.7330322265625,6249776
2024-08-12 00:00:00+05:30,1452.4842396100769,1455.4484931603017,1440.380204279993,1443.220947265625,8184584
2024-08-13 00:00:00+05:30,1443.3444377180147,1452.5582774619256,1440.6272053348387,1446.1851806640625,6265064
2024-08-14 00:00:00+05:30,1446.1110904012166,1454.4603560192809,1436.3783617708266,1444.4312744140625,6267466
2024-08-16 00:00:00+05:30,1451.1501701128775,1462.760161748311,1440.676499654279,1460.5863037109375,9416902
2024-08-19 00:00:00+05:30,1469.8067419652286,1485.47150978375,1467.8238660907393,1475.65625,13797742
2024-08-20 00:00:00+05:30,1484.4057091952604,1491.0484162933285,1477.2674041310693,1483.1416015625,8411808
2024-08-21 00:00:00+05:30,1480.464784262564,1494.964564922092,1477.2426107826689,1485.8433837890625,7769996
2024-08-22 00:00:00+05:30,1490.1312336221058,1493.6012664349316,1477.8869991875908,1485.2979736328125,10445782
2024-08-23 00:00:00+05:30,1490.8749048344312,1498.3849993365056,1485.5955458508122,1487.1322021484375,9249654
2024-08-26 00:00:00+05:30,1494.0722092753902,1509.9600269352031,1490.131267553257,1499.6490478515625,8816114
2024-08-27 00:00:00+05:30,1497.5671500638725,1500.516654009415,1486.6117113802566,1487.6031494140625,6251156
2024-08-28 00:00:00+05:30,1492.1141436005682,1494.567928369235,1480.2168879705305,1485.4715576171875,9610286
2024-08-29 00:00:00+05:30,1490.2303777286736,1523.8401488737275,1481.2083164719252,1507.90283203125,38335358
2024-08-30 00:00:00+05:30,1520.865886117465,1526.5418444404818,1490.4534771750382,1496.6995849609375,41620730
2024-09-02 00:00:00+05:30,1497.9388431759776,1513.7275412609433,1493.7252318027681,1503.267822265625,11240852
2024-09-03 00:00:00+05:30,1508.2250430567562,1509.9600595401412,1494.5927706873033,1496.203857421875,10923800
2024-09-04 00:00:00+05:30,1487.850885016148,1504.50709100704,1486.6612078847159,1501.5823974609375,11983304
2024-09-05 00:00:00+05:30,1506.0439573959175,1512.7113538076746,1474.3179410781217,1480.192138671875,16264168
2024-09-06 00:00:00+05:30,1479.721175380084,1484.182646260627,1449.110527949692,1452.2830810546875,19394228
2024-09-09 00:00:00+05:30,1453.943716732093,1457.339440034618,1443.1370191466497,1449.9283447265625,9010298
2024-09-10 00:00:00+05:30,1447.9951044503912,1459.4462610127246,1445.0951000796938,1449.0113525390625,10768260
2024-09-11 00:00:00+05:30,1450.5232999620255,1456.1744477064742,1435.1560121734635,1439.0721435546875,9760202
2024-09-12 00:00:00+05:30,1444.5250498204912,1473.2767495080643,1433.4953029575859,1467.1298828125,22349376
2024-09-13 00:00:00+05:30,1463.7590600068495,1470.451266381587,1456.918113729867,1460.016357421875,8711328
2024-09-16 00:00:00+05:30,1464.8991851443227,1468.2204780575375,1452.2087310287416,1458.752197265625,5481774
2024-09-17 00:00:00+05:30,1461.3796100548857,1464.8248328952707,1454.0677548146177,1459.6942138671875,5935328
2024-09-18 00:00:00+05:30,1457.413889315684,1469.3111455549956,1448.0448484372855,1450.919921875,8574714
2024-09-19 00:00:00+05:30,1453.6959512825117,1463.8581906691413,1443.0876132109174,1457.0916748046875,16955902
2024-09-20 00:00:00+05:30,1461.3795684407844,1482.1997658201985,1458.7770437683578,1473.2025146484375,30897320
2024-09-23 00:00:00+05:30,1478.2340798324108,1488.6441789861601,1476.2015834923338,1480.5887451171875,8832314
2024-09-24 00:00:00+05:30,1475.7554165819738,1487.6526722077606,1475.1357678514642,1476.6229248046875,17137444
2024-09-25 00:00:00+05:30,1471.1948125268714,1483.6869066134093,1467.5264194610884,1481.15869140625,7069002
2024-09-26 00:00:00+05:30,1477.8870868947113,1491.122760061236,1475.309372285805,1485.12451171875,18818998
2024-09-27 00:00:00+05:30,1486.1655345930462,1520.345334807694,1479.2254687210307,1513.10791015625,20597478
2024-09-30 00:00:00+05:30,1506.3908994638518,1511.9181178232873,1461.7761901136828,1463.9324951171875,27008814
2024-10-01 00:00:00+05:30,1467.9726595996829,1475.2100841908111,1450.3002051077794,1452.2830810546875,16431642
2024-10-03 00:00:00+05:30,1424.2750076222521,1436.9902726871705,1390.070396353704,1394.928466796875,37757294
2024-10-04 00:00:00+05:30,1391.9046094477658,1405.2145916660443,1369.9442340651563,1374.653564453125,37072876
2024-10-07 00:00:00+05:30,1381.5689173076198,1384.5432314460647,1349.7189700751067,1358.9888916015625,22181340
2024-10-08 00:00:00+05:30,1361.2195630224157,1389.004637160655,1353.4119887771337,1385.3858642578125,17020808
2024-10-09 00:00:00+05:30,1385.5594536683957,1388.979866453412,1360.7486928237201,1362.8306884765625,14310610
2024-10-10 00:00:00+05:30,1368.209166456891,1374.132983939481,1357.699948504806,1359.31103515625,22358646
2024-10-11 00:00:00+05:30,1358.2700551936466,1371.4314188021033,1357.1050671377104,1360.35205078125,7980122
2024-10-14 00:00:00+05:30,1367.6390728953818,1368.2587216327886,1356.5350159311083,1360.7734375,12221432
2024-10-15 00:00:00+05:30,1346.8933067731043,1359.9554295521655,1329.2208521541709,1332.5174560546875,33762794
2024-10-16 00:00:00+05:30,1328.5268821992931,1352.3213935222657,1326.1722170162907,1342.4813232421875,20034438
2024-10-17 00:00:00+05:30,1354.0067695283685,1356.7332239102464,1340.4737382347967,1344.811279296875,15543660
2024-10-18 00:00:00+05:30,1340.5976258716714,1356.70849216764,1329.840427555484,1347.66162109375,12082452
2024-10-21 00:00:00+05:30,1355.4196212833501,1362.2357572594483,1346.1000802528206,1357.476806640625,14067408
2024-10-22 00:00:00+05:30,1357.4769157261562,1364.2187428070656,1328.7500227270916,1331.8482666015625,15831960
2024-10-23 00:00:00+05:30,1326.0483270387208,1345.8522769141389,1323.56973203491,1327.0645751953125,17214742
2024-10-24 00:00:00+05:30,1323.8424540123256,1332.1952468902052,1311.7964576126847,1328.3287353515625,22155934
2024-10-25 00:00:00+05:30,1331.996862815434,1332.8395608533488,1310.6809472586556,1316.4808349609375,18597496
2024-10-28 00:00:00+05:30,1325.552505604476,1341.4155124030337,1310.7800563182918,1322.9251708984375,10824350
2024-10-29 00:00:00+05:30,1316.728719636798,1331.6994085045892,1308.995576227512,1328.52685546875,12008361
2024-10-30 00:00:00+05:30,1323.569732267355,1338.4413022928309,1314.0023313459362,1332.3935546875,11984423
2024-10-31 00:00:00+05:30,1328.5269031210519,1331.5012170832633,1314.7955112005386,1320.64501953125,9331650
2024-11-01 00:00:00+05:30,1321.6364480777281,1330.4601492824747,1321.5868277686543,1327.1884765625,2127335
2024-11-04 00:00:00+05:30,1326.3952636738204,1328.52687951389,1274.0969107675833,1291.0009765625,19796890
2024-11-05 00:00:00+05:30,1281.9292880644173,1298.337634786513,1275.1379622128013,1294.1240234375,16267479
2024-11-06 00:00:00+05:30,1298.783649697479,1316.9270116872763,1289.0675098622075,1314.002197265625,21625209
2024-11-07 00:00:00+05:30,1312.6638089321268,1312.6638089321268,1291.447013193,1294.470947265625,9611974
2024-11-08 00:00:00+05:30,1286.5395574614042,1290.5053095001092,1264.083462337208,1272.758544921875,19814406
2024-11-11 00:00:00+05:30,1267.9994654475693,1274.9891511168566,1256.151830843746,1261.802978515625,9056552
2024-11-12 00:00:00+05:30,1264.6287615317467,1278.2610337323058,1256.6476373969983,1263.33984375,10671091
2024-11-13 00:00:00+05:30,1259.374078659472,1264.5295076822267,1238.8017408266169,1241.3299560546875,14633633
2024-11-14 00:00:00+05:30,1242.866693712679,1261.7040163358736,1240.38809863068,1256.746826171875,12612633
2024-11-18 00:00:00+05:30,1256.7467703539512,1262.0014401044657,1233.24973843027,1249.9554443359375,13620611
2024-11-19 00:00:00+05:30,1249.9553610165642,1270.5276979121372,1224.5745744010292,1231.0189208984375,14183746
2024-11-21 00:00:00+05:30,1231.0189056876295,1233.299140266532,1206.8277964681656,1212.528564453125,19433843
2024-11-22 00:00:00+05:30,1218.8739057022901,1257.9860865301255,1211.9833389629089,1254.565673828125,20471957
2024-11-25 00:00:00+05:30,1278.9549045518283,1293.2811339485756,1271.4694999174592,1275.9805908203125,28923341
2024-11-26 00:00:00+05:30,1283.8625006531302,1286.7376948587628,1273.2045428922675,1284.6060791015625,9247557
2024-11-27 00:00:00+05:30,1282.4250432843673,1292.6864023015983,1274.9892583407009,1282.1275634765625,9572746
2024-11-28 00:00:00+05:30,1278.905374093644,1285.4984608667178,1258.184417128475,1259.91943359375,15027412
2024-11-29 00:00:00+05:30,1269.0406134614407,1288.3736540571424,1264.3312830599236,1281.1361083984375,13202307
2024-12-02 00:00:00+05:30,1276.9721028104004,1300.1221551586505,1266.115905470633,1297.9410400390625,11024152
2024-12-03 00:00:00+05:30,1305.7238628126408,1315.4400037478053,1295.8094826849822,1311.969970703125,16869482
2024-12-04 00:00:00+05:30,1314.6467414933138,1317.0262168141671,1292.884726573221,1297.74267578125,19608540
2024-12-05 00:00:00+05:30,1303.0964459866593,1318.5628538088617,1294.966703202915,1310.7305908203125,16858723
2024-12-06 00:00:00+05:30,1312.564791729292,1312.564791729292,1298.7837793313574,1300.320556640625,9037514
2024-12-09 00:00:00+05:30,1291.8436769577456,1303.7409326166044,1282.0284168341586,1284.0609130859375,14650002
2024-12-10 00:00:00+05:30,1278.2113501165884,1283.812998621138,1269.238788448007,1273.8489990234375,16043729
2024-12-11 00:00:00+05:30,1273.9978081396894,1278.9549980546296,1265.1244866020038,1267.2559814453125,11724373
2024-12-12 00:00:00+05:30,1259.1262215126183,1267.25596445406,1249.8066803924569,1252.0870361328125,20906813
2024-12-13 00:00:00+05:30,1249.211828655226,1264.281637225772,1228.9864700814942,1261.9517822265625,28630222
2024-12-16 00:00:00+05:30,1264.0833817296273,1270.032009408355,1255.7057794921418,1257.4407958984375,9486781
2024-12-17 00:00:00+05:30,1250.2529662315405,1253.0785403896136,1232.1592223274588,1234.6378173828125,17462791
2024-12-18 00:00:00+05:30,1230.027558928225,1249.162239402372,1230.027558928225,1242.5196533203125,12670179
2024-12-19 00:00:00+05:30,1228.3916379278016,1234.2411461229626,1218.4772582835096,1219.914794921875,14244653
2024-12-20 00:00:00+05:30,1213.5201900622435,1228.8874800507767,1191.2128336272758,1194.9803466796875,20312896
2024-12-23 00:00:00+05:30,1204.5971709809228,1216.6926661807136,1202.8125341694108,1211.834716796875,10052824
2024-12-24 00:00:00+05:30,1211.8347850736238,1222.988463211123,1210.545867189896,1212.2808837890625,6734917
2024-12-26 00:00:00+05:30,1213.767935093776,1217.1883476811242,1203.8535553911518,1206.1339111328125,10016178
2024-12-27 00:00:00+05:30,1207.86900439277,1217.3867853075249,1206.5800865394056,1210.595458984375,7000397
2024-12-30 00:00:00+05:30,1205.9851311625014,1212.7268365212021,1197.7561478726802,1200.3338623046875,8818766
2024-12-31 00:00:00+05:30,1197.6570485426987,1208.6619856280877,1195.8229125326573,1205.043212890625,6405475
2025-01-01 00:00:00+05:30,1204.4483521073844,1215.800389087432,1201.2261788160188,1210.7935791015625,5892590
2025-01-02 00:00:00+05:30,1210.7936258321927,1233.7949384205442,1209.554328364606,1231.167724609375,15486276
2025-01-03 00:00:00+05:30,1233.2496968938563,1251.2443199889096,1224.9215938636924,1240.4376220703125,15521102
2025-01-06 00:00:00+05:30,1243.2136823453243,1251.1948069805778,1204.597219081935,1207.571533203125,14816766
2025-01-07 00:00:00+05:30,1211.5371275851955,1233.8444805890147,1210.7935491517349,1230.2257080078125,10070505
2025-01-08 00:00:00+05:30,1238.3060678446636,1260.167324257905,1234.6872949225542,1254.664794921875,19346579
2025-01-09 00:00:00+05:30,1256.1519514905858,1258.878406002503,1237.3642497185242,1244.0068359375,12794704
2025-01-10 00:00:00+05:30,1243.114481097643,1245.9896754309787,1225.4173374439545,1231.266845703125,8120332
2025-01-13 00:00:00+05:30,1219.4687349455062,1234.5881643828388,1215.899582365329,1229.234375,13764861
2025-01-14 00:00:00+05:30,1233.4479678208604,1242.6187691440975,1216.742262047884,1228.143798828125,13095266
2025-01-15 00:00:00+05:30,1234.2905907014622,1246.2374660533972,1231.2171573529768,1241.478515625,9578856
2025-01-16 00:00:00+05:30,1248.1212833322295,1264.0834104275011,1240.586378973141,1255.6065673828125,14117603
2025-01-17 00:00:00+05:30,1310.9288585996749,1314.6467509950228,1273.997794139219,1291.19921875,29366277
2025-01-20 00:00:00+05:30,1304.7324245206253,1304.7324245206253,1289.1172758229052,1294.272705078125,14040244
2025-01-21 00:00:00+05:30,1299.2795231523412,1301.7581181984158,1259.324522599558,1262.7945556640625,14562976
2025-01-22 00:00:00+05:30,1267.355325635656,1271.9159165250771,1257.8374234010246,1266.16552734375,10273590
2025-01-23 00:00:00+05:30,1259.1262957502838,1266.4133410521551,1250.7981921087953,1252.8306884765625,8720682
2025-01-24 00:00:00+05:30,1255.1605533566642,1262.1006196074513,1232.8531975505623,1235.6292724609375,14235970
2025-01-27 00:00:00+05:30,1228.4907387555406,1229.8291557820492,1209.5542981292017,1218.82421875,9536019
2025-01-28 00:00:00+05:30,1227.4002071753887,1234.0924134746083,1208.0671667554209,1223.8310546875,10568025
2025-01-29 00:00:00+05:30,1225.4173498520336,1232.1095562529247,1217.53546627882,1224.921630859375,5928156
2025-01-30 00:00:00+05:30,1224.971246456504,1246.237542749693,1221.8481926097397,1242.3214111328125,9269259
2025-01-31 00:00:00+05:30,1245.09738698474,1256.1519448799122,1238.306060895825,1254.2681884765625,6584612
2025-02-01 00:00:00+05:30,1254.2681799336815,1259.6715896071485,1230.374548522757,1253.7724609375,7118453
2025-02-03 00:00:00+05:30,1240.2889757645512,1245.2461659154887,1226.9541826685895,1235.232666015625,9252345
2025-02-04 00:00:00+05:30,1237.3642207434832,1277.7653184740125,1235.9265630557768,1274.196044921875,16691069
2025-02-05 00:00:00+05:30,1271.6679530846961,1279.4507170461238,1265.7688244708304,1267.2559814453125,10112028
2025-02-06 00:00:00+05:30,1262.7945076095025,1276.9721191435924,1259.4732145791813,1270.577392578125,9956001
2025-02-07 00:00:00+05:30,1265.2236540965398,1272.7089385364054,1251.1947819010975,1255.8544921875,8764283
2025-02-10 00:00:00+05:30,1253.673337746878,1255.6562137259161,1234.8856362555493,1242.916259765625,6970972
2025-02-11 00:00:00+05:30,1253.7230036544372,1253.7230036544372,1219.567891058193,1224.2772216796875,8859714
2025-02-12 00:00:00+05:30,1209.0089844264594,1216.3952699200001,1183.1324776076385,1206.1339111328125,21131654
2025-02-13 00:00:00+05:30,1206.6295607029597,1217.4857574427408,1201.622750831109,1205.6876220703125,8511216
2025-02-14 00:00:00+05:30,1208.56289732395,1213.5200872227356,1195.1288642881832,1206.827880859375,10298145
2025-02-17 00:00:00+05:30,1200.7305822668588,1216.9901902768092,1194.1871154284454,1214.4124755859375,8166683
2025-02-18 00:00:00+05:30,1214.362863790828,1219.3696743222742,1205.6877809072391,1214.908203125,6673250
2025-02-19 00:00:00+05:30,1209.0585466128707,1222.1950990873443,1207.125291073852,1216.9404296875,6217338
2025-02-20 00:00:00+05:30,1213.4704313005311,1228.738599945727,1211.5371757067999,1222.4429931640625,7795582
2025-02-21 00:00:00+05:30,1218.1797397323817,1229.3830367840985,1211.6858938870325,1217.634521484375,6904025
2025-02-24 00:00:00+05:30,1206.13399913207,1212.7765856074127,1200.1357505642943,1204.151123046875,7172498
2025-02-25 00:00:00+05:30,1200.631472565407,1210.5458530159883,1191.2128111373545,1193.69140625,11552182
2025-02-27 00:00:00+05:30,1202.416039651657,1204.597154814102,1190.370043898487,1196.7647705078125,11509215
2025-02-28 00:00:00+05:30,1191.7084634163882,1206.9270123506615,1183.0830013175257,1189.82470703125,23007298
2025-03-03 00:00:00+05:30,1193.6912720117396,1196.1202465389174,1146.1022512006402,1161.2216796875,17944938
2025-03-04 00:00:00+05:30,1152.2491409974891,1163.948157257321,1149.6219272411693,1151.9517822265625,11377373
2025-03-05 00:00:00+05:30,1151.0594540375048,1172.8710888254677,1147.093702257875,1165.534423828125,8664095
2025-03-06 00:00:00+05:30,1186.7511925218207,1203.5560168880775,1175.0026773522586,1199.2432861328125,14468014
2025-03-07 00:00:00+05:30,1205.5885908312287,1244.0564330934674,1201.622838887705,1239.0992431640625,16474965
2025-03-10 00:00:00+05:30,1234.340341763354,1247.2290360950196,1224.8225609234617,1227.796875,11931051
2025-03-11 00:00:00+05:30,1229.3830600118497,1238.801720552263,1219.2208210077197,1236.62060546875,10089838
2025-03-12 00:00:00+05:30,1247.2290491693625,1252.186239348891,1233.3489166666827,1246.2872314453125,11977555
2025-03-13 00:00:00+05:30,1249.2614495168184,1253.326320946517,1233.2000819547634,1237.2154541015625,9505270
2025-03-17 00:00:00+05:30,1231.514713672869,1246.6341428999226,1222.5421515247892,1228.242919921875,16640917
2025-03-18 00:00:00+05:30,1228.242919921875,1228.242919921875,1228.242919921875,1228.242919921875,0
2025-03-19 00:00:00+05:30,1230.4241762433128,1242.5196714129374,1228.1934407470596,1236.471923828125,16162399
2025-03-20 00:00:00+05:30,1241.1315230182402,1262.1004590128364,1239.3470073959113,1258.283447265625,15971477
2025-03-21 00:00:00+05:30,1264.0834578966683,1270.0320859338292,1259.225387461291,1265.421875,21780769
2025-03-24 00:00:00+05:30,1279.946478246575,1294.8180484818179,1273.2542716407156,1290.951416015625,20299319
2025-03-25 00:00:00+05:30,1296.50346593687,1296.50346593687,1271.6183955406093,1274.4439697265625,13713899
2025-03-26 00:00:00+05:30,1279.9464094999762,1282.7224842048433,1257.8869148358597,1262.150146484375,12074747
2025-03-27 00:00:00+05:30,1267.2064821612498,1273.9978081396894,1260.4151561828103,1267.2559814453125,15028056
2025-03-28 00:00:00+05:30,1269.0405652360093,1284.6557128160619,1258.1347478785124,1264.1824951171875,18147129
2025-04-01 00:00:00+05:30,1253.7723771839194,1266.9585500115554,1238.603449529153,1241.8751220703125,12099648
2025-04-02 00:00:00+05:30,1236.868469635997,1244.7999732789833,1233.2496968938563,1240.4376220703125,10142590
2025-04-03 00:00:00+05:30,1222.4926375090713,1241.0820994494682,1222.4926375090713,1238.008544921875,7434366
2025-04-04 00:00:00+05:30,1230.473619610667,1234.7863505024063,1182.9342181609516,1194.38525390625,17908652
2025-04-07 00:00:00+05:30,1122.506064991245,1161.2217676393545,1105.3046397460778,1155.71923828125,22156106
2025-04-08 00:00:00+05:30,1161.9653833278503,1186.3547349162204,1153.3399207865864,1172.0780029296875,19555040
2025-04-09 00:00:00+05:30,1159.4867811653644,1179.613021672609,1157.9996241138485,1175.2010498046875,10223104
2025-04-11 00:00:00+05:30,1184.917153801556,1212.1816988912137,1184.917153801556,1208.5133056640625,11224242
2025-04-15 00:00:00+05:30,1240.288998738938,1240.288998738938,1226.5079856590305,1229.4822998046875,13378535
2025-04-16 00:00:00+05:30,1223.5336585713449,1230.2754856402491,1218.477348782242,1228.689208984375,8248464
2025-04-17 00:00:00+05:30,1229.5813957339365,1269.238916912585,1217.0893007676923,1263.5877685546875,15398401
2025-04-21 00:00:00+05:30,1259.126289394177,1289.761748514388,1256.151975324742,1284.407958984375,10429964
2025-04-22 00:00:00+05:30,1288.8693558313819,1292.7359881039044,1275.286704106908,1280.1446533203125,13051707
2025-04-23 00:00:00+05:30,1285.8950708007812,1294.8180126953125,1274.3944143417477,1288.869384765625,10480888
2025-04-24 00:00:00+05:30,1281.3345072026398,1293.3308829080645,1279.2525115884996,1290.4556884765625,10468940
2025-04-25 00:00:00+05:30,1292.3394247863746,1313.85358083958,1277.071255478384,1289.2659912109375,14431012
2025-04-28 00:00:00+05:30,1328.5268607294433,1362.830589793996,1308.8963407951755,1357.080322265625,31104496
2025-04-29 00:00:00+05:30,1359.2614765022709,1398.8198762816546,1358.2700385179512,1387.7156982421875,32538970
2025-04-30 00:00:00+05:30,1389.9960230274132,1400.3070020394923,1357.2785702742715,1392.9703369140625,25480745
2025-05-02 00:00:00+05:30,1401.8932881277126,1414.4845019236116,1397.0352178747166,1407.6436767578125,13007841
2025-05-05 00:00:00+05:30,1418.747808269532,1427.1750314493302,1414.6829365878357,1419.0452880859375,12685649
2025-05-06 00:00:00+05:30,1418.7477523435755,1419.7391903256466,1398.5223933042987,1408.7342529296875,14084117
2025-05-07 00:00:00+05:30,1408.7342420156256,1412.2042749259901,1390.6899982666434,1393.9617919921875,13440169
2025-05-08 00:00:00+05:30,1392.0780527042998,1408.6351396947061,1386.030305191398,1394.9532470703125,16106175
2025-05-09 00:00:00+05:30,1373.6374315703338,1382.8578539346386,1362.731612914777,1365.408447265625,13668904
2025-05-12 00:00:00+05:30,1388.0131966802994,1426.679278587822,1388.0131966802994,1424.20068359375,10674081
2025-05-13 00:00:00+05:30,1421.2263802516663,1435.3047515134413,1400.307062549957,1403.5787353515625,11407896
2025-05-14 00:00:00+05:30,1407.8418724989147,1417.6571322938998,1403.380401776207,1412.2042236328125,5570160
2025-05-15 00:00:00+05:30,1412.7992032271827,1448.8875719918406,1400.6044669576877,1441.7491455078125,20177211
2025-05-16 00:00:00+05:30,1440.757623701411,1448.4908883531898,1434.9082364412498,1443.9302978515625,9036695
2025-05-19 00:00:00+05:30,1439.667043567546,1442.1456384779733,1425.886031660542,1428.4638671875,6195791
2025-05-20 00:00:00+05:30,1425.8861208416395,1432.6279478297215,1409.6266340324114,1412.402587890625,11270560
2025-05-21 00:00:00+05:30,1411.7085860045363,1423.9032007341596,1405.9581972205492,1416.963134765625,6136364
2025-05-22 00:00:00+05:30,1409.031659643212,1411.6094953044076,1384.9397884743898,1397.332763671875,12134466
2025-05-23 00:00:00+05:30,1394.5567410207764,1421.5239286750705,1394.5567410207764,1414.5838623046875,6474883
2025-05-26 00:00:00+05:30,1419.7391840414937,1428.6621258406371,1412.898237790455,1422.5152587890625,4842944
2025-05-27 00:00:00+05:30,1413.8897021801247,1424.696400543767,1401.794207036506,1409.9239501953125,12640414
2025-05-28 00:00:00+05:30,1407.9410393609537,1410.4196342901241,1398.6214982222443,1400.802734375,5944611
2025-05-29 00:00:00+05:30,1400.0096192804465,1407.842003929875,1396.5395861721686,1405.660888671875,13771917
2025-05-30 00:00:00+05:30,1405.8590585766528,1418.3511529457182,1397.6300749154059,1408.7342529296875,13788484
2025-06-02 00:00:00+05:30,1400.0095486308933,1405.3633379328091,1383.650821945961,1401.5958251953125,8098668
2025-06-03 00:00:00+05:30,1410.1223942601396,1414.2863856817387,1391.384190812638,1393.4661865234375,11252626
2025-06-04 00:00:00+05:30,1402.5873087929724,1413.4931269376204,1394.0609660849138,1411.31201171875,8126827
2025-06-05 00:00:00+05:30,1415.7734397380668,1442.244785474372,1411.4110884077945,1430.0501708984375,13716817
2025-06-06 00:00:00+05:30,1428.6621520805822,1439.0722510374496,1424.6964000970136,1431.1407470703125,8182161
2025-06-09 00:00:00+05:30,1444.5251287223314,1445.0208477095387,1432.9253528317358,1436.3953857421875,7885125
2025-06-10 00:00:00+05:30,1437.5850079496329,1441.4516401070769,1423.704876838395,1426.1834716796875,7913181
2025-06-11 00:00:00+05:30,1433.4210733170682,1456.0257865422643,1430.7441181682645,1436.4945068359375,8195700
2025-06-12 00:00:00+05:30,1441.0552171722854,1444.5252503749707,1422.1187744712338,1429.257080078125,8828114
2025-06-13 00:00:00+05:30,1411.8076840776937,1423.2092208521976,1402.1907840779525,1415.67431640625,9757276
2025-06-16 00:00:00+05:30,1414.6829254727506,1430.0502146798779,1412.204330439343,1425.4896240234375,8458093
2025-06-17 00:00:00+05:30,1435.6022520574631,1435.6022520574631,1413.59237643736,1418.946044921875,10366599
2025-06-18 00:00:00+05:30,1417.7563491543892,1430.4468040463896,1413.4931173168031,1417.85546875,6681735
2025-06-19 00:00:00+05:30,1417.8555238832446,1427.5716651338516,1413.4931722804179,1421.0281982421875,10007230
2025-06-20 00:00:00+05:30,1418.7477927518771,1458.4053131642288,1415.8725983169522,1453.6463623046875,29010635
2025-06-23 00:00:00+05:30,1440.5593915455418,1451.266970188698,1429.6535737155343,1444.326904296875,5989078
2025-06-24 00:00:00+05:30,1452.4566670598808,1462.3710470398119,1430.744150698803,1438.3782958984375,16402744
2025-06-25 00:00:00+05:30,1451.4652666586912,1459.7933702625824,1447.9952335758323,1454.737060546875,7525851
2025-06-26 00:00:00+05:30,1456.5215658062507,1485.9673475108061,1452.5558137403293,1482.497314453125,14657893
2025-06-27 00:00:00+05:30,1486.5621628826696,1508.9686374999123,1484.083567880206,1502.4251708984375,11117052
2025-06-30 00:00:00+05:30,1500.838885203447,1511.7447031481738,1483.191240482831,1487.7518310546875,8409527
2025-07-01 00:00:00+05:30,1487.7518183386467,1518.2881567329412,1487.256099345396,1515.3138427734375,10368523
2025-07-02 00:00:00+05:30,1515.3138007089854,1516.900077238324,1495.7824003020085,1505.7960205078125,6361002
2025-07-03 00:00:00+05:30,1507.7790015843786,1518.7839394915495,1500.0457365549344,1504.8046875,11283291
2025-07-04 00:00:00+05:30,1510.9515946827762,1516.900223008299,1504.2097675037892,1514.223388671875,6603501
2025-07-07 00:00:00+05:30,1513.5291857359532,1531.5734294639212,1511.9429091838053,1528.3016357421875,7251074
2025-07-08 00:00:00+05:30,1522.8486600409224,1531.672481820406,1517.0982716385254,1524.4349365234375,7171261
2025-07-09 00:00:00+05:30,1523.5426661942138,1537.7202774459709,1497.1704406377573,1505.9942626953125,8870660
2025-07-10 00:00:00+05:30,1506.6881895774993,1511.6453792793734,1494.5926951149827,1504.2095947265625,10047129
2025-07-11 00:00:00+05:30,1499.0542783474266,1502.0285923917668,1477.540121836759,1482.3980712890625,7234991
2025-07-14 00:00:00+05:30,1479.4236826617216,1487.1569471972039,1466.4358695278945,1470.9964599609375,10311846
2025-07-15 00:00:00+05:30,1473.4750846086956,1483.6869442622558,1469.7076928815193,1472.6820068359375,8132454
2025-07-16 00:00:00+05:30,1460.388154594461,1478.234038357326,1458.9009976142222,1472.8802490234375,10409983
2025-07-17 00:00:00+05:30,1474.6649737790947,1476.8460890701654,1461.2805601585153,1463.7591552734375,11854613
2025-07-18 00:00:00+05:30,1472.0872520008465,1472.0872520008465,1456.5216021387357,1463.362548828125,10296318
2025-07-21 00:00:00+05:30,1452.4566531183941,1463.362470991638,1410.9153771961905,1416.3682861328125,22442744
2025-07-22 00:00:00+05:30,1415.178583447059,1419.640054314783,1398.6214967228645,1400.70361328125,20396320
2025-07-23 00:00:00+05:30,1413.7906253323065,1413.7906253323065,1402.2899684336514,1412.402587890625,8354596
2025-07-24 00:00:00+05:30,1407.0487949065318,1410.81630780687,1384.0474811654185,1390.888427734375,14740507
2025-07-25 00:00:00+05:30,1386.9226057137396,1389.0046012536307,1372.2492752918665,1379.7841796875,11854722
2025-07-28 00:00:00+05:30,1380.3790691362324,1395.7463569486692,1373.1415238854815,1375.71923828125,7748361
2025-07-29 00:00:00+05:30,1371.1586653944225,1408.04010820105,1371.1586653944225,1404.9666748046875,10750072
2025-07-30 00:00:00+05:30,1405.9581148273558,1411.113664716939,1389.3020300940545,1398.026611328125,7209849
2025-07-31 00:00:00+05:30,1376.215001569177,1390.5908519212596,1370.365493427784,1378.2969970703125,17065827
2025-08-01 00:00:00+05:30,1375.025384070285,1393.8627060383,1372.4476694796913,1381.76708984375,10321171
2025-08-04 00:00:00+05:30,1383.155066191865,1403.975263237478,1379.7841529413568,1399.4146728515625,6312820
2025-08-05 00:00:00+05:30,1398.918980991344,1398.918980991344,1376.2150271869518,1379.7841796875,9315972
2025-08-06 00:00:00+05:30,1379.9824375441353,1383.9481891450812,1371.4560958071288,1380.874755859375,5834312
2025-08-07 00:00:00+05:30,1375.818511047819,1381.7671392504185,1354.3043541251445,1377.5040283203125,9976705
2025-08-08 00:00:00+05:30,1373.1415514013454,1385.2370458989403,1353.312792536344,1356.0888671875,8793606
2025-08-11 00:00:00+05:30,1358.2700517359046,1376.1159356273254,1349.5453489789295,1374.331298828125,9997486
2025-08-12 00:00:00+05:30,1370.0682117041065,1389.8969719255274,1363.4255044148417,1368.5810546875,12244664
2025-08-13 00:00:00+05:30,1376.115874093997,1379.8833867126677,1365.7057756228248,1370.7620849609375,7457021
2025-08-14 00:00:00+05:30,1370.961308962897,1374.3455639562076,1363.794372575189,1367.4774169921875,7126128
2025-08-18 00:00:00+05:30,1383.602791829514,1388.4802648218374,1370.6626218339861,1375.3409423828125,11785109
2025-08-19 00:00:00+05:30,1383.6027633741608,1414.460091190419,1382.7068811681168,1413.564208984375,14384719
2025-08-20 00:00:00+05:30,1406.4969482421875,1418.342205158243,1403.510755146132,1406.4969482421875,8725641
2025-08-21 00:00:00+05:30,1418.4417067156319,1425.3099750709036,1413.7633861810953,1418.24267578125,11021323
2025-08-22 00:00:00+05:30,1413.464698965694,1416.84907536351,1401.4204113959267,1402.71435546875,5818868
2025-08-25 00:00:00+05:30,1408.1890657335161,1412.9670232567023,1399.230486508923,1406.0987548828125,5979407
2025-08-26 00:00:00+05:30,1401.519906786198,1403.5107021083375,1375.241384232256,1378.5262451171875,12145259
2025-08-28 00:00:00+05:30,1383.50331940736,1385.7926612650012,1360.2109883890075,1379.521728515625,13161813
2025-08-29 00:00:00+05:30,1374.7437651325777,1397.0406983353935,1343.7869203796088,1350.9537353515625,18758842
2025-09-01 00:00:00+05:30,1349.759256141992,1356.9260708455383,1334.430107544873,1347.6689453125,11232238
2025-09-02 00:00:00+05:30,1348.5648331807902,1378.128095842481,1348.2661652716795,1360.2109375,11517006
2025-09-03 00:00:00+05:30,1363.3961593284287,1370.1649121838109,1354.2385492379765,1366.2828369140625,7847563
2025-09-04 00:00:00+05:30,1365.4865379446771,1367.6763641601647,1350.8541196588233,1353.0440673828125,13223177
2025-09-05 00:00:00+05:30,1356.7271022727273,1374.6442613636364,1353.0441792852228,1368.671875,5777575
2025-09-08 00:00:00+05:30,1373.6488583038629,1379.6212446443146,1366.0838599076599,1372.15576171875,6986720
2025-09-09 00:00:00+05:30,1370.2643943031567,1374.843199236951,1362.4007284883235,1369.8662109375,9754452
2025-09-10 00:00:00+05:30,1377.5308659113482,1382.1096709119122,1367.7759200987732,1370.66259765625,7790815
2025-09-11 00:00:00+05:30,1369.6672638548873,1379.1235422027225,1368.6718661340626,1376.9337158203125,9766072
2025-09-12 00:00:00+05:30,1376.9337291414593,1389.873899637371,1374.146566892781,1388.579833984375,7403368
2025-09-15 00:00:00+05:30,1386.5889315301856,1394.3530818320328,1382.2091575524387,1392.8599853515625,5396697
2025-09-16 00:00:00+05:30,1398.2350616507645,1401.5199225726963,1391.7649767809332,1398.8323974609375,8686961
2025-09-17 00:00:00+05:30,1400.5245819104894,1409.6821922648512,1400.4250664409112,1407.2933349609375,7519417
2025-09-18 00:00:00+05:30,1413.8628424954393,1415.4554544293837,1404.2074124117412,1408.4876708984375,9332642
2025-09-19 00:00:00+05:30,1408.3882121473878,1410.4785229891424,1397.1401696768169,1400.9227294921875,13461373
2025-09-22 00:00:00+05:30,1397.4387885526373,1404.2074196840813,1381.6119415772491,1384.199951171875,7757970
2025-09-23 00:00:00+05:30,1384.5982372618869,1388.5798281670254,1370.4636381520502,1383.40380859375,14014702
2025-09-24 00:00:00+05:30,1378.9244730635044,1389.5751797778832,1374.0470000648747,1376.635009765625,5922759
2025-09-25 00:00:00+05:30,1374.942926360271,1378.128150477363,1362.6994857374575,1366.0838623046875,11411143
2025-09-26 00:00:00+05:30,1365.685684712474,1376.3363918134596,1359.7132983361805,1371.2598876953125,9879109
2025-09-29 00:00:00+05:30,1375.2413599514077,1382.6073268149732,1361.7039763015719,1366.48193359375,14231999
2025-09-30 00:00:00+05:30,1370.7620971908361,1370.7620971908361,1356.5279835173724,1357.722412109375,14604684
2025-10-01 00:00:00+05:30,1360.7086293823172,1372.255218175594,1356.4283707523282,1362.4007568359375,12045916
2025-10-03 00:00:00+05:30,1356.926091696157,1365.287456651113,1350.6551591113212,1357.125244140625,12842347
2025-10-06 00:00:00+05:30,1353.740909090909,1371.0608538471567,1352.7455113636363,1368.671875,12396580
2025-10-07 00:00:00+05:30,1369.667209612737,1389.47564777439,1369.5676941462978,1378.4267578125,11244040
2025-10-08 00:00:00+05:30,1378.426755451918,1382.6073771032557,1358.2201339506064,1361.1068115234375,8525081
2025-10-09 00:00:00+05:30,1367.676424553763,1373.6488106871855,1362.7989515764332,1371.458984375,8826633
2025-10-10 00:00:00+05:30,1371.45898859096,1381.6119964455866,1368.7713419175536,1375.3409423828125,6373084
2025-10-13 00:00:00+05:30,1370.5631549835205,1371.3594002602317,1361.505059967041,1368.671875,7600682
2025-10-14 00:00:00+05:30,1373.6488553790207,1381.612037149334,1363.7943936365562,1369.5677490234375,9768174
2025-10-15 00:00:00+05:30,1376.6350089791804,1377.6304066718624,1366.382364141153,1367.97509765625,10882743
2025-10-16 00:00:00+05:30,1368.7713249510273,1394.0544503152107,1368.671809484766,1391.8646240234375,12315932
2025-10-17 00:00:00+05:30,1394.5522084059296,1416.7496262080865,1392.6609284325848,1410.279541015625,19335561
2025-10-20 00:00:00+05:30,1433.3726108781723,1467.0170999313523,1426.7034952504036,1460.04931640625,24721978
2025-10-21 00:00:00+05:30,1461.2438272093502,1467.2162134241023,1453.2806455896807,1458.4566650390625,2066169
2025-10-23 00:00:00+05:30,1468.2115624957596,1476.0752283864208,1437.9514490416038,1441.7340087890625,18707090
2025-10-24 00:00:00+05:30,1443.3266994671071,1453.0816457634617,1434.3681199531734,1444.9193115234375,9700837
2025-10-27 00:00:00+05:30,1456.266786847925,1478.16553552233,1451.289798512833,1477.2696533203125,14113867
2025-10-28 00:00:00+05:30,1477.26972256393,1485.1333888036675,1470.79963742504,1480.056884765625,17631577
2025-10-29 00:00:00+05:30,1483.1425015536738,1501.3583271895798,1481.2512217130793,1497.277099609375,11884745
2025-10-30 00:00:00+05:30,1493.0964871305005,1496.1821955688695,1477.1701246011085,1481.6494140625,9318663
2025-10-31 00:00:00+05:30,1483.540795005222,1490.6080945575152,1475.4780977270138,1479.5592041015625,8758053
2025-11-03 00:00:00+05:30,1479.1610089962214,1488.1195884585134,1472.4918928888083,1477.866943359375,8452085
2025-11-04 00:00:00+05:30,1477.07065615293,1485.9297198935935,1463.334119430687,1466.3203125,10007806
2025-11-06 00:00:00+05:30,1477.1701896475465,1494.6891648996161,1469.406038969176,1489.2144775390625,16772678
2025-11-07 00:00:00+05:30,1487.7213309001133,1491.5038906434634,1469.1074431042953,1471.19775390625,7821765
2025-11-10 00:00:00+05:30,1471.0982430243503,1494.0919049344996,1468.7092643110286,1482.44580078125,7068438
2025-11-11 00:00:00+05:30,1490.1103850249956,1491.9021495222175,1473.3876547459602,1486.5269775390625,7127506
2025-11-12 00:00:00+05:30,1498.0734942427068,1517.6827797499902,1493.0965058897411,1504.5435791015625,12384459
2025-11-13 00:00:00+05:30,1508.0275174062697,1515.0948167835015,1499.8653048593553,1503.9464111328125,7196443
2025-11-14 00:00:00+05:30,1498.5711928131457,1513.900341239272,1498.5711928131457,1511.9095458984375,7682823
2025-11-17 00:00:00+05:30,1513.900387650411,1516.6874283079178,1504.5436249599409,1511.3123779296875,5871416
2025-11-18 00:00:00+05:30,1514.696568271851,1520.7685911952462,1503.5481631005248,1512.4072265625,11045042
2025-11-19 00:00:00+05:30,1510.4164493928117,1515.2939222795571,1505.0412776708577,1511.9095458984375,5692366
2025-11-20 00:00:00+05:30,1522.9585089376258,1543.7623455509595,1519.6736478639639,1541.9705810546875,18171724
2025-11-21 00:00:00+05:30,1533.9078528560988,1550.6305827884978,1533.0119706260582,1539.4820556640625,9615271
2025-11-24 00:00:00+05:30,1542.8663816107544,1542.8663816107544,1524.7501927010492,1528.831298828125,18433951
2025-11-25 00:00:00+05:30,1528.8313312270848,1552.4222077972818,1518.0809876078647,1532.61376953125,15033482
2025-11-26 00:00:00+05:30,1535.2018536795324,1564.3669320995493,1533.4100892950657,1562.6748046875,14054299
2025-11-27 00:00:00+05:30,1567.7513003642512,1568.2489991897637,1548.8387449947777,1556.2047119140625,9794643
2025-11-28 00:00:00+05:30,1560.7835875199362,1574.0224254817672,1555.806599039324,1560.285888671875,8959508
2025-12-01 00:00:00+05:30,1567.7513979315313,1570.2398922139623,1556.403839701944,1558.892333984375,8920233
2025-12-02 00:00:00+05:30,1553.9152843475838,1560.2858537619331,1534.9032130787248,1539.1834716796875,11389150
2025-12-03 00:00:00+05:30,1538.0884656023031,1545.2554018922647,1525.9446623591427,1531.718017578125,6090883
2025-12-04 00:00:00+05:30,1528.9308982335338,1553.3181423785347,1510.6155558800758,1528.53271484375,11867930
2025-12-05 00:00:00+05:30,1523.356635808528,1538.685784402705,1513.6016899280953,1533.5096435546875,10183266
2025-12-08 00:00:00+05:30,1532.1161217020071,1543.861863398969,1527.9354998822807,1535.898681640625,11301491
2025-12-09 00:00:00+05:30,1533.211064854301,1535.4008911036892,1513.1039592099478,1522.3612060546875,11503971
2025-12-10 00:00:00+05:30,1526.9401045329791,1540.3779737710465,1524.3520947592017,1529.8267822265625,7991629
2025-12-11 00:00:00+05:30,1529.826707449835,1542.8663926602953,1516.9860531705099,1537.889404296875,4706197
2025-12-12 00:00:00+05:30,1543.6628294631555,1552.62140892391,1538.9843872841,1549.3365478515625,5106655
2025-12-15 00:00:00+05:30,1544.060853330096,1551.4268205626304,1539.3825327747268,1549.037841796875,5774543
2025-12-16 00:00:00+05:30,1537.8894294536826,1544.5585453663573,1531.7180123854912,1535.201904296875,11731856
2025-12-17 00:00:00+05:30,1542.8664391614582,1542.8664391614582,1532.2157323461342,1537.292236328125,7116649
2025-12-18 00:00:00+05:30,1528.1345045583196,1544.3595357154854,1528.1345045583196,1537.292236328125,6580829
2025-12-19 00:00:00+05:30,1547.2461442463334,1566.9549449740825,1543.8617679066683,1557.8968505859375,13937275
2025-12-22 00:00:00+05:30,1566.2582562309594,1570.2398469681211,1558.0960438231807,1568.1495361328125,10184852
2025-12-23 00:00:00+05:30,1573.6241984599117,1573.6241984599117,1560.8830596994947,1563.4710693359375,7506564
2025-12-24 00:00:00+05:30,1565.4619535362338,1568.448146711295,1546.4498812900458,1551.0286865234375,8815745
2025-12-26 00:00:00+05:30,1547.5447581940155,1553.8158123179846,1547.1466963201515,1552.0240478515625,2311495
2025-12-29 00:00:00+05:30,1547.7439417510202,1550.9291658570105,1536.495898892566,1538.4866943359375,5972105
2025-12-30 00:00:00+05:30,1539.8801935176687,1546.449793829553,1530.7225835687998,1532.71337890625,8815884
2025-12-31 00:00:00+05:30,1533.9078900841737,1569.7422080874378,1533.9078900841737,1563.172607421875,5771830
2026-01-01 00:00:00+05:30,1566.457230908256,1585.1707553042595,1563.8692213237453,1568.3485107421875,6408128
2026-01-02 00:00:00+05:30,1572.7283614795997,1587.2611435561273,1570.9365970213464,1584.9718017578125,6602230
2026-01-05 00:00:00+05:30,1585.6684856930358,1604.3820104615531,1568.049995566515,1570.8370361328125,8704973
2026-01-06 00:00:00+05:30,1561.77894010158,1561.77894010158,1489.4135782872731,1500.6614990234375,27417125
2026-01-07 00:00:00+05:30,1503.0504545946628,1513.004431115157,1491.1056827700695,1497.277099609375,11199340
2026-01-08 00:00:00+05:30,1493.0965028672745,1496.9785780764303,1462.040144211037,1463.831787109375,16518684
2026-01-09 00:00:00+05:30,1458.2576091430024,1473.0890589574892,1458.2576091430024,1468.51025390625,8335311
2026-01-12 00:00:00+05:30,1468.5102348906719,1478.4642116159973,1444.322022844729,1476.373779296875,8883745
2026-01-13 00:00:00+05:30,1478.165525590484,1478.9618923221497,1438.050951275772,1446.11376953125,13499760
2026-01-14 00:00:00+05:30,1437.3542473990606,1460.2483939989072,1433.5716876182923,1452.086181640625,8321764
2026-01-15 00:00:00+05:30,1452.086181640625,1452.086181640625,1452.086181640625,1452.086181640625,0
2026-01-16 00:00:00+05:30,1452.0861898343726,1473.1885721290346,1448.4031454989463,1451.1903076171875,17167161
2026-01-19 00:00:00+05:30,1443.9238298491432,1443.9238298491432,1396.8415931572963,1407.0941162109375,20392765
2026-01-20 00:00:00+05:30,1404.207443054835,1409.4830993039366,1383.6027599099377,1387.5843505859375,13189498
2026-01-21 00:00:00+05:30,1383.105138772638,1406.3974698374059,1366.681076311502,1398.1356201171875,17352720
2026-01-22 00:00:00+05:30,1403.610286379211,1412.9670491536458,1388.5798052619484,1396.0452880859375,15721693
2026-01-23 00:00:00+05:30,1395.348519642108,1400.5245389866304,1374.6441992470054,1379.720703125,9837802
2026-01-27 00:00:00+05:30,1373.6487855396595,1385.195374217857,1361.7040134914885,1374.146484375,26302396
2026-01-28 00:00:00+05:30,1378.6257466723232,1403.4111724845945,1378.526231208921,1390.2718505859375,11121657
2026-01-29 00:00:00+05:30,1396.4434009824272,1396.4434009824272,1377.6303609139109,1384.59814453125,20846683
2026-01-30 00:00:00+05:30,1376.236766748553,1391.5659148620384,1372.1556606847782,1388.9779052734375,11239835
2026-02-02 00:00:00+05:30,1333.8329085367304,1386.4894707948447,1329.35361891851,1384.0009765625,15711165
2026-02-03 00:00:00+05:30,1467.1166446366906,1482.6448239290096,1423.6176937150067,1430.4859619140625,25456171
2026-02-04 00:00:00+05:30,1437.3543194605445,1457.2622740237098,1433.6713964697635,1450.095458984375,8333387
2026-02-05 00:00:00+05:30,1450.2944646433757,1454.7737543419996,1432.8750047042822,1436.757080078125,11763658
2026-02-06 00:00:00+05:30,1434.865799564727,1446.113842295832,1426.9026178813986,1444.123046875,8277304
2026-02-09 00:00:00+05:30,1451.2898835062008,1459.153549837875,1446.3128948796364,1454.873291015625,5775864
2026-02-10 00:00:00+05:30,1464.2299462371711,1464.2299462371711,1445.5164217743147,1451.7874755859375,10259630
2026-02-11 00:00:00+05:30,1452.882456999606,1463.234617369774,1446.91007080626,1461.9405517578125,7106877
2026-02-12 00:00:00+05:30,1463.2345557130195,1466.2207486838624,1438.8473131178025,1442.231689453125,11135399
2026-02-13 00:00:00+05:30,1438.8473526451965,1444.0233720001163,1409.7817888672503,1413.0665283203125,10755693
2026-02-16 00:00:00+05:30,1413.564201587246,1432.9744560797708,1402.8139796964888,1430.4859619140625,5896514
2026-02-17 00:00:00+05:30,1424.5136248062843,1425.2104761017015,1412.0711535507119,1416.450927734375,10731630
2026-02-18 00:00:00+05:30,1420.4325123887006,1435.4629932986807,1412.6683617554224,1434.666748046875,5521096
2026-02-19 00:00:00+05:30,1436.3588845536149,1436.3588845536149,1393.5567833507007,1403.0130615234375,11884664
2026-02-20 00:00:00+05:30,1403.013091941889,1420.8307355027325,1399.6287153786739,1412.8675537109375,8177670
2026-02-23 00:00:00+05:30,1418.4416634695872,1428.2961245911818,1411.772547760535,1421.4278564453125,7758856
2026-02-24 00:00:00+05:30,1418.7403513100855,1426.7035326906043,1408.4877066792656,1422.2242431640625,12529409
2026-02-25 00:00:00+05:30,1428.395737725409,1433.8704252219175,1387.0867320699354,1392.063720703125,10728792
2026-02-26 00:00:00+05:30,1392.0637118415314,1406.397463315574,1385.4941111892442,1400.3255615234375,16683858
2026-02-27 00:00:00+05:30,1391.5659695052796,1403.9089251530934,1381.711508080472,1387.48486328125,12031440
2026-03-02 00:00:00+05:30,1369.1694587628867,1372.2551671563263,1335.3259388807069,1351.75,23728722
2026-03-04 00:00:00+05:30,1323.8789706886037,1346.5740873609554,1300.9848230751916,1338.8099365234375,32495007
2026-03-05 00:00:00+05:30,1346.8726294272453,1392.5614090361375,1346.8726294272453,1383.005615234375,25957532
2026-03-06 00:00:00+05:30,1390.0728674061675,1417.7449716586152,1383.9014503612218,1398.334716796875,19311971
2026-03-09 00:00:00+05:30,1368.6718029922313,1422.8214608086796,1363.6948146177142,1417.4462890625,24870822
2026-03-10 00:00:00+05:30,1424.015880450879,1424.9117626543534,1394.1539503917586,1402.3162841796875,18071259
2026-03-11 00:00:00+05:30,1418.34212900751,1427.4002232775151,1377.2321576556008,1383.8017578125,21848087
2026-03-12 00:00:00+05:30,1383.6027762448114,1404.4066120742223,1374.7437125844203,1385.7926025390625,20939959
2026-03-13 00:00:00+05:30,1378.8248707870416,1394.3531723993444,1372.0562392077015,1374.3455810546875,17265090
2026-03-16 00:00:00+05:30,1373.6488401657623,1390.8692691567512,1357.224777946389,1388.6793212890625,22837802
2026-03-17 00:00:00+05:30,1392.5613056143347,1399.429573667814,1381.8109624429321,1391.167724609375,19007744
2026-03-18 00:00:00+05:30,1390.7696473738063,1406.3974645008152,1390.7696473738063,1401.6195068359375,9559327
2026-03-19 00:00:00+05:30,1381.6119817895922,1409.1844489610974,1369.7667250791762,1378.4267578125,16498373
2026-03-20 00:00:00+05:30,1391.5659566755692,1423.4186824363833,1389.6746767818195,1407.8905029296875,22994918
2026-03-23 00:00:00+05:30,1393.5567722314413,1409.0849519631759,1384.598192981382,1401.3209228515625,18979554
2026-03-24 00:00:00+05:30,1413.4647025895886,1415.8536813182018,1400.1263494042955,1405.302490234375,18620893
2026-03-25 00:00:00+05:30,1413.464703831985,1423.9163794589117,1401.9181150601291,1406.596435546875,19041331
2026-03-27 00:00:00+05:30,1394.552193095842,1398.235116023098,1338.809921280448,1341.8956298828125,23266517
2026-03-30 00:00:00+05:30,1328.855902170806,1358.7178325566667,1327.960019957529,1337.7149658203125,24393861
2026-04-01 00:00:00+05:30,1377.8294025098971,1378.028554948465,1356.6275051009459,1362.8984375,14404619
2026-04-02 00:00:00+05:30,1350.7546307176451,1351.9490593116357,1321.8880984473344,1344.2845458984375,21280051
2026-04-06 00:00:00+05:30,1352.7454554606609,1352.7454554606609,1284.0630151171836,1298.6953125,29274881
2026-04-07 00:00:00+05:30,1289.040031502862,1302.2788696189978,1285.058440671965,1298.5958251953125,28388922
2026-04-08 00:00:00+05:30,1342.7914745147666,1344.3840865060406,1320.0963587364665,1341.5970458984375,21817543
2026-04-09 00:00:00+05:30,1339.8052690319548,1343.7868597274437,1320.195983460075,1323.87890625,20725390
2026-04-10 00:00:00+05:30,1330.8467605257397,1346.0763943468285,1325.3720730291864,1343.9859619140625,19364461
2026-04-13 00:00:00+05:30,1315.1193869938081,1321.4899565481755,1303.970981405046,1309.0474853515625,28753269
2026-04-15 00:00:00+05:30,1330.8467629297493,1340.8007402141902,1328.059600686701,1337.9140625,15313779
2026-04-16 00:00:00+05:30,1345.7777093601655,1347.5694738488123,1323.8789596516422,1337.1177978515625,30211012
2026-04-17 00:00:00+05:30,1333.832952366644,1362.1022720767137,1333.832952366644,1358.7178955078125,13869105
2026-04-20 00:00:00+05:30,1356.9261198573818,1366.6810660920328,1346.5740808024586,1357.0257568359375,13614733
2026-04-21 00:00:00+05:30,1352.7454957201878,1363.4958396538184,1343.8864317482064,1347.07177734375,27293629
2026-04-22 00:00:00+05:30,1344.085556855853,1359.7132520720183,1342.8910067161314,1355.8311767578125,9525953
2026-04-23 00:00:00+05:30,1339.8052948565,1349.261572940554,1334.529638479888,1337.21728515625,16385079
2026-04-24 00:00:00+05:30,1333.8328899956957,1339.7057606040942,1318.9019248091768,1321.6890869140625,11744802
2026-04-27 00:00:00+05:30,1306.9571155871217,1365.2873936261717,1304.9663202853897,1359.51416015625,24673098
2026-04-28 00:00:00+05:30,1351.7500009887617,1388.7787447541255,1350.75460334444,1382.5078125,41027699
2026-04-29 00:00:00+05:30,1385.5935377241706,1427.2012083655534,1384.896807968084,1418.83984375,30542143
2026-04-30 00:00:00+05:30,1402.5153692729207,1430.386505071105,1386.6885214286783,1424.215087890625,30957881
2026-05-01 00:00:00+05:30,1424.215087890625,1424.215087890625,1424.215087890625,1424.215087890625,0
2026-05-04 00:00:00+05:30,1426.8030702776819,1460.6465916696056,1426.8030702776819,1456.3663330078125,24035700
2026-05-05 00:00:00+05:30,1453.280606341501,1466.6189594959255,1443.3266295857375,1456.864013671875,23543341
2026-05-06 00:00:00+05:30,1456.2668061036345,1466.519450812893,1420.9301884572374,1431.2823486328125,14221786
2026-05-07 00:00:00+05:30,1432.1782190445704,1442.828925531327,1423.717338832762,1429.590087890625,19816903
2026-05-08 00:00:00+05:30,1419.4371163507371,1436.1598462687914,1410.9762359236815,1428.5947265625,8663105
2026-05-11 00:00:00+05:30,1413.4647305422184,1421.427912122738,1375.6396180347506,1381.81103515625,15261787
2026-05-12 00:00:00+05:30,1385.593546668805,1387.0866431630602,1354.0394893602804,1357.722412109375,24357500
2026-05-13 00:00:00+05:30,1355.1343963286624,1366.0837705701026,1346.1758174038478,1352.54638671875,13797989
2026-05-14 00:00:00+05:30,1358.9168476375535,1371.6579863902991,1352.148216400817,1355.5325927734375,17303059
2026-05-15 00:00:00+05:30,1350.5556491178086,1358.5188307246153,1323.082575367519,1330.24951171875,19976192
2026-05-18 00:00:00+05:30,1327.860551095503,1335.8237328112184,1312.6309174607939,1329.7518310546875,13022473
2026-05-19 00:00:00+05:30,1332.5387892026445,1337.8144453658963,1312.3322897558653,1316.6124267578125,21665501
2026-05-20 00:00:00+05:30,1312.6308349443716,1356.6274840630256,1306.558933569541,1353.442138671875,13248515
2026-05-21 00:00:00+05:30,1360.9076465750106,1364.590690861155,1339.0088978228712,1343.388671875,17150630
2026-05-22 00:00:00+05:30,1343.7868238683554,1361.106767233248,1342.8909416840763,1348.26611328125,7105813
2026-05-25 00:00:00+05:30,1360.5095872329855,1364.7897243191815,1350.7546414401118,1360.7086181640625,6750071
2026-05-26 00:00:00+05:30,1353.8404218493883,1362.2017870434288,1346.1759079681497,1350.0579833984375,13769747
2026-05-27 00:00:00+05:30,1346.7730400596713,1354.736221375619,1342.393266034199,1344.2845458984375,13215138
2026-05-28 00:00:00+05:30,1344.2845458984375,1344.2845458984375,1344.2845458984375,1344.2845458984375,0
2026-05-29 00:00:00+05:30,1357.7224546740495,1362.6994431442622,1310.9387630540493,1315.119384765625,42634247
2026-06-01 00:00:00+05:30,1326.3673976551404,1329.353590670499,1312.4318302501333,1313.9249267578125,10700603
2026-06-02 00:00:00+05:30,1301.6815361898255,1321.689127358814,1294.3156903458798,1308.5498046875,23302785
2026-06-03 00:00:00+05:30,1308.9480145168118,1317.906594083847,1295.0124463014238,1307.15625,20012293
2026-06-04 00:00:00+05:30,1295.0124259474096,1305.1654340270677,1287.1487597049047,1297.699951171875,23474327
2026-06-05 00:00:00+05:30,1304.5,1306.0,1288.0,1291.0,17785223
2026-06-08 00:00:00+05:30,1277.0,1282.5999755859375,1259.199951171875,1263.300048828125,16494759
2026-06-09 00:00:00+05:30,1269.0,1274.199951171875,1257.5,1269.199951171875,23620214
2026-06-10 00:00:00+05:30,1275.0,1300.5,1254.4000244140625,1258.800048828125,21012796
2026-06-11 00:00:00+05:30,1258.0,1276.0,1253.199951171875,1263.0,13117486
2026-06-12 00:00:00+05:30,1277.0,1297.0,1262.5,1293.0,11988785
2026-06-15 00:00:00+05:30,1315.300048828125,1325.0,1303.300048828125,1307.0,18633321
2026-06-16 00:00:00+05:30,1313.4000244140625,1333.4000244140625,1306.4000244140625,1328.800048828125,18513223
2026-06-17 00:00:00+05:30,1333.0,1334.0,1317.0,1332.699951171875,10029170
2026-06-18 00:00:00+05:30,1330.0,1333.9000244140625,1322.0,1328.0999755859375,15494549
2026-06-19 00:00:00+05:30,1328.0,1338.199951171875,1305.300048828125,1309.5,24887034
2026-06-22 00:00:00+05:30,1316.699951171875,1344.9000244140625,1314.0999755859375,1326.5,12931213
2026-06-23 00:00:00+05:30,1328.9000244140625,1333.0,1304.0,1309.5,15400184
2026-06-24 00:00:00+05:30,1305.699951171875,1322.0,1297.5,1313.5999755859375,11030917
2026-06-25 00:00:00+05:30,1318.0,1328.0,1314.5999755859375,1318.0999755859375,12694362
2026-06-26 00:00:00+05:30,1318.0999755859375,1318.0999755859375,1318.0999755859375,1318.0999755859375,0
2026-06-29 00:00:00+05:30,1308.0,1313.699951171875,1292.5999755859375,1301.0,13757656
2026-06-30 00:00:00+05:30,1306.9000244140625,1306.9000244140625,1290.0,1293.9000244140625,15695263
2026-07-01 00:00:00+05:30,1298.9000244140625,1312.199951171875,1296.5,1308.0,7001401
2026-07-02 00:00:00+05:30,1310.0,1313.199951171875,1299.0,1303.5,17795024
2026-07-03 00:00:00+05:30,1312.0,1312.0,1302.0,1304.0,7839550
2026-07-06 00:00:00+05:30,1304.0,1325.5999755859375,1299.4000244140625,1321.300048828125,7610709
2026-07-07 00:00:00+05:30,1323.5,1328.0,1304.0999755859375,1308.4000244140625,14335554
2026-07-08 00:00:00+05:30,1297.0,1302.300048828125,1271.5999755859375,1275.9000244140625,19960868
2026-07-09 00:00:00+05:30,1277.0999755859375,1296.5,1274.199951171875,1279.800048828125,14651963
2026-07-10 00:00:00+05:30,1291.9000244140625,1311.0999755859375,1287.800048828125,1307.800048828125,8412537
2026-07-13 00:00:00+05:30,1300.0,1306.4000244140625,1295.0,1296.9000244140625,9488352
2026-07-14 00:00:00+05:30,1290.0,1308.0,1286.9000244140625,1293.0,13511284
2026-07-15 00:00:00+05:30,1294.0999755859375,1310.9000244140625,1294.0999755859375,1295.5,9577965
2026-07-16 00:00:00+05:30,1295.5,1309.4000244140625,1291.800048828125,1296.5999755859375,15631046
2026-07-17 00:00:00+05:30,1300.0,1330.300048828125,1296.0999755859375,1327.199951171875,18302218
2026-07-20 00:00:00+05:30,1317.199951171875,1345.9000244140625,1314.9000244140625,1323.0999755859375,14305844
2026-07-21 00:00:00+05:30,1321.0,1326.9000244140625,1302.699951171875,1303.699951171875,12753410
2026-07-22 00:00:00+05:30,1302.0,1304.5999755859375,1280.699951171875,1288.5999755859375,10840383
2026-07-23 00:00:00+05:30,1283.0,1287.300048828125,1268.0,1272.199951171875,12580741
2026-07-24 00:00:00+05:30,1265.0,1283.4000244140625,1249.800048828125,1278.0,9817000
2026-07-27 00:00:00+05:30,1288.199951171875,1288.699951171875,1278.0,1280.0,7163132
2026-07-28 00:00:00+05:30,1275.0,1279.199951171875,1265.9000244140625,1267.699951171875,9312184
2026-07-29 00:00:00+05:30,1275.0,1282.4000244140625,1268.699951171875,1275.9000244140625,9448307
2026-07-30 00:00:00+05:30,1279.800048828125,1297.0,1275.300048828125,1292.9000244140625,12158451
2026-07-31 00:00:00+05:30,1295.0,1309.699951171875,1293.5999755859375,1307.800048828125,8624996
2026-08-03 00:00:00+05:30,1315.199951171875,1319.0,1306.0,1319.0,7508023
2026-08-04 00:00:00+05:30,1315.0,1315.0,1286.4000244140625,1290.9000244140625,10759546
2026-08-05 00:00:00+05:30,1293.0,1299.0,1270.0999755859375,1280.0,24820782
2026-08-06 00:00:00+05:30,1285.0,1325.199951171875,1281.199951171875,1325.0,20342297
2026-08-07 00:00:00+05:30,1320.0,1337.0,1316.5999755859375,1334.800048828125,9885638
2026-08-10 00:00:00+05:30,1330.0999755859375,1332.9000244140625,1321.300048828125,1327.300048828125,8207102
2026-08-11 00:00:00+05:30,1326.5999755859375,1328.699951171875,1314.0999755859375,1323.9000244140625,9953124
2026-08-12 00:00:00+05:30,1323.9000244140625,1329.0,1309.199951171875,1329.0,7901012
2026-08-13 00:00:00+05:30,1327.800048828125,1327.800048828125,1307.199951171875,1317.0,9397301
2026-08-14 00:00:00+05:30,1317.0,1317.5,1301.5,1310.0,10497358
2026-08-17 00:00:00+05:30,1314.0,1320.800048828125,1298.0999755859375,1316.0,13383867
2026-08-18 00:00:00+05:30,1314.0,1328.5999755859375,1311.199951171875,1322.0,10180567
2026-08-19 00:00:00+05:30,1320.300048828125,1321.5999755859375,1303.5,1311.0,7489365
2026-08-20 00:00:00+05:30,1315.5,1316.5,1307.0,1313.199951171875,5546227
2026-08-21 00:00:00+05:30,1314.0,1316.0,1308.0,1316.0,5434871
2026-08-24 00:00:00+05:30,1316.5999755859375,1320.0,1302.4000244140625,1309.800048828125,7277167
2026-08-25 00:00:00+05:30,1304.300048828125,1317.0999755859375,1300.0,1317.0,7115355
2026-08-26 00:00:00+05:30,1310.0,1315.5999755859375,1298.0,1298.0,5744474
2026-08-27 00:00:00+05:30,1305.0,1308.4000244140625,1282.199951171875,1282.199951171875,11271497
2026-08-28 00:00:00+05:30,1284.9000244140625,1291.800048828125,1280.0,1287.0,6830228
2026-08-31 00:00:00+05:30,1278.699951171875,1297.5999755859375,1271.0,1277.0,34871137
2026-09-01 00:00:00+05:30,1285.0,1311.800048828125,1280.0,1309.0,12617528
2026-09-02 00:00:00+05:30,1298.0,1321.9000244140625,1293.0999755859375,1313.0999755859375,13497841
2026-09-03 00:00:00+05:30,1313.0999755859375,1316.800048828125,1302.5,1302.5,9721454
2026-09-04 00:00:00+05:30,1304.0999755859375,1333.0,1304.0999755859375,1322.0,13031534
