Date,Open,High,Low,Close,Volume
2011-09-05 00:00:00+05:30,361.2650503069727,367.4532750765729,355.0946034885032,365.4972229003906,3789658
2011-09-06 00:00:00+05:30,362.0474925407709,370.58299334723307,357.42409627060385,367.7022705078125,4763292
2011-09-07 00:00:00+05:30,367.7733307525111,373.4281079267322,364.53696249990526,366.67083740234375,4432156
2011-09-08 00:00:00+05:30,367.38209039906815,375.1884978973072,365.9595072803883,368.4668273925781,4892662
2011-09-09 00:00:00+05:30,369.871664879654,373.997147843629,359.4334684045118,361.35394287109375,5062650
2011-09-12 00:00:00+05:30,355.6458199958897,357.01504772011464,348.05279042173674,350.5600891113281,3297170
2011-09-13 00:00:00+05:30,354.86333461793714,364.18125786163523,351.64474483466,353.4229736328125,3798204
2011-09-14 00:00:00+05:30,356.00142492531296,365.9595067414056,353.42299302650326,361.0160217285156,4745632
2011-09-15 00:00:00+05:30,365.6039188349307,371.9344320713272,359.20229379696497,370.4940490722656,3852238
2011-09-16 00:00:00+05:30,372.7168429594381,381.3946101996505,363.221094622813,365.5150146484375,4656504
2011-09-19 00:00:00+05:30,363.29219846231337,367.2043024105125,360.0913861410595,362.0652160644531,2240234
2011-09-20 00:00:00+05:30,363.505539715795,378.40710644365583,363.505539715795,376.25543212890625,3487986
2011-09-21 00:00:00+05:30,379.81194776091695,379.81194776091695,368.7691707592627,371.1164245605469,2740760
2011-09-22 00:00:00+05:30,363.82560410624683,367.73770737620646,350.73784478085156,353.6541442871094,3141570
2011-09-23 00:00:00+05:30,351.378094338547,360.9805321392967,349.33313073283176,352.1960754394531,4564232
2011-09-26 00:00:00+05:30,354.2231368635381,358.4908855004482,344.6207024304904,354.5610046386719,3388478
2011-09-27 00:00:00+05:30,360.55374345928993,371.64989786121515,357.77971028553344,370.0672912597656,3964578
2011-09-28 00:00:00+05:30,372.8945616244216,378.6560052968807,368.8046355789463,372.6811828613281,4425190
2011-09-29 00:00:00+05:30,371.0274474929152,379.8296802515537,368.34230457880443,377.50018310546875,5380350
2011-09-30 00:00:00+05:30,373.3925667776578,378.40716431371726,367.4176994492906,368.91143798828125,2691018
2011-10-03 00:00:00+05:30,362.7587234111262,373.3925417311329,361.08718377559745,371.0452880859375,3949264
2011-10-04 00:00:00+05:30,369.3026623102308,376.6289581967368,365.99513851295455,371.9877624511719,4718224
2011-10-05 00:00:00+05:30,375.02855154641105,378.0515412933475,370.22733253657077,371.1342468261719,3415262
2011-10-07 00:00:00+05:30,382.35484691093666,383.31511675988935,368.98257155470225,372.9124755859375,5085808
2011-10-10 00:00:00+05:30,372.7168895010813,381.96368256122264,372.7168895010813,378.6561584472656,3854814
2011-10-11 00:00:00+05:30,382.3192638650404,383.38620134559403,367.9156078775668,370.1739501953125,4476374
2011-10-12 00:00:00+05:30,379.11838789136766,387.4405075278386,377.6958048223569,383.75958251953125,5871662
2011-10-13 00:00:00+05:30,389.9655991700224,392.9707886562948,384.1329996743244,388.6319274902344,5408918
2011-10-14 00:00:00+05:30,387.44047180842875,405.7028715904258,387.2626489411965,403.39117431640625,6710132
2011-10-17 00:00:00+05:30,409.5262261024412,410.41534079219906,395.22927925665715,398.41229248046875,4358690
2011-10-18 00:00:00+05:30,377.6958024018873,378.4960053730777,362.93650315548587,367.57769775390625,12006778
2011-10-19 00:00:00+05:30,370.9385210784409,374.99289135304343,368.16446683429484,373.0545959472656,3827420
2011-10-20 00:00:00+05:30,368.44900191254,372.36110521470016,366.4218384760269,371.6142578125,2245412
2011-10-21 00:00:00+05:30,375.1707232891394,376.98450799389934,370.93853003550663,373.37469482421875,2461130
2011-10-24 00:00:00+05:30,376.9844805926574,388.4718552441557,376.8066577244533,384.00848388671875,3271720
2011-10-25 00:00:00+05:30,388.3774164204761,394.7968778489137,382.1184241138458,391.8189697265625,4158746
2011-10-28 00:00:00+05:30,402.64294615910086,406.2449691228359,396.22348377569625,399.9681701660156,3259116
2011-10-31 00:00:00+05:30,399.43309840433386,403.7127387443803,396.5800048443029,397.93524169921875,1778740
2011-11-01 00:00:00+05:30,395.15337370884305,400.502922991905,390.9628934371112,395.3138427734375,1458210
2011-11-02 00:00:00+05:30,392.746099141532,400.0928052062655,392.3003033422794,394.7432556152344,1550844
2011-11-03 00:00:00+05:30,391.51582059789433,395.6527979694037,387.66412649025204,394.0835876464844,1891268
2011-11-04 00:00:00+05:30,399.7897145554912,401.2162612622012,387.73537746989103,392.2290344238281,2716008
2011-11-08 00:00:00+05:30,390.873900400786,397.5786890989379,390.873900400786,394.17279052734375,1692104
2011-11-09 00:00:00+05:30,395.8667405643487,408.7056618799492,394.54720217636907,400.48516845703125,3921980
2011-11-11 00:00:00+05:30,395.866708932568,406.92244584870275,394.8859580771044,403.3560791015625,3629590
2011-11-14 00:00:00+05:30,406.5659022271341,412.2720903285675,401.0380325038704,402.4289245605469,2329150
2011-11-15 00:00:00+05:30,401.23414190086487,406.19135726671425,399.4331091288377,401.0023193359375,1468478
2011-11-16 00:00:00+05:30,401.5729332559192,403.99808028451037,394.1548723147323,398.4523620605469,1871602
2011-11-17 00:00:00+05:30,397.6498039092055,400.68121497039675,395.0106843960438,397.70330810546875,1391988
2011-11-18 00:00:00+05:30,394.3510868538269,395.79548310721344,383.8481519658133,387.521484375,2789442
2011-11-21 00:00:00+05:30,386.9507496252217,388.12766793659756,378.0704886918504,380.60260009765625,2871704
2011-11-22 00:00:00+05:30,381.20890457341585,390.5171119597541,376.9649199465389,385.82733154296875,3723582
2011-11-23 00:00:00+05:30,385.8630706089246,385.8630706089246,371.25881476201516,378.8551940917969,2355750
2011-11-24 00:00:00+05:30,378.74809615938057,391.01640477958995,372.68527352782735,389.3758850097656,3766844
2011-11-25 00:00:00+05:30,386.95083778623956,387.98509297206635,377.0006646790709,379.4258117675781,2140604
2011-11-28 00:00:00+05:30,384.43659183027745,390.8739029932964,383.02789399160616,388.1991271972656,1504486
2011-11-29 00:00:00+05:30,389.80394127539523,394.40456374488326,387.37879412620197,389.91094970703125,2554696
2011-11-30 00:00:00+05:30,385.5778178806027,400.4852074036998,385.5778178806027,397.84613037109375,3481698
2011-12-01 00:00:00+05:30,406.5657969497914,409.6150578408144,401.6441935728153,404.7113037109375,2481448
2011-12-02 00:00:00+05:30,404.7290711370352,422.61440685123256,402.85672882820063,420.1179504394531,3968866
2011-12-05 00:00:00+05:30,418.15642100000184,422.22208701987137,414.60790418025255,421.16998291015625,1530476
2011-12-07 00:00:00+05:30,420.83130650363444,425.43192864609097,418.54882291395216,420.67083740234375,2637422
2011-12-08 00:00:00+05:30,417.2648511195152,424.04094699239624,416.2484454455319,419.97528076171875,3326444
2011-12-09 00:00:00+05:30,414.0551223352954,421.8298181875303,414.0551223352954,418.12078857421875,2763230
2011-12-12 00:00:00+05:30,419.40448115488124,424.39739164482035,411.9507703593845,420.9558410644531,3172170
2011-12-13 00:00:00+05:30,419.0480765147977,426.85842809466146,416.0701691035359,420.36761474609375,3274558
2011-12-14 00:00:00+05:30,421.009623457797,424.0410354013728,417.2649381157327,421.7050476074219,3346176
2011-12-15 00:00:00+05:30,420.72439154641694,424.3621128197673,411.772817084001,421.7229919433594,3669372
2011-12-16 00:00:00+05:30,419.6008497466625,421.7406695537226,403.8196786695941,408.8125915527344,3550896
2011-12-19 00:00:00+05:30,406.20930599188944,412.7714316700898,397.43604961771814,407.86767578125,3667724
2011-12-20 00:00:00+05:30,408.47379278303293,410.5244535928879,402.37531455980525,404.19415283203125,1809396
2011-12-21 00:00:00+05:30,410.132172171086,415.83835891433586,400.3068144586526,413.2348937988281,3116976
2011-12-22 00:00:00+05:30,410.8454727779058,415.07160890812384,404.51517143953095,410.73846435546875,2086268
2011-12-23 00:00:00+05:30,410.4888046920403,414.4118080383587,406.2448196377096,412.68212890625,1578590
2011-12-26 00:00:00+05:30,412.6821007400435,424.46891568707247,411.3803682842969,423.8269958496094,2229352
2011-12-27 00:00:00+05:30,422.7570849456041,424.3976047950053,417.2648719413077,420.63507080078125,983902
2011-12-28 00:00:00+05:30,420.3676629243206,422.09738575555133,415.80273926293023,416.9796142578125,1197910
2011-12-29 00:00:00+05:30,414.9467400303306,420.15362638521435,413.52019343804756,415.7313232421875,1585728
2011-12-30 00:00:00+05:30,420.11790347016654,421.7227681268862,412.45021677695047,413.9302673339844,1545410
2012-01-02 00:00:00+05:30,414.055173534874,422.95324103027224,411.20208017718323,420.33197021484375,2248542
2012-01-03 00:00:00+05:30,421.99024483527694,431.4946186593685,420.8311759185521,427.10797119140625,2708884
2012-01-04 00:00:00+05:30,429.71174611092147,429.7474010887048,417.01548305127164,418.33502197265625,2386770
2012-01-05 00:00:00+05:30,418.26362883702,422.61458009583146,416.31993228449795,417.9783020019531,2547312
2012-01-06 00:00:00+05:30,415.8383604435409,423.80918137288006,412.5573204680065,417.0509338378906,2119728
2012-01-09 00:00:00+05:30,417.62146275117635,420.724183788121,415.5708022807927,417.74627685546875,1509028
2012-01-10 00:00:00+05:30,419.0480622516682,422.7927470632789,413.16355754770865,415.6243591308594,3591790
2012-01-11 00:00:00+05:30,417.7643156320859,419.0481992803756,404.1229593576397,405.4960021972656,5675380
2012-01-12 00:00:00+05:30,392.6570784142938,397.64999312619216,381.1198877691094,388.5557556152344,9528684
2012-01-13 00:00:00+05:30,391.28399011100214,393.49512038402037,382.6712045267708,387.21832275390625,4019828
2012-01-16 00:00:00+05:30,386.5943092172767,397.2934137159098,384.7754701594626,395.65289306640625,3047202
2012-01-17 00:00:00+05:30,399.39764328562404,401.10947415732795,390.1607395562676,393.7092590332031,3704218
2012-01-18 00:00:00+05:30,385.1676287438232,390.9808242582097,372.7923529008625,383.7945861816406,11665532
2012-01-19 00:00:00+05:30,387.66410032067074,388.3417187705924,379.96075616016395,383.58062744140625,4163292
2012-01-20 00:00:00+05:30,385.14984900985064,389.07285334399694,382.67124095808964,384.9893798828125,2572694
2012-01-23 00:00:00+05:30,387.3073300637774,389.25098203187764,383.08119525207354,384.34722900390625,2130496
2012-01-24 00:00:00+05:30,388.02069645225777,390.5171531389911,384.45432975692455,388.27032470703125,2641310
2012-01-25 00:00:00+05:30,391.5604780307701,396.9426648827348,390.18364156422314,392.6690979003906,5845238
2012-01-27 00:00:00+05:30,395.1724059439297,400.7334468561068,393.420048987469,396.51348876953125,5209718
2012-01-30 00:00:00+05:30,394.27848141676446,400.16134923302457,393.65264255737276,397.58648681640625,2595558
2012-01-31 00:00:00+05:30,398.0335253267327,406.22308278189666,398.0335253267327,404.9714050292969,3538120
2012-02-01 00:00:00+05:30,403.898555113298,405.9012308693955,396.334836221152,403.648193359375,2288804
2012-02-02 00:00:00+05:30,406.2587660945667,412.21318367722637,404.22033728304797,410.55023193359375,3386140
2012-02-03 00:00:00+05:30,409.4773736998739,420.5636606734076,408.0468850581276,418.9722595214844,2777558
2012-02-06 00:00:00+05:30,423.3173309551973,429.1644881624342,419.6159503509716,426.94720458984375,3427196
2012-02-07 00:00:00+05:30,432.61546632413047,432.61546632413047,426.24981870431645,428.4313049316406,3407656
2012-02-08 00:00:00+05:30,435.01167797807074,438.7488127222565,433.0805092553346,436.1739501953125,3627184
2012-02-09 00:00:00+05:30,433.11597443479667,440.5902826028141,424.85491536699936,439.3743591308594,3038062
2012-02-10 00:00:00+05:30,439.1599877197308,442.7362091180999,433.43803348234013,441.0911560058594,2324302
2012-02-13 00:00:00+05:30,437.0857858208225,442.71833483219933,434.1533015753315,438.33746337890625,1631770
2012-02-14 00:00:00+05:30,438.08715257488313,439.71435088932395,434.5109309212106,436.2990417480469,1826646
2012-02-15 00:00:00+05:30,438.855998373614,446.5985260923281,436.1201803929079,444.02362060546875,2167166
2012-02-16 00:00:00+05:30,442.73639406869864,444.166883225625,435.58394828406705,438.21246337890625,1886660
2012-02-17 00:00:00+05:30,441.6097090692511,448.45818206383524,436.6566509568922,439.42822265625,4096568
2012-02-21 00:00:00+05:30,437.5684949463808,443.4513604516478,430.8451826646151,442.3963928222656,2489504
2012-02-22 00:00:00+05:30,441.66339738154375,453.0536552145837,439.5176642768561,447.8681335449219,3141826
2012-02-23 00:00:00+05:30,446.6878504616362,455.93237196003537,444.88184160084,450.53228759765625,4086880
2012-02-24 00:00:00+05:30,450.2464224988081,458.06046009948693,449.62058354775735,454.1802673339844,2346400
2012-02-27 00:00:00+05:30,457.39882681664466,457.7385504691456,445.45423574343164,447.76092529296875,1861370
2012-02-28 00:00:00+05:30,448.9053429881553,450.7471063627756,435.9772895257973,438.6416015625,3973490
2012-02-29 00:00:00+05:30,443.4514037362238,443.4514037362238,433.52739046712685,436.9963073730469,3060216
2012-03-01 00:00:00+05:30,437.37174639721917,438.78433596567925,432.7405585314778,436.15582275390625,1568594
2012-03-02 00:00:00+05:30,438.44468402216194,438.802306113534,431.6498642860925,435.31549072265625,2309232
2012-03-05 00:00:00+05:30,434.15309945135596,437.1749878298421,429.5040135428983,431.7570495605469,1540878
2012-03-06 00:00:00+05:30,430.2195301785842,436.76403425928333,425.2128191041867,429.8619079589844,1717722
2012-03-07 00:00:00+05:30,427.3585265836163,431.29237076137343,424.33663647272425,426.5896301269531,1945666
2012-03-09 00:00:00+05:30,438.8024581124762,438.8024581124762,430.20162637367724,432.204345703125,2225758
2012-03-12 00:00:00+05:30,434.832579787515,435.8875471800288,423.13831469857956,425.2304382324219,2240278
2012-03-13 00:00:00+05:30,425.57034498069714,434.49299987772775,425.57034498069714,428.0736999511719,2492464
2012-03-14 00:00:00+05:30,432.7586178376754,434.1533531562557,411.6231544339788,412.8927307128906,8065314
2012-03-15 00:00:00+05:30,414.484110193716,418.75767781954255,409.4773996305477,416.1649169921875,4284236
2012-03-16 00:00:00+05:30,418.4000329844181,421.9941531918429,414.1264655899611,418.25701904296875,2054724
2012-03-19 00:00:00+05:30,418.2570904819378,418.2570904819378,397.6044069994872,401.25213623046875,5132864
2012-03-20 00:00:00+05:30,403.7552709345723,409.47722340131554,400.53667267202917,405.84735107421875,3683204
2012-03-21 00:00:00+05:30,406.59848627209186,421.92263033462035,406.45547233602736,420.4742431640625,4553242
2012-03-22 00:00:00+05:30,420.0987685224569,425.4631013646865,414.8417397990928,417.6133117675781,3421694
2012-03-23 00:00:00+05:30,420.2061024232396,426.2499265848488,416.5583732940133,423.65716552734375,3158436
2012-03-26 00:00:00+05:30,420.9213001402821,423.7822775414055,412.6959901120523,415.4139099121094,3053384
2012-03-27 00:00:00+05:30,419.4908298671842,421.86902616734795,411.96286528776824,420.1166687011719,1588246
2012-03-28 00:00:00+05:30,419.8482807217016,420.08074378189855,412.8567522817411,416.6654357910156,2051096
2012-03-29 00:00:00+05:30,411.6230921966774,416.2721801189683,404.97132897733223,408.1183776855469,2681214
2012-03-30 00:00:00+05:30,409.65624603778036,420.4743180086602,409.65624603778036,417.9888610839844,2543342
2012-04-02 00:00:00+05:30,418.4179035879115,428.7889456426546,418.4179035879115,427.0902404785156,2326988
2012-04-03 00:00:00+05:30,429.21800127671,431.7750078697257,420.3132464435388,421.27880859375,2269154
2012-04-04 00:00:00+05:30,418.06051927715566,425.4990814791027,417.345274590625,421.4400329589844,2165054
2012-04-09 00:00:00+05:30,418.41796305425146,424.8551624858554,414.21590231417673,416.3079833984375,1576628
2012-04-10 00:00:00+05:30,417.09486895475203,420.4386284321397,412.07025862342016,413.48284912109375,1532992
2012-04-11 00:00:00+05:30,411.15801974631927,413.053433918086,405.97250044604897,407.0096130371094,1781586
2012-04-12 00:00:00+05:30,407.77866683666866,410.5502385691696,403.79117103244795,404.703125,2114686
2012-04-13 00:00:00+05:30,390.29079749237985,395.0650429081476,379.52638301605253,382.06549072265625,8994680
2012-04-16 00:00:00+05:30,380.95698455004634,384.19348237834316,376.68341744001793,382.5662841796875,5016110
2012-04-17 00:00:00+05:30,388.0199799848773,391.5783024314777,384.0146299115662,390.112060546875,2473664
2012-04-18 00:00:00+05:30,393.38430486490574,398.64133220426584,391.1849202476074,392.5081481933594,2882264
2012-04-19 00:00:00+05:30,393.7061709218923,395.8161500016389,390.20145694841204,394.43927001953125,1767416
2012-04-20 00:00:00+05:30,390.9704184924784,396.22744667586466,385.3021161024217,389.2538146972656,2450024
2012-04-23 00:00:00+05:30,391.2207881452642,394.24272192765744,374.66290648179717,380.59942626953125,2843868
2012-04-24 00:00:00+05:30,401.2520265492208,430.93466309430573,399.5712200141074,427.07232666015625,18113782
2012-04-25 00:00:00+05:30,425.2126955100267,425.57031762567857,417.52382002351237,418.79339599609375,5417898
2012-04-26 00:00:00+05:30,418.418061664691,429.8262209658776,416.451139152592,427.23345947265625,5476292
2012-04-27 00:00:00+05:30,425.5702564328216,433.43794184586534,425.5702564328216,430.57696533203125,3711146
2012-04-30 00:00:00+05:30,430.5770136289656,447.02763042874335,430.5770136289656,445.81170654296875,4604822
2012-05-02 00:00:00+05:30,444.20238993016306,455.75360091665857,444.20238993016306,453.19659423828125,3981448
2012-05-03 00:00:00+05:30,451.5694152945569,459.2225370856672,450.08531848029986,457.5774841308594,3358922
2012-05-04 00:00:00+05:30,457.7563729821543,463.210111019637,451.6946947238245,456.61199951171875,3571718
2012-05-07 00:00:00+05:30,450.603883489747,457.21989289019166,446.4554755156123,455.3423767089844,2627762
2012-05-08 00:00:00+05:30,438.0871164677098,441.5560337238439,427.59091551028854,429.3968811035156,9631578
2012-05-09 00:00:00+05:30,427.35855910521684,441.5203904918344,427.0366903715321,438.283935546875,9271544
2012-05-10 00:00:00+05:30,438.28375483085097,444.0951135940541,438.08704522608093,440.787109375,2992620
2012-05-11 00:00:00+05:30,437.72942256055757,442.34275608815943,436.7280632822271,440.14337158203125,2745190
2012-05-14 00:00:00+05:30,438.9096741830006,441.30572508245064,436.2990150734115,438.4268493652344,2573752
2012-05-15 00:00:00+05:30,437.7296364170279,440.9482366848002,436.2276404207582,438.55218505859375,1875510
2012-05-16 00:00:00+05:30,436.2989991212415,444.1309325086072,431.56050589308046,437.5149230957031,4567936
2012-05-17 00:00:00+05:30,437.01440429687494,441.66349370428856,428.806990843504,437.014404296875,4137524
2012-05-18 00:00:00+05:30,430.8631196601693,438.0513150743992,430.0942234210884,432.9552001953125,2656670
2012-05-21 00:00:00+05:30,433.08032165306554,438.0870305739102,430.5948657579468,432.43658447265625,2227088
2012-05-22 00:00:00+05:30,436.656549672109,443.45136903637604,433.79557309768074,437.747314453125,2360916
2012-05-23 00:00:00+05:30,440.94788768993436,441.8598411727145,434.18882374616385,438.14056396484375,2162806
2012-05-24 00:00:00+05:30,438.0869583988516,439.4995478639215,431.68551574511946,436.8173828125,1205674
2012-05-25 00:00:00+05:30,433.4738051031719,438.0871396311133,432.4009386387692,436.58514404296875,915046
2012-05-28 00:00:00+05:30,437.729540339022,439.87527337989957,434.5288393483998,437.9798583984375,790194
2012-05-29 00:00:00+05:30,439.1600047712088,446.3124478456585,435.7268408264826,443.5766296386719,1575032
2012-05-30 00:00:00+05:30,440.3223806359424,449.53115326650124,440.3223806359424,443.6482849121094,1581514
2012-05-31 00:00:00+05:30,436.65662534955476,449.13764654960517,436.65662534955476,445.3647155761719,4411602
2012-06-01 00:00:00+05:30,443.451450933186,445.2395616224327,435.7625749694251,437.9440612792969,1479528
2012-06-04 00:00:00+05:30,432.7228292563073,434.86856229394186,427.7876258077276,433.8851013183594,1204430
2012-06-05 00:00:00+05:30,434.15337943175444,440.19720374134624,434.15337943175444,438.6236572265625,2063398
2012-06-06 00:00:00+05:30,439.8750375752933,451.9447794599812,439.5531690606962,447.4387512207031,3291908
2012-06-07 00:00:00+05:30,451.7315684106586,452.78211578595426,446.13475151030644,449.2682189941406,2149728
2012-06-08 00:00:00+05:30,446.0080334383045,450.1377464595121,443.45416396637734,445.8993835449219,2400244
2012-06-11 00:00:00+05:30,446.6599646747698,451.38740534676845,444.52265348550344,446.8592224121094,1545048
2012-06-12 00:00:00+05:30,442.34927894294094,453.90521464022214,442.34927894294094,452.1301574707031,1092142
2012-06-13 00:00:00+05:30,452.45596951053847,456.4407698825288,450.1375313590927,452.963134765625,1450858
2012-06-14 00:00:00+05:30,452.45624309825746,456.9844280772232,451.0072239049884,454.26751708984375,1471124
2012-06-15 00:00:00+05:30,454.2855073952944,463.68599882385786,452.45610353984256,460.9509582519531,1986040
2012-06-18 00:00:00+05:30,462.23712450258887,465.98645283606515,452.818499708649,455.40863037109375,1495388
2012-06-19 00:00:00+05:30,455.317938187247,463.4143218332481,454.66586204345003,461.4943542480469,1769058
2012-06-20 00:00:00+05:30,461.5124224661593,461.5124224661593,450.3912224387458,453.8326416015625,1753740
2012-06-21 00:00:00+05:30,451.0252257938834,453.5428782364513,437.9659263481387,443.4178771972656,4155980
2012-06-22 00:00:00+05:30,439.8678763923854,449.15972055003544,439.8678763923854,446.8231506347656,1919560
2012-06-25 00:00:00+05:30,448.1090956955003,448.65247778405586,438.6904728272036,440.7734375,1588758
2012-06-26 00:00:00+05:30,441.0452528301465,448.1092219719846,440.88225584586655,447.4209289550781,1109714
2012-06-27 00:00:00+05:30,447.8374413343783,456.00630375634216,447.8374413343783,451.62298583984375,2305862
2012-06-28 00:00:00+05:30,451.71351294339604,457.85375708204873,447.8374050630211,456.02435302734375,1894228
2012-06-29 00:00:00+05:30,457.65445524741847,466.22178753773335,457.49145832460863,462.7622375488281,1990150
2012-07-02 00:00:00+05:30,463.32367286996526,463.32367286996526,455.1548132558574,456.2415771484375,2111100
2012-07-03 00:00:00+05:30,458.2522589015347,459.99109939032985,445.6820367605982,448.9785461425781,2227292
2012-07-04 00:00:00+05:30,450.4636603344209,452.6371882491829,446.1347349257354,452.0394592285156,1301806
2012-07-05 00:00:00+05:30,452.03958548930234,452.03958548930234,447.45705401160825,449.4132385253906,1520876
2012-07-06 00:00:00+05:30,449.1960343070652,453.8329142849124,444.4867210441686,452.0035095214844,1929928
2012-07-09 00:00:00+05:30,451.0073668424121,458.0894680822621,450.4096373916394,456.2238464355469,1912768
2012-07-10 00:00:00+05:30,458.2521903625499,460.1540275162285,452.6553729985134,457.0567321777344,2517598
2012-07-11 00:00:00+05:30,453.99576063853937,461.6936739946686,453.99576063853937,455.8251647949219,2034538
2012-07-12 00:00:00+05:30,443.76211505877546,452.8184847538525,441.69728045651993,447.7469177246094,7859080
2012-07-13 00:00:00+05:30,461.4399430185845,465.1349223772934,450.282483267115,452.6009216308594,7217154
2012-07-16 00:00:00+05:30,452.4562376631737,456.16934930132226,435.75630050546556,437.3683166503906,3620626
2012-07-17 00:00:00+05:30,441.2263312627324,443.39985998816456,425.7218086664275,429.59796142578125,6383816
2012-07-18 00:00:00+05:30,432.8943271518964,436.299529866488,426.91712514519656,433.0030212402344,2975286
2012-07-19 00:00:00+05:30,435.7925638648294,438.3283476944668,432.985088910588,435.06805419921875,1335352
2012-07-20 00:00:00+05:30,435.06795956593857,444.8488379242069,434.814398926352,443.0556945800781,3378226
2012-07-23 00:00:00+05:30,438.67962114924336,445.65199474705963,436.1376034770209,440.94927978515625,2903198
2012-07-24 00:00:00+05:30,438.7160915836267,442.5472945315835,434.7214908842273,439.097412109375,1648092
2012-07-25 00:00:00+05:30,437.22719748443495,441.94808915162565,434.6488732089803,440.54998779296875,1666030
2012-07-26 00:00:00+05:30,440.49551600771747,443.40068016935123,432.21578041534644,435.21173095703125,2945746
2012-07-27 00:00:00+05:30,441.221923729619,446.74171936472266,436.95496273881815,444.96234130859375,1842976
2012-07-30 00:00:00+05:30,448.4483501747475,451.3353389321481,441.05834871941494,447.0320739746094,2625712
2012-07-31 00:00:00+05:30,448.48463743699557,453.6594601766532,445.3071147021181,451.6258544921875,1979964
2012-08-01 00:00:00+05:30,449.61057864902835,452.04368087567616,443.8002487885662,444.7262878417969,1295750
2012-08-02 00:00:00+05:30,446.65094311027804,449.10217607558843,443.76395312729915,447.6859436035156,951058
2012-08-03 00:00:00+05:30,445.9426181708007,450.39114998887266,442.3474693050337,449.17462158203125,977736
2012-08-06 00:00:00+05:30,452.1161342451572,453.2055707132178,444.92583582424373,446.2695007324219,1015540
2012-08-07 00:00:00+05:30,449.9373055184992,459.8148460677391,448.357631350454,459.03411865234375,2099154
2012-08-08 00:00:00+05:30,459.37913607009796,459.9783351134392,452.6246374806965,453.64141845703125,1643000
2012-08-09 00:00:00+05:30,454.02265175469705,460.4140035534135,454.02265175469705,456.8915100097656,1129474
2012-08-10 00:00:00+05:30,456.1106644275269,466.6418819979077,456.01987806916156,464.8443298339844,3082356
2012-08-13 00:00:00+05:30,464.49937076190776,464.49937076190776,456.56465095536424,459.85113525390625,1428038
2012-08-14 00:00:00+05:30,457.5632777783819,462.37495510422605,457.29091868446625,460.61370849609375,1136930
2012-08-16 00:00:00+05:30,461.24925994923024,461.75767250875845,454.6944660241104,458.8525085449219,1788292
2012-08-17 00:00:00+05:30,459.39718512113245,466.4603466358725,459.0158646537508,464.3177795410156,1287576
2012-08-21 00:00:00+05:30,464.7899594944258,473.9049031723429,463.7731343076285,471.59893798828125,2051576
2012-08-22 00:00:00+05:30,470.6000694024826,475.3572646365057,467.76751793191823,469.05670166015625,1134096
2012-08-23 00:00:00+05:30,469.0933731449638,481.53111112074475,469.0933731449638,480.6050720214844,2337314
2012-08-24 00:00:00+05:30,479.3521290028124,482.40256050777936,476.81011013688834,480.3870849609375,1578938
2012-08-27 00:00:00+05:30,477.972073570542,483.3103388416746,477.53631671665835,479.51544189453125,967200
2012-08-28 00:00:00+05:30,481.8758812661068,491.9350377496853,477.5363104729892,490.5732421875,2266204
2012-08-29 00:00:00+05:30,490.2463808739009,493.1515446124129,484.7991988641909,487.8133239746094,2139290
2012-08-30 00:00:00+05:30,486.5787104561603,504.33653595592045,480.5868091379724,496.47442626953125,3333432
2012-08-31 00:00:00+05:30,492.7885157385538,493.51480684502184,484.6722214896319,487.9768371582031,1773848
2012-09-03 00:00:00+05:30,490.2465478650036,492.0259701268172,484.07307281781465,485.8343200683594,1223826
2012-09-04 00:00:00+05:30,484.0368076488985,489.15715204497934,480.0966865224139,486.9237976074219,1508018
2012-09-05 00:00:00+05:30,486.43347649942956,497.872561613078,483.7098848057038,495.5121154785156,2028960
2012-09-06 00:00:00+05:30,495.3668255299113,501.1045428316391,491.5719723434865,499.5429992675781,2291684
2012-09-07 00:00:00+05:30,504.7721280728629,507.24153463255504,500.7412228224525,503.57373046875,2636656
2012-09-10 00:00:00+05:30,502.3030022814215,502.55723081220606,496.03874035601183,498.0360412597656,1476024
2012-09-11 00:00:00+05:30,497.14630869338885,506.80597244348604,495.34875576913015,505.7347106933594,1274180
2012-09-12 00:00:00+05:30,507.296207414973,516.0298764690561,504.73605763738686,513.814697265625,2114466
2012-09-13 00:00:00+05:30,513.1247154031781,517.1011418566438,511.8718808573726,514.8314819335938,1881210
2012-09-14 00:00:00+05:30,518.5718270767006,522.8569621470053,509.18452380675126,513.1609497070312,2814840
2012-09-17 00:00:00+05:30,515.0311987328099,516.229596831753,484.9809031607034,487.3776550292969,5094390
2012-09-18 00:00:00+05:30,488.43082577680127,488.43082577680127,469.3838570312014,472.01666259765625,7220206
2012-09-20 00:00:00+05:30,470.2732609043323,485.48906099172405,469.03855776274503,480.07818603515625,4042506
2012-09-21 00:00:00+05:30,481.1316978375872,483.8189846100001,471.47203206638267,473.56011962890625,4247758
2012-09-24 00:00:00+05:30,475.72049911324,476.80993537075125,463.7367002806164,468.2578430175781,4937020
2012-09-25 00:00:00+05:30,468.49391743971273,475.62973411264073,465.66140964057826,469.6196594238281,3823694
2012-09-26 00:00:00+05:30,470.3460513449293,473.90489510887915,465.55254829853106,466.85986328125,3292812
2012-09-27 00:00:00+05:30,464.86258866174694,471.90762087893313,457.96282352384793,461.7577209472656,5605398
2012-09-28 00:00:00+05:30,464.3905314490595,473.9049268072675,463.5552789804421,470.6003112792969,2912996
2012-10-01 00:00:00+05:30,470.2735631219572,475.6481358607844,469.565446916929,473.1605529785156,1795618
2012-10-03 00:00:00+05:30,472.4522833511565,481.16777512704255,472.4522833511565,480.31439208984375,2318230
2012-10-04 00:00:00+05:30,479.35200280479506,479.95120167415695,475.23031073744306,478.3170471191406,1319284
2012-10-05 00:00:00+05:30,475.8112541795508,479.1158684108412,383.11839203161696,473.5415954589844,3836110
2012-10-08 00:00:00+05:30,475.72063721139915,477.6271512154906,466.8053968510277,469.4382019042969,1685408
2012-10-09 00:00:00+05:30,471.32663636006987,471.6534762335136,466.64204971882396,470.2190246582031,1291154
2012-10-10 00:00:00+05:30,467.0049988378539,472.7245390646783,466.64185342662694,468.2215270996094,1163978
2012-10-11 00:00:00+05:30,468.54837708462435,472.6519380529599,467.02318405581855,468.2578430175781,1635526
2012-10-12 00:00:00+05:30,464.3905317930467,477.04614492831286,462.35688131652216,471.52630615234375,2469542
2012-10-15 00:00:00+05:30,469.9104003545993,472.96083222121484,467.54995398496646,470.1464538574219,814528
2012-10-16 00:00:00+05:30,470.9997625050007,475.7932658720252,467.65884128910966,470.6003112792969,1282744
2012-10-17 00:00:00+05:30,472.56125345160893,473.8685683762628,461.92107264712723,465.97015380859375,1597480
2012-10-18 00:00:00+05:30,467.09605904810087,476.08391324552787,464.8990102903432,474.7584228515625,1447128
2012-10-19 00:00:00+05:30,475.3576359540765,476.2291943434583,465.5527038144584,468.3489074707031,2825616
2012-10-22 00:00:00+05:30,481.20402923509334,484.7628723938589,473.17852361749055,478.9525451660156,5397342
2012-10-23 00:00:00+05:30,480.8046287176498,480.8046287176498,476.41057715489353,477.39105224609375,1136696
2012-10-25 00:00:00+05:30,477.5362380441206,480.7682412206926,473.6324246912884,477.663330078125,2254470
2012-10-29 00:00:00+05:30,476.08366511441574,479.2793626729814,472.37959941045364,475.1394958496094,815628
2012-10-30 00:00:00+05:30,473.6869956586216,480.0783475467916,473.6869956586216,476.26531982421875,805268
2012-10-31 00:00:00+05:30,476.4837938610879,479.2864523133605,474.62751415663007,478.8132629394531,999536
2012-11-01 00:00:00+05:30,478.59487605577266,480.57853919151245,476.8841521003144,478.7222595214844,1579768
2012-11-02 00:00:00+05:30,482.23455271348024,487.00265653326534,479.8686952639539,484.527587890625,1673974
2012-11-05 00:00:00+05:30,486.2385458010275,488.95016595066403,482.3803852948225,483.9454650878906,1223826
2012-11-06 00:00:00+05:30,482.27099095336587,486.78432835866084,480.25089469058895,480.65130615234375,1297466
2012-11-07 00:00:00+05:30,482.27074021823955,485.3099469402277,480.99681750822907,484.6365966796875,1058390
2012-11-08 00:00:00+05:30,481.9069635650548,485.80151113267766,479.21351696710303,484.527587890625,1239044
2012-11-09 00:00:00+05:30,484.0907005165842,485.27362892010217,480.7785098729148,482.2525939941406,711382
2012-11-12 00:00:00+05:30,480.45095673121955,490.6423406618818,480.45095673121955,485.7286376953125,1466782
2012-11-15 00:00:00+05:30,480.4876364127596,481.1792039127395,469.89587916138174,471.04241943359375,1735402
2012-11-16 00:00:00+05:30,473.09881184427655,475.646658865744,465.9284157110198,468.3670959472656,1598890
2012-11-19 00:00:00+05:30,469.56816632337336,471.3516680074239,458.0664665539328,459.4677734375,1676286
2012-11-20 00:00:00+05:30,464.07203524425285,466.9474708586162,457.1746686496558,463.27130126953125,1256040
2012-11-21 00:00:00+05:30,464.52688425107266,471.2422600257684,464.52688425107266,466.6925354003906,941744
2012-11-22 00:00:00+05:30,466.6562161692321,467.3841722179887,462.61606898481523,464.5997314453125,611624
2012-11-23 00:00:00+05:30,466.62009143242784,470.0414956848123,462.70732545512783,469.0223388671875,749676
2012-11-26 00:00:00+05:30,468.8037910962362,471.6064046836825,467.71185680020454,470.8784484863281,456334
2012-11-27 00:00:00+05:30,473.1352541667529,473.1352541667529,468.9131160837456,471.4245300292969,1338160
2012-11-29 00:00:00+05:30,476.81129811026574,477.53925429058677,470.3870759327489,472.4799499511719,3470578
2012-11-30 00:00:00+05:30,471.3516281801453,482.2709709179093,469.93210473805215,478.2672119140625,3579294
2012-12-03 00:00:00+05:30,478.6311986047201,481.17904528930796,475.06419547392903,479.286376953125,1319512
2012-12-04 00:00:00+05:30,478.66767215308,481.1063524980204,470.5873747257921,472.9714050292969,1595120
2012-12-05 00:00:00+05:30,473.1716023207185,475.91965516810586,469.022242460336,472.4072570800781,1790058
2012-12-06 00:00:00+05:30,471.35163304673296,471.35163304673296,461.8882025762966,466.146728515625,2370092
2012-12-07 00:00:00+05:30,464.6726510626326,466.1467357116545,457.5386891763588,460.1229248046875,1957214
2012-12-10 00:00:00+05:30,459.3767538148219,461.0874775533955,448.1298215727539,450.3136901855469,3029430
2012-12-11 00:00:00+05:30,449.5130056630539,452.4248308009522,440.54093557071957,443.9441223144531,4926914
2012-12-12 00:00:00+05:30,445.8367480081535,451.69678606446644,444.45361356612926,446.1643371582031,2487948
2012-12-13 00:00:00+05:30,447.7296375537486,449.3675396828273,442.99792029196567,444.98162841796875,2297162
2012-12-14 00:00:00+05:30,442.9611760873799,453.1525589390205,442.6518037084214,452.3882141113281,2196814
2012-12-17 00:00:00+05:30,451.02350769980916,454.5722944596307,437.53810024011784,438.775634765625,4482898
2012-12-18 00:00:00+05:30,442.12407820253725,445.87306953919,435.6816850925799,440.6499938964844,4688482
2012-12-19 00:00:00+05:30,442.6339183760896,450.0772998677355,442.6339183760896,448.65777587890625,6642060
2012-12-20 00:00:00+05:30,446.65574719729796,456.7925286887891,446.65574719729796,455.71881103515625,2314030
2012-12-21 00:00:00+05:30,454.9726294627141,460.21392304030877,450.4956810164327,458.13922119140625,2457968
2012-12-24 00:00:00+05:30,459.34045008488624,462.65264254241873,458.64888267638565,460.869140625,1254818
2012-12-26 00:00:00+05:30,461.1602902849939,461.94285214995745,456.90176394028816,459.4131774902344,1435258
2012-12-27 00:00:00+05:30,460.39594194272325,460.39594194272325,454.1173192490516,455.31842041015625,1994158
2012-12-28 00:00:00+05:30,456.4285803439349,462.980186760355,455.24565140763684,461.34228515625,1501622
2012-12-31 00:00:00+05:30,458.9763636936241,460.650653993,455.7005609392683,457.10186767578125,704170
2013-01-01 00:00:00+05:30,461.1420368279149,461.48784268207106,458.61240680086564,460.1229248046875,509580
2013-01-02 00:00:00+05:30,461.15996329194235,463.1254526846532,456.9924344347076,459.8132629394531,1880246
2013-01-03 00:00:00+05:30,460.4323623122439,467.34794720072824,458.5942548721445,466.11041259765625,2635130
2013-01-04 00:00:00+05:30,467.7118692101866,473.535518943543,466.2195678521983,472.8803405761719,5228760
2013-01-07 00:00:00+05:30,473.1714011081497,474.62731311155943,469.62261559983864,471.2969055175781,1820752
2013-01-08 00:00:00+05:30,471.3517184148406,474.7367330839361,471.0969514745551,473.2626037597656,2341870
2013-01-09 00:00:00+05:30,473.53571089798373,475.86518062179425,463.39892535795417,464.6546325683594,3135898
2013-01-10 00:00:00+05:30,465.8555580944194,466.6562921059868,456.90170612387783,458.030029296875,4522838
2013-01-11 00:00:00+05:30,469.53160428342665,481.36088888746644,469.53160428342665,475.4826354980469,7805006
2013-01-14 00:00:00+05:30,480.0869787336959,490.80611298840427,475.84662617636377,485.7286376953125,5790224
2013-01-15 00:00:00+05:30,505.92958880616703,509.5693700205999,482.99896715524,486.8025207519531,8262978
2013-01-16 00:00:00+05:30,486.60217830501153,493.19017096455605,476.44718361077776,490.55133056640625,4109492
2013-01-17 00:00:00+05:30,491.2613621047929,499.305315924182,488.8227259206002,495.7383117675781,3028544
2013-01-18 00:00:00+05:30,495.9201843803852,497.21232446802054,487.0209371926805,491.73443603515625,1440470
2013-01-21 00:00:00+05:30,492.2804508065819,493.15400725796934,483.03539685534133,484.0909423828125,1260038
2013-01-22 00:00:00+05:30,482.63501291582656,484.7096705383435,476.11979533341736,479.54119873046875,1386630
2013-01-23 00:00:00+05:30,479.99713095908686,482.9156010694214,473.6677078137627,478.61083984375,1877654
2013-01-24 00:00:00+05:30,476.0754530351591,487.71286190470505,476.0754530351591,484.6667175292969,3498470
2013-01-25 00:00:00+05:30,482.9156669721991,490.6678542607047,482.9156669721991,489.0262145996094,1521100
2013-01-28 00:00:00+05:30,488.953193564948,492.47356243510643,488.09585736234345,490.68603515625,2428154
2013-01-29 00:00:00+05:30,489.28144238386415,494.8812919181717,488.953150158406,490.64947509765625,1731804
2013-01-30 00:00:00+05:30,489.2085368102991,492.437085361532,487.3115491113595,491.0873107910156,2279144
2013-01-31 00:00:00+05:30,492.07234111592584,493.385643889841,483.88240136648557,490.3577575683594,4313168
2013-02-01 00:00:00+05:30,490.3030902415735,493.221561016821,489.62820278126355,491.7987976074219,1484540
2013-02-04 00:00:00+05:30,492.1268016812557,498.9852211780953,490.72229747691296,494.8081359863281,2487304
2013-02-05 00:00:00+05:30,490.7041643713551,497.9638662733036,490.7041643713551,496.1580810546875,2161994
2013-02-06 00:00:00+05:30,497.0520709178123,501.94051854009416,496.8696664881177,499.9888000488281,3573706
2013-02-07 00:00:00+05:30,496.50467649453736,507.0841295572424,496.50467649453736,506.04443359375,2612782
2013-02-08 00:00:00+05:30,505.6248776486645,524.230122064308,505.2965408995728,518.9768676757812,6973618
2013-02-11 00:00:00+05:30,519.4877102190294,521.2752821732981,515.2012069921519,516.094970703125,2312126
2013-02-12 00:00:00+05:30,514.0336898541008,516.2042836934568,511.40704063111576,514.3984985351562,2225502
2013-02-13 00:00:00+05:30,514.3073294112119,525.926477742943,512.5927017806937,523.6464233398438,3822666
2013-02-14 00:00:00+05:30,521.7130412004618,531.0886538143722,521.3117604382895,528.1336669921875,2946958
2013-02-15 00:00:00+05:30,526.7838350349874,529.6293610981037,521.9136471286276,526.1089477539062,1820790
2013-02-18 00:00:00+05:30,525.3609695170629,526.0176429519313,518.0283239784774,519.9800415039062,952086
2013-02-19 00:00:00+05:30,518.6122914645431,528.5715916354736,515.3654835475938,526.619873046875,744294
2013-02-20 00:00:00+05:30,525.8717236036822,531.5262582660873,525.8717236036822,529.9940795898438,2261518
2013-02-21 00:00:00+05:30,525.579967598869,531.4716380340346,525.579967598869,529.3557739257812,3849146
2013-02-22 00:00:00+05:30,528.9726752425446,534.098255874201,526.1636657455628,530.8331909179688,1310694
2013-02-25 00:00:00+05:30,530.06724917271,538.093043723157,529.5200359079068,537.6187744140625,1730030
2013-02-26 00:00:00+05:30,535.1746342887214,547.1950692363965,534.8098254037257,545.9000244140625,2853670
2013-02-27 00:00:00+05:30,545.4802525523082,548.3257784541213,538.9319536735013,541.0842895507812,2556682
2013-02-28 00:00:00+05:30,542.1969872551995,556.3333258631989,541.8321785169286,553.4148559570312,4599424
2013-03-01 00:00:00+05:30,552.7217778953762,553.0501147063497,546.4835566161688,547.8880615234375,2537326
2013-03-04 00:00:00+05:30,543.9297681438422,554.4727484113757,543.9297681438422,552.0285034179688,3136076
2013-03-05 00:00:00+05:30,553.4148976583726,562.8999255681404,550.3504951195221,561.8602294921875,3440054
2013-03-06 00:00:00+05:30,560.4009958252676,571.1081242205429,560.4009958252676,569.5394287109375,2299510
2013-03-07 00:00:00+05:30,569.4664183800005,582.818408777002,568.8644750787092,580.0093994140625,3908702
2013-03-08 00:00:00+05:30,580.0459894680961,582.1071680855639,574.537385518606,577.5470581054688,4341502
2013-03-11 00:00:00+05:30,574.5737992690746,579.8817845609643,567.8795674031019,571.3634643554688,2221330
2013-03-12 00:00:00+05:30,568.3722794864927,572.0021103134105,564.7241904012136,569.2843017578125,1809452
2013-03-13 00:00:00+05:30,567.6607453939454,568.627453078449,564.7240167702918,566.0737915039062,1794496
2013-03-14 00:00:00+05:30,568.0073906774937,575.3035678217134,563.1919315752414,571.9108276367188,3051218
2013-03-15 00:00:00+05:30,573.4792354919599,576.5436372598291,569.3204077021595,572.8408203125,4212398
2013-03-18 00:00:00+05:30,569.0470123561827,574.0813917381256,567.0588221581621,571.6371459960938,1694988
2013-03-19 00:00:00+05:30,570.743299766332,570.743299766332,561.9696313561656,564.2679443359375,3739910
2013-03-20 00:00:00+05:30,561.8058631836053,573.7168860075717,561.7876049205624,568.2447509765625,4168136
2013-03-21 00:00:00+05:30,570.1962419526869,574.3550718177331,566.8035017788076,569.0835571289062,1664604
2013-03-22 00:00:00+05:30,569.6124742470535,569.8678225963745,558.8870865260546,562.5899047851562,2714456
2013-03-25 00:00:00+05:30,564.9064231400739,566.1832539318016,557.5737752140457,563.0276489257812,1857316
2013-03-26 00:00:00+05:30,561.8421196622384,572.7499135464361,560.4011424697517,567.770263671875,1781536
2013-03-28 00:00:00+05:30,567.6424389923449,577.6382080712962,562.4074421150427,574.847412109375,3065662
2013-04-01 00:00:00+05:30,570.9254695592617,574.0992866250416,565.9093512164887,567.9522705078125,968812
2013-04-02 00:00:00+05:30,567.6425705491805,573.1876472557519,562.2616400121623,571.7831420898438,1130332
2013-04-03 00:00:00+05:30,572.749741310439,574.5737850725742,558.5221999657848,563.0458374023438,959932
2013-04-04 00:00:00+05:30,561.8420754557918,561.8420754557918,547.5780589752279,550.0587768554688,1126338
2013-04-05 00:00:00+05:30,549.0370706448491,550.6239795173274,541.4125602257776,546.611083984375,1865248
2013-04-08 00:00:00+05:30,546.812086551018,546.812086551018,538.093144656556,540.1907958984375,896416
2013-04-09 00:00:00+05:30,539.9170274061461,551.955717882094,539.0414773741577,546.2647094726562,1672354
2013-04-10 00:00:00+05:30,550.824800331289,561.4042552298386,547.5779931973386,558.3215942382812,2046284
2013-04-11 00:00:00+05:30,561.80570336573,565.490264331986,554.7648738158094,560.6748046875,2244658
2013-04-12 00:00:00+05:30,540.610041560019,556.1508838520457,539.3149528138861,551.4995727539062,5032060
2013-04-15 00:00:00+05:30,552.1383275467136,552.3207320156753,528.3710163345511,537.1629028320312,5391496
2013-04-16 00:00:00+05:30,536.2690386350907,544.8237888194317,531.8730739408292,541.0662841796875,3071582
2013-04-17 00:00:00+05:30,545.388963198062,546.848197882204,522.0412082517904,531.3985595703125,5279004
2013-04-18 00:00:00+05:30,542.817140804872,545.3525882389321,520.7462122814828,529.9758911132812,8554458
2013-04-22 00:00:00+05:30,527.5134990764863,532.547878083921,519.8525146500642,519.9619750976562,2962484
2013-04-23 00:00:00+05:30,519.6518281703611,528.2430924102655,519.4876820388246,521.877197265625,3384170
2013-04-25 00:00:00+05:30,521.8770732020976,521.8770732020976,510.23966744343574,511.57122802734375,7929194
2013-04-26 00:00:00+05:30,508.17851585639323,508.3426619574207,498.00034428489613,499.55078125,4754076
2013-04-29 00:00:00+05:30,497.96402536907397,505.15074110908944,497.96402536907397,500.0616760253906,3968916
2013-04-30 00:00:00+05:30,499.0581848701006,504.1655054754964,497.96375902608725,502.8522033691406,4020570
2013-05-02 00:00:00+05:30,501.0649625135434,524.8869985661076,501.0649625135434,523.0994262695312,5630326
2013-05-03 00:00:00+05:30,520.2175121717484,527.9697016062853,513.6144797245634,517.4814453125,3641790
2013-05-06 00:00:00+05:30,518.0283023090692,537.1442851880626,518.0283023090692,535.2472534179688,3727118
2013-05-07 00:00:00+05:30,535.2110822591383,539.497586465529,531.67245404637,536.8527221679688,2260180
2013-05-08 00:00:00+05:30,536.9983667600578,542.7623616074983,536.2687494139165,539.9533081054688,1768130
2013-05-09 00:00:00+05:30,541.0845523589436,548.471932716266,541.0116083905716,546.6478881835938,1949700
2013-05-10 00:00:00+05:30,546.6477039404508,551.189600015398,543.9663682876125,545.7174682617188,1139714
2013-05-13 00:00:00+05:30,539.917036587541,540.2818453960462,527.4040766428861,529.5564575195312,1862498
2013-05-14 00:00:00+05:30,530.8334114712337,536.4697355893262,526.6928394407983,531.8731079101562,2250100
2013-05-15 00:00:00+05:30,531.9275855490208,538.8954231922456,528.9726438244643,536.8342895507812,3565926
2013-05-16 00:00:00+05:30,535.904068461794,535.904068461794,528.0424218705466,530.4501953125,2415652
2013-05-17 00:00:00+05:30,530.7967290822695,539.369734672258,530.4683923021468,537.6551513671875,2900200
2013-05-20 00:00:00+05:30,536.7249921882132,539.1874517955337,532.9857016733929,537.14453125,1385504
2013-05-21 00:00:00+05:30,534.4449412879278,547.9428681327424,534.4449412879278,544.6048583984375,1898432
2013-05-22 00:00:00+05:30,546.4834011180383,550.5510267951718,544.4040094607532,546.6293334960938,1846944
2013-05-23 00:00:00+05:30,545.3892490945926,556.9719304716851,539.3151726313203,544.5501708984375,3063962
2013-05-24 00:00:00+05:30,547.2132076659705,548.2893758281169,533.934158253478,536.1047973632812,1586612
2013-05-27 00:00:00+05:30,536.0863511374541,547.2130157918892,532.6206687041055,546.4833984375,2023864
2013-05-28 00:00:00+05:30,546.4834610888679,553.2324223906996,543.6744517653555,552.3568725585938,1400254
2013-05-29 00:00:00+05:30,553.0501531392008,557.2454544328028,541.777552061231,546.2464599609375,1452038
2013-05-30 00:00:00+05:30,547.2132611636247,551.5909672529336,542.4707462335399,546.994384765625,2408346
2013-05-31 00:00:00+05:30,543.9300796428471,550.5878421871006,538.7315527247314,546.6478881835938,1929868
2013-06-03 00:00:00+05:30,548.6722992026882,549.766725331417,531.5627618170993,536.0499267578125,3097612
2013-06-04 00:00:00+05:30,532.6209134226697,537.6917652719952,529.0275552077567,534.5726318359375,1305320
2013-06-05 00:00:00+05:30,533.0220632149832,537.2356221496701,529.9576607654217,535.46630859375,1728676
2013-06-06 00:00:00+05:30,535.061507204216,544.1896298914444,534.4542297298824,541.3370971679688,2540452
2013-06-07 00:00:00+05:30,541.097794628248,566.4577374072569,540.3248593332379,559.0779418945312,3550844
2013-06-10 00:00:00+05:30,561.3233642578125,568.5558805279552,559.1333278505145,561.3233642578125,3360430
2013-06-11 00:00:00+05:30,563.2187164769484,567.5619451839237,549.1585098666759,552.673583984375,2205468
2013-06-12 00:00:00+05:30,549.9313570980911,550.2994257454936,538.1347839069924,540.361572265625,4805954
2013-06-13 00:00:00+05:30,537.3804723812386,538.8527476480366,528.2155498593665,532.0986938476562,3151342
2013-06-14 00:00:00+05:30,532.9635078163877,536.3681434844137,526.7063395616374,533.957275390625,3105996
2013-06-17 00:00:00+05:30,534.8038351569571,539.2206596730504,525.6021174150962,534.6013793945312,2584162
2013-06-18 00:00:00+05:30,535.5400769893495,537.3804208965294,530.0742645710794,531.417724609375,2291528
2013-06-19 00:00:00+05:30,535.5030088745559,535.5030088745559,523.964067385312,525.4915161132812,2139788
2013-06-20 00:00:00+05:30,523.0255249936031,527.4975678492331,514.9648129833724,516.952392578125,4172878
2013-06-21 00:00:00+05:30,518.5353325594706,527.0192912637423,518.2408595535243,523.48583984375,2848224
2013-06-24 00:00:00+05:30,520.8170880098687,527.8471895404183,515.3328566836441,519.234375,1889164
2013-06-25 00:00:00+05:30,520.2651980295504,525.2709242350085,508.1925245955615,512.462158203125,1860548
2013-06-26 00:00:00+05:30,514.1553055658951,532.8715946907182,508.32142418700545,529.1724853515625,2326488
2013-06-27 00:00:00+05:30,532.8899426017288,550.9989067347317,530.7551259261744,549.1217651367188,3820678
2013-06-28 00:00:00+05:30,550.2626487685425,561.0470785191857,536.7177040575218,558.783447265625,4817096
2013-07-01 00:00:00+05:30,556.5197274413266,558.2496319024109,545.9929743871503,549.2871704101562,1354652
2013-07-02 00:00:00+05:30,549.5632815748812,555.2315476600133,547.189256800939,552.305419921875,1657242
2013-07-03 00:00:00+05:30,551.2563388855096,559.096218245783,539.2205133180198,548.3486328125,1530906
2013-07-04 00:00:00+05:30,548.7351872691679,567.1938407145545,548.422337874553,566.2000732421875,1917060
2013-07-05 00:00:00+05:30,567.5619789654863,573.4510786175277,560.2006044004346,563.21875,1293012
2013-07-08 00:00:00+05:30,562.4089780357704,564.9854589560913,552.1030543544865,554.5507202148438,1658796
2013-07-09 00:00:00+05:30,550.3731048998079,560.1085033319298,550.3731048998079,553.9065551757812,1097326
2013-07-10 00:00:00+05:30,555.7837488355706,561.9673210993559,551.366924341513,556.50146484375,1322624
2013-07-11 00:00:00+05:30,559.4642810050626,577.8677113012817,559.4642810050626,575.8617553710938,2335274
2013-07-12 00:00:00+05:30,587.0695285925551,598.0379929295849,581.2908684462236,592.5353393554688,3251536
2013-07-15 00:00:00+05:30,589.3149712105601,606.3197774361562,588.652474301163,604.2769775390625,2060570
2013-07-16 00:00:00+05:30,598.1113923535365,613.3310178744533,595.3876761038472,607.0738525390625,2224986
2013-07-17 00:00:00+05:30,605.4913444127716,620.1772474521749,605.4913444127716,617.80322265625,2999250
2013-07-18 00:00:00+05:30,618.3554341322086,622.8826972470674,605.1049605436614,611.1412963867188,3445532
2013-07-19 00:00:00+05:30,632.7099802984068,647.4327256223953,625.7166762695123,641.4700317382812,8550804
2013-07-22 00:00:00+05:30,640.8075924099874,647.3592330959902,636.1331379963322,642.8319702148438,2974772
2013-07-23 00:00:00+05:30,643.3841501979648,655.3279627029318,641.7646387743425,644.0466918945312,1646502
2013-07-24 00:00:00+05:30,643.5682767798417,659.5792690817708,642.2800360199163,656.1930541992188,2181644
2013-07-25 00:00:00+05:30,655.1623897135598,666.2044524615412,650.2670572565141,660.95947265625,4088808
2013-07-26 00:00:00+05:30,660.6833481647559,662.1372016273307,644.1570537566433,653.137939453125,2379064
2013-07-29 00:00:00+05:30,648.5266229513326,662.0283627504505,648.2499477708925,656.3472900390625,1774262
2013-07-30 00:00:00+05:30,656.6424405834366,665.8464837463229,654.9639264445187,661.179931640625,2617484
2013-07-31 00:00:00+05:30,660.3313265973561,675.640684169306,660.1284134843007,669.73828125,2826750
2013-08-01 00:00:00+05:30,667.7277481440519,676.8580270428398,660.3312819729371,669.7013549804688,2141178
2013-08-02 00:00:00+05:30,671.2877588493585,682.4285732846058,670.1810581126513,680.9345092773438,1846854
2013-08-05 00:00:00+05:30,678.7764176781772,692.5732951742933,678.7764176781772,688.8104858398438,2355184
2013-08-06 00:00:00+05:30,690.9500686005009,694.2517073491277,687.8697609635997,689.8802490234375,2305290
2013-08-07 00:00:00+05:30,691.3190711243931,697.553494379414,668.9821428893898,672.3944702148438,2694980
2013-08-08 00:00:00+05:30,665.9017366639187,684.734109735328,658.0072634409888,680.7684326171875,2158628
2013-08-12 00:00:00+05:30,679.1453654195666,679.1453654195666,667.0270011211769,669.18505859375,2077574
2013-08-13 00:00:00+05:30,671.4721090117889,680.5655077177094,667.6908820576075,671.3245849609375,2168296
2013-08-14 00:00:00+05:30,673.058559595612,685.4167189523964,664.7583033112047,676.378662109375,3302068
2013-08-16 00:00:00+05:30,672.9476541142149,675.0872930557285,647.6226941460278,656.9743041992188,2779930
2013-08-19 00:00:00+05:30,663.2828244466161,666.6029275723222,647.6230227164147,655.701904296875,2121352
2013-08-20 00:00:00+05:30,660.2576303205203,660.2576303205203,638.1973792002004,640.558349609375,2724844
2013-08-21 00:00:00+05:30,641.9232247297934,643.2512564345783,627.5545800483873,633.69677734375,3623994
2013-08-22 00:00:00+05:30,628.974852602298,662.9690156657192,625.3596125629049,656.2550048828125,4260988
2013-08-23 00:00:00+05:30,661.8070859301091,678.0386978481274,658.2287713154363,674.8845825195312,4032884
2013-08-26 00:00:00+05:30,672.5419374544833,693.0158983060967,669.1849546815622,679.51416015625,2663238
2013-08-27 00:00:00+05:30,678.4073801818308,693.1080422468476,675.087278810631,678.3336181640625,1945284
2013-08-28 00:00:00+05:30,674.3495132959004,717.9166145303832,674.3495132959004,703.8246459960938,4444684
2013-08-29 00:00:00+05:30,701.2793525627776,726.7334689893066,692.9053351713945,718.28564453125,5905182
2013-08-30 00:00:00+05:30,715.2975297331757,756.2454543336823,711.97742773854,750.0479125976562,5282942
2013-09-02 00:00:00+05:30,745.1783317890936,763.2544398374429,744.2560813784636,758.7723388671875,2154034
2013-09-03 00:00:00+05:30,756.282331480467,762.516708797426,732.6911368138066,738.2061767578125,2355064
2013-09-04 00:00:00+05:30,737.8003439278237,766.8696954912838,735.5684798747384,763.2913818359375,2626516
2013-09-05 00:00:00+05:30,763.2546920191922,763.2546920191922,730.8099298660785,734.3882446289062,3927492
2013-09-06 00:00:00+05:30,741.1204051926529,747.0228076232564,728.5778000276205,733.6686401367188,2759596
2013-09-10 00:00:00+05:30,732.6358725337624,743.9610918255804,730.7913713441004,733.3367919921875,4300972
2013-09-11 00:00:00+05:30,740.7516095121534,744.4406115515566,731.7135545156158,735.5132446289062,3008494
2013-09-12 00:00:00+05:30,735.9558032774194,737.2654168297887,717.8059338107993,725.9586181640625,1905568
2013-09-13 00:00:00+05:30,724.888896803023,734.1114018514075,718.0827060900205,720.73876953125,2096320
2013-09-16 00:00:00+05:30,719.355245099832,732.2667494990598,698.7153010800537,701.8509521484375,2460506
2013-09-17 00:00:00+05:30,700.9104360106335,720.2961610824761,699.8406163387903,718.4147338867188,3327816
2013-09-18 00:00:00+05:30,716.4226524109013,724.8151319724774,714.891707572437,721.0154418945312,2109818
2013-09-19 00:00:00+05:30,718.6176381446902,734.1114475913416,710.6862833089044,725.3685302734375,3907240
2013-09-20 00:00:00+05:30,719.3554984340475,734.0746276391288,716.0353961335827,719.4661865234375,3591858
2013-09-23 00:00:00+05:30,719.3553125249163,729.389378871535,715.6663109222244,721.2366943359375,2988758
2013-09-24 00:00:00+05:30,721.1998251364015,729.6476479512563,710.5017203134063,715.4818725585938,4940300
2013-09-25 00:00:00+05:30,716.219753070342,727.0838461716831,708.3621606355925,722.6939697265625,4333858
2013-09-26 00:00:00+05:30,721.1261888406478,728.2459362726721,713.8588272782534,716.7362670898438,4919704
2013-09-27 00:00:00+05:30,716.8098571994213,723.7636158725406,714.7255623899399,718.6543579101562,1784666
2013-09-30 00:00:00+05:30,720.8308761390981,723.7267332421083,708.2882713342212,711.1657104492188,1987350
2013-10-01 00:00:00+05:30,712.7151775034638,721.1445379618909,707.0709865012129,719.0049438476562,1591994
2013-10-03 00:00:00+05:30,727.3974618798663,751.4128568677077,723.1919904229172,746.8753662109375,4672354
2013-10-04 00:00:00+05:30,749.6052642462738,763.254572699577,747.7423000798057,750.1954956054688,1934032
2013-10-07 00:00:00+05:30,750.7118940849683,773.8419182143409,747.1335802192337,770.9091796875,1993878
2013-10-08 00:00:00+05:30,768.4191783127276,773.9526817571303,758.661785251804,760.4693603515625,1828106
2013-10-09 00:00:00+05:30,758.2744046324889,773.823512929752,754.437833325879,771.3150634765625,1775858
2013-10-10 00:00:00+05:30,770.2638244628906,773.9528274536133,762.6091432571411,767.3126220703125,1164320
2013-10-11 00:00:00+05:30,775.7970795452833,788.708585862014,768.1976998020277,782.8246459960938,2284448
2013-10-14 00:00:00+05:30,784.8351928035145,820.8029630965075,783.9129422831813,816.283935546875,4374460
2013-10-15 00:00:00+05:30,824.4920161967707,833.2903227305924,811.949408344113,817.2615356445312,4665092
2013-10-17 00:00:00+05:30,822.6475841083549,822.6475841083549,773.1042609181795,777.8077392578125,6687214
2013-10-18 00:00:00+05:30,776.4612130003314,787.1593195447258,760.5062782401571,782.3082275390625,5346166
2013-10-21 00:00:00+05:30,783.9130423766345,785.0012801168731,756.2455232339297,764.232177734375,3685372
2013-10-22 00:00:00+05:30,770.2635454309418,777.5123976563578,766.1503446117341,770.7615966796875,2044614
2013-10-23 00:00:00+05:30,770.4481613348937,775.7972148849803,754.825244972546,760.3587036132812,2455496
2013-10-24 00:00:00+05:30,753.2942215472611,768.1793809024624,738.4828692524057,741.0098266601562,3617758
2013-10-25 00:00:00+05:30,737.4243899052412,765.8863839015838,737.4243899052412,764.3154296875,2527402
2013-10-28 00:00:00+05:30,764.4078115538804,772.4659003432782,758.6969491922231,762.9107666015625,1803942
2013-10-29 00:00:00+05:30,763.299030768347,770.9874845748565,756.9782584725075,765.0733032226562,1829076
2013-10-30 00:00:00+05:30,765.2396514634141,776.2363328453905,765.2396514634141,773.2607421875,2114874
2013-10-31 00:00:00+05:30,772.1699923777219,786.9554398143465,768.6214488956482,780.6901245117188,3523076
2013-11-01 00:00:00+05:30,779.9324522188094,791.742311823431,772.9463635071237,775.3489990234375,1346480
2013-11-05 00:00:00+05:30,776.2359559360845,778.0841367835512,750.9897875110458,754.7970581054688,2261286
2013-11-06 00:00:00+05:30,762.5595360254221,777.5483030734993,761.0994909779436,772.9463500976562,1667750
2013-11-07 00:00:00+05:30,776.2363534885262,794.0343080676411,768.9545352687365,784.349853515625,1956948
2013-11-08 00:00:00+05:30,787.3254138019051,787.9722774047941,765.5907786961889,772.8541870117188,1609346
2013-11-11 00:00:00+05:30,772.539833334227,791.0216475288257,757.7543819785479,774.2586059570312,1961138
2013-11-12 00:00:00+05:30,775.0721175221224,784.2575278697665,768.474071718147,771.486572265625,1000682
2013-11-13 00:00:00+05:30,775.8480804426139,778.5279435713504,755.4072204784628,757.384765625,1208338
2013-11-14 00:00:00+05:30,765.8864537615455,765.8864537615455,747.3491833201646,748.9570922851562,2129704
2013-11-18 00:00:00+05:30,756.2757104324968,761.4136178225075,751.193212378515,755.5364379882812,2831602
2013-11-19 00:00:00+05:30,757.7360724170616,759.6027541681698,747.1090265862416,750.3248901367188,2077864
2013-11-20 00:00:00+05:30,756.5901387141743,757.7175024859625,745.5565029135269,747.99609375,1658696
2013-11-21 00:00:00+05:30,747.8481996024875,752.0990173679028,731.8799283062722,734.3195190429688,2302882
2013-11-22 00:00:00+05:30,735.9458226768006,743.3385481682803,733.764959632491,739.5867309570312,1494494
2013-11-25 00:00:00+05:30,742.2296366164006,749.1972713421867,736.722047121169,744.1702270507812,1950998
2013-11-26 00:00:00+05:30,740.4184991027779,745.3531349206967,734.4673634109889,736.9439086914062,2047412
2013-11-27 00:00:00+05:30,742.5991698333645,744.3364420277356,730.0315382881507,734.2638549804688,2120978
2013-11-28 00:00:00+05:30,736.7220474840341,737.9973197002244,728.1834585928773,733.5801391601562,2805722
2013-11-29 00:00:00+05:30,736.3151300257283,744.7058516616203,732.5448597579697,740.880126953125,1924812
2013-12-02 00:00:00+05:30,737.4244481211483,747.0349923071883,737.4244481211483,744.4105834960938,1253260
2013-12-03 00:00:00+05:30,745.2054089134566,754.7974545005997,744.8357725498422,746.961181640625,1449184
2013-12-04 00:00:00+05:30,746.6282863196296,750.9530124882006,736.9253345502342,739.291015625,1519036
2013-12-05 00:00:00+05:30,745.1867641050443,751.6738990733559,733.0072663415579,734.5227661132812,1397190
2013-12-06 00:00:00+05:30,735.945787613162,742.9688764954574,735.945787613162,739.3834228515625,1446962
2013-12-09 00:00:00+05:30,749.991909511913,750.3430458812268,739.2724588584653,741.065185546875,1826340
2013-12-10 00:00:00+05:30,739.2725236503721,772.1701509528136,739.2725236503721,769.8599243164062,3653334
2013-12-11 00:00:00+05:30,768.4736576833089,771.3753379426016,755.1667545199615,760.7297973632812,1556062
2013-12-12 00:00:00+05:30,755.906336411193,762.9294270673361,748.5505640154339,749.9552001953125,1655964
2013-12-13 00:00:00+05:30,753.3003670158547,755.9063212821272,737.4245041358649,739.9380493164062,3463350
2013-12-16 00:00:00+05:30,744.3365903699995,753.9841337820512,741.1762271157223,746.3511352539062,2858500
2013-12-17 00:00:00+05:30,750.9530844630892,763.6131726305547,750.3616754181178,756.0355834960938,2995474
2013-12-18 00:00:00+05:30,754.0581044698113,765.5168305671466,753.3188318183702,759.8983764648438,1587990
2013-12-19 00:00:00+05:30,767.3463888573026,779.9325217715027,762.4302084676326,769.3978881835938,2161986
2013-12-20 00:00:00+05:30,771.8377757866782,787.3255043045679,771.0060939159339,783.8324584960938,1965812
2013-12-23 00:00:00+05:30,787.3068447577056,792.2969349700982,775.4784827727748,779.5814819335938,1321224
2013-12-24 00:00:00+05:30,783.5550717492923,786.9557077689743,777.807209052543,780.1913452148438,870156
2013-12-26 00:00:00+05:30,781.7808037332836,782.5200763609274,773.0758504941301,776.34716796875,2297194
2013-12-27 00:00:00+05:30,778.8237705228303,802.073860275501,778.0844978407963,798.6547241210938,2479946
2013-12-30 00:00:00+05:30,802.1106924996782,804.051282884758,793.4981495039161,796.9542846679688,1668776
2013-12-31 00:00:00+05:30,798.4514553090131,807.6368637654522,795.0507289517654,802.8685913085938,1245776
2014-01-01 00:00:00+05:30,805.8440753467546,807.4704388516354,795.1246234233408,795.9378051757812,529952
2014-01-02 00:00:00+05:30,800.632316782995,809.1339526491117,796.9913627169459,801.001953125,1726948
2014-01-03 00:00:00+05:30,800.1515557146862,823.9561838664216,793.7014213347402,821.4056396484375,2618174
2014-01-06 00:00:00+05:30,823.9192218982663,829.4637657872183,812.0908616018354,827.83740234375,2311810
2014-01-07 00:00:00+05:30,827.9853702640103,834.0658697782379,812.8302808975708,815.47314453125,2897486
2014-01-08 00:00:00+05:30,817.635418801273,829.4637792902606,816.8961462707111,825.2683715820312,2550020
2014-01-09 00:00:00+05:30,823.8268737530665,833.7146444195362,821.36882854449,828.7060546875,2582206
2014-01-10 00:00:00+05:30,835.3778496186167,853.7857512562013,826.1369442024815,843.1032104492188,3369334
2014-01-13 00:00:00+05:30,844.6188896561675,881.2128809366754,844.6188896561675,875.575927734375,3814316
2014-01-14 00:00:00+05:30,876.7770633830719,881.5084247754342,857.5559810492102,860.051025390625,2974964
2014-01-15 00:00:00+05:30,865.8545143807387,879.0690118233098,860.1436517164425,869.9760131835938,3048854
2014-01-16 00:00:00+05:30,879.734220375162,879.7712200951546,859.4042278875007,868.7560424804688,2997962
2014-01-17 00:00:00+05:30,849.4241424354578,849.4241424354578,815.436105698664,818.0235595703125,7564756
2014-01-20 00:00:00+05:30,820.204267267042,868.6451116482394,818.9290403645424,864.2833862304688,6010558
2014-01-21 00:00:00+05:30,862.7314784549088,864.6720698267546,840.9599275423667,842.8820190429688,3132282
2014-01-22 00:00:00+05:30,845.3949371543328,848.9988898828126,836.8933050768932,840.5711669921875,2384030
2014-01-23 00:00:00+05:30,838.3720811551103,841.5508990110656,826.9872657043296,832.5872192382812,2290762
2014-01-24 00:00:00+05:30,829.4640819483914,843.9723106544851,826.137354346994,831.2013549804688,1850266
2014-01-27 00:00:00+05:30,824.2767649660409,836.6816488952243,822.0920603759591,825.60986328125,2532948
2014-01-28 00:00:00+05:30,826.4983668782291,832.3675782705907,813.2048137159543,819.2221069335938,2852166
2014-01-29 00:00:00+05:30,829.4605981588804,829.4605981588804,816.500276312648,818.2777099609375,1698076
2014-01-30 00:00:00+05:30,813.9267926649611,824.6468128563548,810.9459003841118,821.1660766601562,2225250
2014-01-31 00:00:00+05:30,823.943482937922,840.4956522063985,822.4252371984002,829.8496704101562,2174246
2014-02-03 00:00:00+05:30,822.7953941422937,831.0344569324225,811.2422095690789,812.59375,1362480
2014-02-04 00:00:00+05:30,805.0211155217984,805.3914104231422,782.0813644643449,796.6339721679688,2694166
2014-02-05 00:00:00+05:30,801.2440436276783,814.6486996039946,792.431007796613,812.5750122070312,1853650
2014-02-06 00:00:00+05:30,807.2430931295613,810.9089774367399,794.2827682398665,805.4841918945312,1922652
2014-02-07 00:00:00+05:30,810.945785386218,812.7972597820768,789.0983875150823,794.060302734375,1990912
2014-02-10 00:00:00+05:30,793.9123803917375,793.9123803917375,772.1020437897937,775.2310180664062,4019270
2014-02-11 00:00:00+05:30,777.6195399859419,787.4323579905264,776.1383599097782,778.2490234375,3568786
2014-02-12 00:00:00+05:30,784.2846706771385,786.358358470383,775.7678871900874,779.637451171875,3074348
2014-02-13 00:00:00+05:30,780.2115522709798,791.8387789196624,776.3234548344134,790.116943359375,2094350
2014-02-14 00:00:00+05:30,791.6535415786902,809.0018962384279,788.0247233729671,802.7623901367188,1910062
2014-02-17 00:00:00+05:30,799.8371133002416,809.4647822566334,795.0973197332094,801.836669921875,1670394
2014-02-18 00:00:00+05:30,801.6886039585947,811.3162731054416,798.3004411704569,802.0588989257812,1526916
2014-02-19 00:00:00+05:30,803.5400446949689,820.203317511224,800.6702588210583,813.8897705078125,1072918
2014-02-20 00:00:00+05:30,816.870697305337,822.7954167780865,808.2798721506592,810.705322265625,1587924
2014-02-21 00:00:00+05:30,813.9083902048437,819.4628150697539,811.2237515201371,816.7596435546875,1717860
2014-02-24 00:00:00+05:30,816.1301281135806,816.5929968341532,803.5771645732709,806.4653930664062,2450424
2014-02-25 00:00:00+05:30,810.5756398751067,814.463736822886,807.2429853484389,810.53857421875,3305374
2014-02-26 00:00:00+05:30,812.4272777751299,812.7975727969053,806.1877704965921,808.0392456054688,3859712
2014-02-28 00:00:00+05:30,800.2075589295339,844.2726674499478,799.8927719927641,842.6989135742188,3988192
2014-03-03 00:00:00+05:30,841.2361130951653,851.3081179848604,825.0171756721483,829.479248046875,1606078
2014-03-04 00:00:00+05:30,826.942493149131,834.6446445962181,823.5357983948487,829.701171875,2030332
2014-03-05 00:00:00+05:30,834.9597521897118,846.5869795193555,830.4051054164618,833.8673095703125,2302006
2014-03-06 00:00:00+05:30,834.2191310746056,836.8667041761967,826.5539522131121,829.738525390625,1314562
2014-03-07 00:00:00+05:30,831.4972229620147,833.1820828885021,797.1709027802608,825.2022094726562,4698472
2014-03-10 00:00:00+05:30,825.0541893981634,825.2022712120856,790.5796944302458,793.4124145507812,3829768
2014-03-11 00:00:00+05:30,797.9855803390793,806.3727244070147,785.7658475543046,796.7450561523438,2550254
2014-03-12 00:00:00+05:30,797.2449630487283,810.8533013636568,797.2449630487283,807.0392456054688,1669788
2014-03-13 00:00:00+05:30,795.4121478634323,815.389543903231,791.2648621787032,795.9675903320312,2019884
2014-03-14 00:00:00+05:30,792.8015580816872,800.0223102454391,786.6176499504633,792.2646484375,2161246
2014-03-18 00:00:00+05:30,790.7649737186414,796.8008003087537,779.1932549508083,785.7659912109375,2565842
2014-03-19 00:00:00+05:30,768.3620572265187,768.3620572265187,745.4223020807335,755.1795654296875,8652662
2014-03-20 00:00:00+05:30,754.66107543473,786.0990791673296,744.8112392314812,780.65576171875,5728956
2014-03-21 00:00:00+05:30,786.8768416719925,794.2827413583171,772.0650422993432,787.617431640625,4680776
2014-03-24 00:00:00+05:30,791.3018143674021,799.0780087011078,787.3026106292588,797.0969848632812,2183014
2014-03-25 00:00:00+05:30,793.912248350275,804.2805053249988,788.7281198629132,794.8934936523438,2249968
2014-03-26 00:00:00+05:30,795.4120079802534,799.2815717501717,773.009165686584,775.21240234375,3192350
2014-03-27 00:00:00+05:30,777.971008880982,783.1736700179341,764.6774588706556,775.4900512695312,5012476
2014-03-28 00:00:00+05:30,776.5086759869281,786.080838650346,770.2321933247841,778.397216796875,2971162
2014-03-31 00:00:00+05:30,779.1005914586314,794.2641519045486,770.9541023844442,789.8946533203125,2683268
2014-04-01 00:00:00+05:30,794.2829048955205,809.0947073178145,794.2458392278377,806.021240234375,2755932
2014-04-02 00:00:00+05:30,810.9457809442973,815.3893194700196,800.2257623317971,804.373046875,3763016
2014-04-03 00:00:00+05:30,804.5955501044014,807.9837132904454,795.2456010848854,802.244140625,1581194
2014-04-04 00:00:00+05:30,804.2805502509494,809.8349739405278,788.72816392013,792.0053100585938,1694656
2014-04-07 00:00:00+05:30,788.7652274058535,802.0402457450535,785.2844009941958,797.5411987304688,2594986
2014-04-09 00:00:00+05:30,796.8744968391977,800.5774452445843,779.4706393338806,792.5790405273438,3350500
2014-04-10 00:00:00+05:30,792.5795613907062,795.6344958327763,783.2481433575614,787.3028564453125,2152886
2014-04-11 00:00:00+05:30,784.2846533916266,805.354398522734,777.619344722576,801.3552856445312,2340742
2014-04-15 00:00:00+05:30,807.61351959259,836.1262389913196,805.0399870263751,834.1821899414062,3597244
2014-04-16 00:00:00+05:30,838.3479471256535,838.3479471256535,808.7983856788401,813.2789916992188,3475910
2014-04-17 00:00:00+05:30,822.0547818901224,824.6468465177038,793.430964421879,823.1286010742188,7681438
2014-04-21 00:00:00+05:30,822.0546206889277,830.5343371461371,818.8330733643295,822.70263671875,1842594
2014-04-22 00:00:00+05:30,827.2203721319788,833.1265584084279,822.0177100875686,822.443603515625,1486274
2014-04-23 00:00:00+05:30,826.2760869624586,830.9047736788926,815.0562226850524,819.7404174804688,1938992
2014-04-24 00:00:00+05:30,819.7404174804686,819.7404174804686,819.7404174804686,819.7404174804688,0
2014-04-25 00:00:00+05:30,824.6469335206822,827.6092934075998,812.1309449176456,816.593017578125,3160448
2014-04-28 00:00:00+05:30,816.5929867994612,823.0546159784415,807.2801044176008,811.4459228515625,2550766
2014-04-29 00:00:00+05:30,809.4647809415767,817.0003195241276,806.0950606506968,812.5197143554688,1846180
2014-04-30 00:00:00+05:30,809.1315641243181,816.7226109062665,807.6133186063107,810.6497192382812,2397378
2014-05-02 00:00:00+05:30,807.7060087191187,822.0178750157165,807.7060087191187,817.7780151367188,1917778
2014-05-05 00:00:00+05:30,818.6481655754097,825.3875161776115,816.1856496988034,819.7219848632812,1314478
2014-05-06 00:00:00+05:30,819.7218379187423,822.6472219991689,810.9458664855273,814.241455078125,961232
2014-05-07 00:00:00+05:30,811.3347327252874,815.7597391030737,792.4682239303336,801.8922119140625,4716182
2014-05-08 00:00:00+05:30,801.7257924154366,807.909701233816,795.2640719250709,800.5963745117188,2606900
2014-05-09 00:00:00+05:30,796.8749372382573,808.9835671349961,796.8749372382573,799.8002319335938,1799440
2014-05-12 00:00:00+05:30,797.2452090223996,802.3182329126079,786.1918660845009,799.5966186523438,2886064
2014-05-13 00:00:00+05:30,801.9848920010206,829.0904666669832,801.9848920010206,818.7036743164062,2547484
2014-05-14 00:00:00+05:30,819.9811440022792,828.6090348693142,815.0562932329486,820.6107177734375,1389228
2014-05-15 00:00:00+05:30,820.6107074863056,823.9062965107308,803.9658764987299,812.1123657226562,2520196
2014-05-16 00:00:00+05:30,814.667540924611,834.422725128449,777.7120814766444,800.1149291992188,5241798
2014-05-19 00:00:00+05:30,796.1341867846642,799.8371364906393,740.4047937097376,754.1797485351562,6516606
2014-05-20 00:00:00+05:30,750.9582151457141,799.8371522262044,750.9582151457141,765.8440551757812,4702114
2014-05-21 00:00:00+05:30,763.2519200875064,773.5461376060588,761.2523635525818,771.2688598632812,4116946
2014-05-22 00:00:00+05:30,776.4159682040915,786.5065060047648,768.3991183699451,782.04443359375,4216842
2014-05-23 00:00:00+05:30,784.6549119606768,795.7637592276991,776.1381290559597,787.9505004882812,3094780
2014-05-26 00:00:00+05:30,795.7636989356195,803.3918096426331,790.061193932218,797.6151733398438,2650850
2014-05-27 00:00:00+05:30,799.8926453394071,808.9464297024093,784.2847484754168,789.2651977539062,1795094
2014-05-28 00:00:00+05:30,792.4311997532426,799.3742301249124,785.9325052445515,796.3378295898438,1887488
2014-05-29 00:00:00+05:30,794.2826511743041,807.2429741538382,790.6537426592269,799.8185424804688,2820710
2014-05-30 00:00:00+05:30,799.3926582790964,802.4290584165719,788.7836550179271,792.9310302734375,2585648
2014-06-02 00:00:00+05:30,793.9124897149957,799.0040460273003,783.562762419158,788.6728515625,1095158
2014-06-03 00:00:00+05:30,788.67289075132,791.6907590265847,779.5450641936346,788.2100219726562,2484628
2014-06-04 00:00:00+05:30,788.7281900652148,790.542599035676,769.1025590448128,773.638671875,2141062
2014-06-05 00:00:00+05:30,771.3617328030091,783.6924868914238,765.7702408210708,779.1563720703125,4348470
2014-06-06 00:00:00+05:30,785.137757145359,787.9977524465861,768.6323851880173,779.193603515625,3361586
2014-06-09 00:00:00+05:30,780.2218088789432,791.8111122211795,777.6048694145672,790.240966796875,2666196
2014-06-10 00:00:00+05:30,790.6892805727563,807.8675944424693,790.6892805727563,806.82080078125,2628068
2014-06-11 00:00:00+05:30,809.381895096357,827.7004691655125,799.3627383715612,825.0648193359375,3544562
2014-06-12 00:00:00+05:30,840.7849845038065,842.6542263546376,816.4100890232845,836.4296875,2734338
2014-06-13 00:00:00+05:30,836.6727408899885,837.0465892996801,816.8774858511307,827.5321655273438,1904022
2014-06-16 00:00:00+05:30,826.2049177488916,851.2340484734398,826.2049177488916,848.5423583984375,2439906
2014-06-17 00:00:00+05:30,854.2063432250278,858.7299462769641,849.0098859359972,852.3184814453125,1918144
2014-06-18 00:00:00+05:30,857.2343225666485,857.2343225666485,830.4294123743747,832.5790405273438,1948824
2014-06-19 00:00:00+05:30,833.6818476748316,855.7389010438069,826.2423017759588,850.8975830078125,1896354
2014-06-20 00:00:00+05:30,854.206086014846,859.4773844288457,845.6449950317742,857.0099487304688,1155674
2014-06-23 00:00:00+05:30,857.2344578461049,859.813975528109,842.6730796184753,848.2060546875,1262734
2014-06-24 00:00:00+05:30,848.2620932368592,867.141439075758,843.028215182511,863.2347412109375,1479100
2014-06-25 00:00:00+05:30,863.5897752887702,867.3282591644792,857.234352700065,863.79541015625,1028422
2014-06-26 00:00:00+05:30,858.3561274099584,876.356895576748,856.5429257367098,862.71142578125,2036182
2014-06-27 00:00:00+05:30,866.2067878835113,899.8157242841246,865.4590910445959,897.0679931640625,3058836
2014-06-30 00:00:00+05:30,897.4419154041626,910.3209762595528,888.4882632759696,906.7319946289062,2146470
2014-07-01 00:00:00+05:30,904.301995794207,904.3394171485315,890.6191970360251,893.7781982421875,1092790
2014-07-02 00:00:00+05:30,897.2359736560728,901.6286914437641,891.0674763371874,897.8341674804688,907740
2014-07-03 00:00:00+05:30,896.8625227414593,914.0595531900242,894.2455833253733,903.92822265625,1526762
2014-07-04 00:00:00+05:30,901.8722630863837,906.7697159126818,897.6104258529577,901.1619873046875,536136
2014-07-07 00:00:00+05:30,904.7321948314026,933.8736708289264,901.124501588248,930.3408203125,2204902
2014-07-08 00:00:00+05:30,928.9947656212448,929.4433655446144,909.6668173867558,915.72314453125,2500588
2014-07-09 00:00:00+05:30,923.4054755344239,924.3961372080474,890.3573160765586,896.54443359375,1554242
2014-07-10 00:00:00+05:30,897.0680602388649,904.5637398637698,872.9361247041801,879.216796875,1990562
2014-07-11 00:00:00+05:30,886.3947701833677,900.9748612998382,882.6937066393668,895.1614990234375,1329446
2014-07-14 00:00:00+05:30,904.264347741771,911.8160656606212,891.7217181701503,907.0494995117188,1587924
2014-07-15 00:00:00+05:30,907.0313431056431,908.4519858646113,894.8999757874128,896.974853515625,1389656
2014-07-16 00:00:00+05:30,900.8433724456925,906.2081311830541,892.3197056151652,897.9274291992188,1407240
2014-07-17 00:00:00+05:30,900.9748718465404,908.3770902927956,887.8901745375657,890.4884033203125,1790220
2014-07-18 00:00:00+05:30,916.676314048537,929.0133117498428,910.3208909902886,912.6387329101562,3507488
2014-07-21 00:00:00+05:30,922.6577031012176,923.3493590388305,913.330205272721,921.06884765625,981072
2014-07-22 00:00:00+05:30,921.5361783468351,949.5748044628646,920.3772119587447,946.7335205078125,2399016
2014-07-23 00:00:00+05:30,949.5751156202238,970.6228027758896,946.6965006500257,966.8281860351562,2065858
2014-07-24 00:00:00+05:30,970.0989478576079,972.7533073802211,959.6686164661904,970.2111206054688,1481418
2014-07-25 00:00:00+05:30,969.7627378959843,977.3705892527983,959.6688312178071,974.1554565429688,1806914
2014-07-28 00:00:00+05:30,980.3942836916209,988.9536893214604,971.9680615217769,985.0164184570312,1314922
2014-07-30 00:00:00+05:30,983.3043293191922,992.8908430215465,978.6632489345698,987.20361328125,1899252
2014-07-31 00:00:00+05:30,979.6143251628827,988.3258592897255,977.3888429484708,981.4973754882812,2407210
2014-08-01 00:00:00+05:30,979.5761579507632,984.5025515098293,954.848992798608,957.2836303710938,2381882
2014-08-04 00:00:00+05:30,963.218424694016,966.9845259342101,946.4800318478325,960.9549560546875,1828636
2014-08-05 00:00:00+05:30,968.1255101298706,968.1635890713766,947.2786827873714,960.0606689453125,1404656
2014-08-06 00:00:00+05:30,957.1888004295866,964.3026919756736,947.3360104854879,953.5748291015625,1837562
2014-08-07 00:00:00+05:30,947.2408215216215,949.1429115246768,935.4669029778057,939.556396484375,1672656
2014-08-08 00:00:00+05:30,937.7303696139619,953.9741996321771,937.7303696139619,942.9420776367188,1464790
2014-08-11 00:00:00+05:30,947.5832707551143,949.3522703889448,933.9263000953655,939.0238647460938,1290896
2014-08-12 00:00:00+05:30,947.2027675161663,947.2027675161663,928.2960109629789,940.2982177734375,984552
2014-08-13 00:00:00+05:30,939.6326877733404,962.4577733062961,939.6326877733404,951.0642700195312,2768378
2014-08-14 00:00:00+05:30,956.3711535216022,963.2186796804681,947.2601581242147,950.9501953125,1578056
2014-08-18 00:00:00+05:30,947.6401821819896,952.946994173248,939.6323655121447,946.3277587890625,1373260
2014-08-19 00:00:00+05:30,951.0453744137021,952.909386197343,926.3181946789458,927.649658203125,3234156
2014-08-20 00:00:00+05:30,929.9319636249302,933.9453928018895,924.4349411387178,926.7744750976562,2056758
2014-08-21 00:00:00+05:30,930.8829403918274,935.8283748932961,924.4158337360608,925.3478393554688,2265450
2014-08-22 00:00:00+05:30,929.7419029712892,938.9480030753609,926.622492903036,937.4263305664062,3096238
2014-08-25 00:00:00+05:30,939.6327511053146,961.8872109999141,938.453417789753,959.4335327148438,3143512
2014-08-26 00:00:00+05:30,962.0772340894998,970.0660130202549,951.0451108041715,963.9032592773438,1815490
2014-08-27 00:00:00+05:30,963.9793476913179,976.6852735296296,956.3900260981302,970.0469970703125,1435460
2014-08-28 00:00:00+05:30,968.9249994628103,969.7999797570999,955.9907827444218,959.5477294921875,1766288
2014-09-01 00:00:00+05:30,960.707578740467,973.8700786727234,959.8136521669783,965.177490234375,810148
2014-09-02 00:00:00+05:30,968.4683100418279,971.8920725617432,956.4090761856709,965.4629516601562,1407940
2014-09-03 00:00:00+05:30,965.8812282136051,995.1734119758925,965.8812282136051,991.5213623046875,3061690
2014-09-04 00:00:00+05:30,997.455784784478,999.5290438703589,980.5081478981149,983.2852172851562,1701598
2014-09-05 00:00:00+05:30,989.0486682919834,997.3798777728731,982.6386810591978,988.55419921875,1467060
2014-09-08 00:00:00+05:30,993.6519340987513,1008.1078198168801,988.725538988331,1005.3307495117188,1697342
2014-09-09 00:00:00+05:30,1008.8688345271676,1014.5751062156696,998.6356244493268,1000.9751586914062,1418098
2014-09-10 00:00:00+05:30,1003.5427807366124,1005.349766410797,985.7391980453365,989.1439208984375,1258768
2014-09-11 00:00:00+05:30,992.891184046517,998.3691672220879,985.8534496002102,988.4593505859375,1075622
2014-09-12 00:00:00+05:30,992.8911766798711,998.3502132114363,986.5001344387845,991.9782104492188,1196210
2014-09-15 00:00:00+05:30,994.4129645320927,996.1629250322796,971.587877358441,973.2236938476562,1151544
2014-09-16 00:00:00+05:30,976.1526391133012,979.5764012925762,967.7834426750734,970.3893432617188,1535608
2014-09-17 00:00:00+05:30,974.2505303359713,990.8938183883722,974.2505303359713,985.7391357421875,1657700
2014-09-18 00:00:00+05:30,985.929698546366,1008.7928664597816,981.8592429256921,1005.1788940429688,1483078
2014-09-19 00:00:00+05:30,1005.4446556705939,1042.3451973278195,1005.0642377153647,1032.5303955078125,3587864
2014-09-22 00:00:00+05:30,1032.454473891673,1040.062834052997,1018.0936940871738,1035.4217529296875,999584
2014-09-23 00:00:00+05:30,1036.2585695567843,1058.4939817418176,1020.7755764648613,1022.6395874023438,2055990
2014-09-24 00:00:00+05:30,1024.4656629789702,1029.7724754467827,1001.5454787255416,1005.4447631835938,2442132
2014-09-25 00:00:00+05:30,1012.2732944854422,1036.6390868261233,1011.911915947702,1030.4002685546875,2473158
2014-09-26 00:00:00+05:30,1030.9326760850613,1036.6008665635293,1015.7540365652183,1021.0418090820312,1612712
2014-09-29 00:00:00+05:30,1025.378681746338,1055.8311624597713,1017.7323353606962,1052.97802734375,2089534
2014-09-30 00:00:00+05:30,1054.8800177127848,1056.2875456618826,1030.2289140653086,1041.0518798828125,2788954
2014-10-01 00:00:00+05:30,1046.9104031381164,1065.9313043579223,1041.2041327721747,1055.8883056640625,2142022
2014-10-07 00:00:00+05:30,1042.1933807150922,1080.273173759991,1036.8675277402388,1039.054931640625,3457674
2014-10-08 00:00:00+05:30,1041.5847850034763,1042.3265817427475,1007.8226777466981,1020.7378540039062,1962442
2014-10-09 00:00:00+05:30,1030.1719723265494,1035.9923864616906,1021.9929851016526,1029.43017578125,1685176
2014-10-10 00:00:00+05:30,1029.4114496438656,1037.5713998769143,1015.145769909333,1018.949951171875,2344362
2014-10-13 00:00:00+05:30,1019.5205046037162,1036.563254002045,1015.7163236163889,1033.4248046875,2209532
2014-10-14 00:00:00+05:30,1038.5412348656914,1040.7095990886635,1019.0638500616247,1026.8243408203125,2369406
2014-10-15 00:00:00+05:30,1026.8243408203125,1026.8243408203125,1026.8243408203125,1026.8243408203125,0
2014-10-16 00:00:00+05:30,1038.5415157557802,1049.4215116424782,1013.5290232059845,1018.7978515625,3848014
2014-10-17 00:00:00+05:30,941.5344729946645,955.3627033138895,924.4156643947615,928.6572875976562,9892812
2014-10-20 00:00:00+05:30,947.2407422668739,948.6102841046809,919.8316090410435,921.8668823242188,3399242
2014-10-21 00:00:00+05:30,922.8369640545322,929.6464085258697,918.7093919549771,925.7090454101562,1950732
2014-10-22 00:00:00+05:30,945.3387247532505,946.860396744805,930.1600837876892,932.7279052734375,2067664
2014-10-27 00:00:00+05:30,958.2729707458483,958.5392447787382,930.1029984257203,934.7440795898438,2797208
2014-10-28 00:00:00+05:30,945.3009176857503,945.3009176857503,933.3367867861899,942.9043579101562,2289958
2014-10-29 00:00:00+05:30,943.437686347132,958.3039771622989,942.6753124591746,955.2735595703125,2425016
2014-10-30 00:00:00+05:30,961.2774781538924,981.5184537623911,956.3982655202561,975.1526489257812,4111292
2014-10-31 00:00:00+05:30,976.219964062082,998.7099983766711,976.219964062082,994.07861328125,3170070
2014-11-03 00:00:00+05:30,1009.7641063813504,1009.7641063813504,983.6528035172046,987.4075317382812,2541632
2014-11-05 00:00:00+05:30,1005.5713916682445,1005.5713916682445,987.2744141094591,990.8956909179688,2310642
2014-11-07 00:00:00+05:30,992.9155964511613,997.0704961878121,974.6948451063796,980.7366943359375,2126740
2014-11-10 00:00:00+05:30,981.5946945082405,984.2248476193427,972.4080504558261,979.5171508789062,1541964
2014-11-11 00:00:00+05:30,982.6995130431756,988.7985014871983,974.0846546407221,983.7286987304688,1249940
2014-11-12 00:00:00+05:30,983.4622159707485,995.2790100386142,981.5562814436735,987.941162109375,1320582
2014-11-13 00:00:00+05:30,989.1805099011148,992.9542249101173,977.8020379087419,986.6837158203125,1645540
2014-11-14 00:00:00+05:30,985.444455287225,995.3362377335717,981.5563671252365,993.544677734375,1457174
2014-11-17 00:00:00+05:30,989.2186727852608,1000.6161297618168,988.1322523333598,998.0621948242188,1570552
2014-11-18 00:00:00+05:30,998.7100663900837,1001.2449230355853,983.3672876984041,985.6925659179688,1467026
2014-11-19 00:00:00+05:30,990.3243561042982,990.3243561042982,974.867196367689,981.08056640625,1865746
2014-11-20 00:00:00+05:30,986.5118801925389,994.9932902907939,976.0483164592468,993.16357421875,1795386
2014-11-21 00:00:00+05:30,994.135599608429,1006.3335824257103,985.9972207222347,999.5293579101562,2001594
2014-11-24 00:00:00+05:30,999.4717890206808,1015.8628214111801,999.4717890206808,1013.0801391601562,1942766
2014-11-25 00:00:00+05:30,1013.9574482155136,1021.352438996002,997.1852197487908,1004.8089599609375,2371684
2014-11-26 00:00:00+05:30,1002.5410011847922,1012.5662390296408,996.8041175742497,1001.4927368164062,1584800
2014-11-27 00:00:00+05:30,1001.4927621186033,1017.007056550027,1000.7303880132434,1011.4036254882812,1732418
2014-11-28 00:00:00+05:30,1013.3281845725082,1026.1169300077765,1004.5608862901203,1007.4769287109375,1989768
2014-12-01 00:00:00+05:30,1010.3364478537936,1029.2052100378203,1008.3352155009422,1026.517822265625,1896354
2014-12-02 00:00:00+05:30,1026.536394229634,1033.3786809554322,1009.8976220943096,1012.9280395507812,1436572
2014-12-03 00:00:00+05:30,1018.4932814200232,1019.0650617927796,998.1379373751782,1004.5609741210938,3094670
2014-12-04 00:00:00+05:30,1015.4822478725905,1016.6258089625371,1002.4837329249015,1005.5523071289062,1285308
2014-12-05 00:00:00+05:30,1006.6767108564525,1010.0693309936564,980.4701046121343,983.0621948242188,2359676
2014-12-08 00:00:00+05:30,989.1801053473382,989.1801053473382,953.5962674152405,957.8465576171875,3232574
2014-12-09 00:00:00+05:30,959.0665016572458,975.4575428222942,956.4363485560547,958.628173828125,2487940
2014-12-10 00:00:00+05:30,958.6852856715079,965.1273086163344,951.5189516033452,955.9788208007812,2087970
2014-12-11 00:00:00+05:30,953.1960796126813,961.6964737477437,948.0119001109539,949.9749755859375,1938822
2014-12-12 00:00:00+05:30,952.9678373336221,960.5915800322911,923.4829752212137,934.17529296875,2380786
2014-12-15 00:00:00+05:30,909.092890270531,909.1310461979728,896.6471712449397,899.0867309570312,3487788
2014-12-16 00:00:00+05:30,895.7893250474456,937.4339989884811,893.8833903133021,931.2587890625,3339140
2014-12-17 00:00:00+05:30,935.2042055881843,941.5319473992397,916.850087644543,931.6592407226562,2287076
2014-12-18 00:00:00+05:30,935.8521641840728,940.9600323399274,928.1140501059627,937.9867553710938,1481444
2014-12-19 00:00:00+05:30,942.0273041944943,962.0205406009775,940.769368678836,956.9888916015625,1903130
2014-12-22 00:00:00+05:30,962.8783105514718,964.0218714903691,943.2090251771484,958.0753173828125,1643954
2014-12-23 00:00:00+05:30,952.9675692733394,966.938036613591,950.9091965490047,959.3333740234375,1266476
2014-12-24 00:00:00+05:30,958.6849325435852,960.9149128525138,939.8733241767458,945.3052368164062,3288972
2014-12-26 00:00:00+05:30,947.6311025410117,956.7795926701285,939.6261736780345,954.8736572265625,626206
2014-12-29 00:00:00+05:30,956.0169454638072,967.0522899178193,955.6357584839573,961.6965942382812,778920
2014-12-30 00:00:00+05:30,962.4972890553344,969.1489843809096,959.0666056488005,964.4223022460938,701342
2014-12-31 00:00:00+05:30,965.432284515484,978.2782676462017,962.4971632639194,975.171630859375,1573792
2015-01-01 00:00:00+05:30,978.5068241262014,978.5068241262014,968.595964201277,970.3303833007812,366830
2015-01-02 00:00:00+05:30,972.4079955074225,987.6363968949812,972.25555793922,983.2527465820312,925740
2015-01-05 00:00:00+05:30,983.8437974297404,991.0481956060001,962.363869470166,968.3104248046875,1754242
2015-01-06 00:00:00+05:30,964.0598587958751,964.0598587958751,930.096067625733,932.6119384765625,2423784
2015-01-07 00:00:00+05:30,941.531924641461,945.0197485944944,917.6886583015574,921.5958251953125,2636332
2015-01-08 00:00:00+05:30,931.0107771712039,933.5266477468842,922.6818998718156,931.5444946289062,1565408
2015-01-09 00:00:00+05:30,935.8139150775855,960.5529096602568,933.9079804236598,957.6559448242188,3197642
2015-01-12 00:00:00+05:30,959.4477229024767,963.6407800943429,945.4391000114691,956.6650390625,1596006
2015-01-13 00:00:00+05:30,960.5911391581092,964.5554463166472,945.3818166800614,952.1668701171875,1468432
2015-01-14 00:00:00+05:30,959.0663678772712,965.0891403104482,953.1579701419383,961.3344116210938,1787096
2015-01-15 00:00:00+05:30,965.5465485414928,984.1294124346621,961.8299757628589,967.871826171875,5009920
2015-01-16 00:00:00+05:30,969.6248943475117,970.1204558256005,946.9824344898634,965.22216796875,5293830
2015-01-19 00:00:00+05:30,966.6903204027279,972.4081259256147,954.111148252377,957.16064453125,1135074
2015-01-20 00:00:00+05:30,960.5914472619821,964.4033180844503,946.5828219894115,953.1392211914062,2058566
2015-01-21 00:00:00+05:30,961.3538650175666,961.3538650175666,948.4888004083901,958.2281494140625,2310480
2015-01-22 00:00:00+05:30,959.2570513567042,961.0676895422573,951.2521246416275,958.132568359375,2113214
2015-01-23 00:00:00+05:30,958.3043966179172,965.1848425809882,951.481184559426,954.340087890625,3150380
2015-01-27 00:00:00+05:30,959.5915721076171,960.6037017301339,950.8830984281243,955.657470703125,2738736
2015-01-28 00:00:00+05:30,956.02041594174,972.0240763758552,955.9821836592938,969.9998168945312,3121980
2015-01-29 00:00:00+05:30,969.388416317707,981.114254397902,959.8014407793256,971.9283447265625,3734392
2015-01-30 00:00:00+05:30,978.0585554190848,983.5204546520885,943.4157370837509,948.0182495117188,5817402
2015-02-02 00:00:00+05:30,947.999452232403,963.0673539654942,940.3795719813955,960.2982177734375,3181802
2015-02-03 00:00:00+05:30,959.324089499649,979.7011467523499,957.5862926693007,977.1229858398438,2345054
2015-02-04 00:00:00+05:30,980.8472366025857,982.2604324291036,955.6767782278787,960.3365478515625,2245418
2015-02-05 00:00:00+05:30,962.5132941098824,989.8990703757393,962.1313443899976,974.888427734375,4530168
2015-02-06 00:00:00+05:30,975.1180135450536,991.0835366862082,974.2968586281897,983.807373046875,2136416
2015-02-09 00:00:00+05:30,978.3642470740335,981.2671023623982,954.8743383506085,959.8014526367188,2076432
2015-02-10 00:00:00+05:30,958.6938843578575,964.9005678721265,929.2837532440906,932.3966064453125,3799054
2015-02-11 00:00:00+05:30,937.7059488833754,950.0047147606878,934.7267215591892,939.558349609375,2937522
2015-02-12 00:00:00+05:30,947.1590105542755,947.1590105542755,934.6310400798576,940.4175415039062,3107980
2015-02-13 00:00:00+05:30,943.4162377677252,973.1128420132478,939.6922263028526,969.67529296875,4158326
2015-02-16 00:00:00+05:30,977.7916022540503,991.1598468161175,975.8818530308979,987.2639770507812,2364392
2015-02-18 00:00:00+05:30,987.3592500598548,1009.4932200988511,979.7966261288603,1006.6858520507812,2660014
2015-02-19 00:00:00+05:30,1006.8197528206549,1026.4137977678554,1006.4378029902981,1024.026611328125,2618002
2015-02-20 00:00:00+05:30,1030.8059291879617,1030.8059291879617,1009.2066537421163,1021.9255981445312,1801588
2015-02-23 00:00:00+05:30,1020.1881302918715,1039.6675741873732,1020.1881302918715,1029.985107421875,1614892
2015-02-24 00:00:00+05:30,1028.972653361563,1042.7228447205148,1023.2434069619997,1033.07861328125,2199922
2015-02-25 00:00:00+05:30,1035.0839613712915,1039.6673589862198,1018.9848145486413,1020.646240234375,1767994
2015-02-26 00:00:00+05:30,1023.2432332988905,1028.4950416071622,1002.7516694540273,1014.6302490234375,1991994
2015-02-27 00:00:00+05:30,1015.7762009550694,1022.0020002662085,999.2951072405579,1016.8839111328125,2877376
2015-03-02 00:00:00+05:30,1023.5108226361057,1034.6828538737873,1013.1409232486055,1019.5767211914062,2176038
2015-03-03 00:00:00+05:30,1024.3892048332807,1065.63977683999,1022.1547615498046,1060.29248046875,3424308
2015-03-04 00:00:00+05:30,1064.8759973669087,1074.0810244574177,1037.2418932057565,1048.8341064453125,3862994
2015-03-05 00:00:00+05:30,1050.3617517752245,1058.2680924932436,1024.0263366851493,1029.9083251953125,2173514
2015-03-09 00:00:00+05:30,1008.3471205879225,1023.5487359800053,996.8886305812416,1010.9443969726562,2883174
2015-03-10 00:00:00+05:30,1011.7467932671536,1022.9570572561835,991.2552236886438,1009.3787231445312,3037052
2015-03-11 00:00:00+05:30,1009.1113292187865,1015.9673091909527,992.2291674177054,995.5712280273438,2240200
2015-03-12 00:00:00+05:30,1002.1976757806306,1002.5796254407093,989.2878518695147,1000.3452758789062,1827636
2015-03-13 00:00:00+05:30,1007.5834698362703,1008.3282532205649,983.5206348856694,986.3280029296875,1586838
2015-03-16 00:00:00+05:30,987.4169038595849,996.8892804230817,974.7361853025687,978.6702880859375,1556296
2015-03-17 00:00:00+05:30,986.3853678503917,995.6285344481192,976.93211021078,986.8436889648438,1267318
2015-03-18 00:00:00+05:30,989.6131407973372,992.8597151639987,974.6216062218712,977.5435791015625,1255170
2015-03-19 00:00:00+05:30,983.9027838378671,995.3040238152804,980.8854174139296,991.6372680664062,2448964
2015-03-20 00:00:00+05:30,991.541457340821,999.9443510470992,984.9910570468401,997.2515869140625,1963908
2015-03-23 00:00:00+05:30,999.1805460638147,1004.9097923141807,995.3610485635708,999.6197509765625,1566608
2015-03-24 00:00:00+05:30,1004.528021337926,1007.2016700639205,986.2326623555507,989.74658203125,2394878
2015-03-25 00:00:00+05:30,989.7848347937615,998.4169389721952,972.1387698244852,983.04345703125,2224858
2015-03-26 00:00:00+05:30,975.2321665753382,987.9892489797542,955.2561790473319,959.8778076171875,3091642
2015-03-27 00:00:00+05:30,966.7146045126794,982.3363085501529,956.4401957984684,960.5270385742188,2751776
2015-03-30 00:00:00+05:30,964.4232888637441,981.5727983639501,962.5135397768852,979.3765869140625,1339006
2015-03-31 00:00:00+05:30,981.400996437938,981.400996437938,962.8955453643488,975.4807739257812,2427028
2015-04-01 00:00:00+05:30,977.0280083121021,979.1669654111791,963.3732970935104,971.1650390625,2075758
2015-04-06 00:00:00+05:30,977.0273338680728,978.8988501007265,954.9124835091457,972.9404907226562,1568542
2015-04-07 00:00:00+05:30,978.7273445274659,992.6876297675894,971.6803886605416,987.34033203125,1886922
2015-04-08 00:00:00+05:30,990.777518551786,1014.6493747235234,989.5744143005057,1008.8818969726562,1652134
2015-04-09 00:00:00+05:30,1015.6044642718887,1026.4709168549925,1006.4949247258156,1017.7243041992188,2544450
2015-04-10 00:00:00+05:30,1011.5944331912573,1020.1119356471472,1003.7644592888896,1013.5996704101562,1815544
2015-04-13 00:00:00+05:30,1017.5142122849393,1017.8961620643255,1003.7640202270347,1014.2676391601562,1308642
2015-04-15 00:00:00+05:30,1013.962230803431,1036.5736428868156,996.6598842444558,1003.668701171875,2913934
2015-04-16 00:00:00+05:30,1003.3628607828038,1003.3819769198827,982.1265109780973,986.4998168945312,3217570
2015-04-17 00:00:00+05:30,976.6834230517067,977.791039664058,943.4155734258685,945.26806640625,9668742
2015-04-20 00:00:00+05:30,947.2544899901555,948.7249405684425,926.1708825768683,927.6795654296875,2890722
2015-04-21 00:00:00+05:30,927.6796425825025,936.5408588120727,917.0614200684284,927.01123046875,2546032
2015-04-22 00:00:00+05:30,928.7107807761856,944.5616947807966,919.5631032716068,933.9053344726562,4186812
2015-04-23 00:00:00+05:30,944.179840705756,947.1590675908839,928.7872461738089,938.5460815429688,4342990
2015-04-24 00:00:00+05:30,937.8011853723586,960.2216157456476,934.8410749817346,952.2197875976562,3625158
2015-04-27 00:00:00+05:30,954.6833984542642,962.5133683155615,949.5270768382879,954.9507446289062,2733052
2015-04-28 00:00:00+05:30,958.6941527097164,958.6941527097164,937.7251426056177,952.9649047851562,3088298
2015-04-29 00:00:00+05:30,948.7628020704003,952.9642476512274,936.1775814577147,950.0232543945312,2019620
2015-04-30 00:00:00+05:30,947.2348905965179,951.0543861231167,927.0297965605708,941.0090942382812,3738054
2015-05-04 00:00:00+05:30,951.43686022599,956.707785608566,938.5269395786531,947.8274536132812,1890630
2015-05-05 00:00:00+05:30,955.2561273442725,968.7962245337923,954.8741776732032,961.6920166015625,3255070
2015-05-06 00:00:00+05:30,960.6037480920397,960.6037480920397,937.9923385562271,940.761474609375,3394406
2015-05-07 00:00:00+05:30,941.4678342184188,975.4041043813519,937.1900159739088,972.1575317382812,3205028
2015-05-08 00:00:00+05:30,977.7912009100801,988.4857921700341,961.1000182006818,965.2823486328125,3003664
2015-05-11 00:00:00+05:30,968.2427262140552,978.9564365682095,964.4232282802719,976.263671875,2573082
2015-05-12 00:00:00+05:30,977.7915302776386,979.7012793602121,959.8398889014475,963.6211547851562,2467386
2015-05-13 00:00:00+05:30,972.8262440602701,972.8262440602701,947.4074635170851,960.756591796875,1863774
2015-05-14 00:00:00+05:30,962.5132862124262,962.5132862124262,949.1450461261426,954.5878295898438,1309050
2015-05-15 00:00:00+05:30,960.6036615747929,967.2495502039977,955.2563648503209,959.1331176757812,1461454
2015-05-18 00:00:00+05:30,960.2598070419526,964.5185090256674,953.7666619460467,962.666015625,4507752
2015-05-19 00:00:00+05:30,962.2845094640628,966.3332155721827,953.6333818102162,959.7254638671875,1957722
2015-05-20 00:00:00+05:30,962.5135355997708,981.5727941041223,961.3294538712701,976.664794921875,1897814
2015-05-21 00:00:00+05:30,976.6457397007144,985.4305860101069,973.2654463210071,976.0728149414062,1579578
2015-05-22 00:00:00+05:30,973.9719577730614,1004.0505035278177,969.8659975589201,999.9063110351562,2691632
2015-05-25 00:00:00+05:30,1000.7086465579645,1007.1635619783369,987.6077475351916,993.4515991210938,982978
2015-05-26 00:00:00+05:30,994.9791630988644,1001.949746487177,988.8297344263785,996.44970703125,1961740
2015-05-27 00:00:00+05:30,996.1251508579485,1005.731151726902,990.0139536134212,998.894287109375,1620690
2015-05-28 00:00:00+05:30,994.5591027821063,1001.854381671649,986.2899264474325,996.6980590820312,2763608
2015-05-29 00:00:00+05:30,999.5625849425198,1011.6322354192938,992.0190767069009,997.0035400390625,4423532
2015-06-01 00:00:00+05:30,996.6788581603066,1011.0593236644497,996.2587693421231,999.8490600585938,882264
2015-06-02 00:00:00+05:30,999.1806790939029,1004.5279763061791,989.4409591715425,993.03125,3935820
2015-06-03 00:00:00+05:30,994.5974323949532,1002.8475866454856,989.4411093007398,997.2328491210938,1804684
2015-06-04 00:00:00+05:30,999.6006940101165,1001.7777888611436,988.676894232054,995.227294921875,4131468
2015-06-05 00:00:00+05:30,999.2173730570214,1005.7708820624108,990.736361402988,992.9915771484375,2308534
2015-06-08 00:00:00+05:30,998.4466332803996,998.4466332803996,987.5176527560548,993.6085815429688,1570320
2015-06-09 00:00:00+05:30,996.5183773094313,998.4458790063547,983.4113657703517,987.5169067382812,2578914
2015-06-10 00:00:00+05:30,989.1942511230985,1006.1562725764953,988.3461688736946,1002.5903930664062,2763350
2015-06-11 00:00:00+05:30,1004.4217102068021,1007.3129644100457,985.6285578857193,991.2376098632812,1847336
2015-06-12 00:00:00+05:30,991.4688974203162,998.0417010886,954.8078489774722,965.9873657226562,2571456
2015-06-15 00:00:00+05:30,965.7944958703167,971.634791248673,956.4268141754392,965.6017456054688,2525176
2015-06-16 00:00:00+05:30,963.7513737769643,971.1915532057915,961.6118269039105,968.3773803710938,1267396
2015-06-17 00:00:00+05:30,971.8474250535982,974.9892186304374,964.4458292156206,969.0718383789062,1975720
2015-06-18 00:00:00+05:30,969.5341338993167,981.6003230570035,966.8356293516844,975.3359375,2165046
2015-06-19 00:00:00+05:30,977.2434895595185,984.9534973666941,974.1980741222065,982.8525390625,1999610
2015-06-22 00:00:00+05:30,981.8696440737749,1002.3011678805711,981.8696440737749,999.0244140625,1102002
2015-06-23 00:00:00+05:30,1002.3014420663403,1005.3854465034675,989.6570050508495,992.509765625,898318
2015-06-24 00:00:00+05:30,994.591387173323,997.6368037743324,986.4380884482647,990.85205078125,1170246
2015-06-25 00:00:00+05:30,987.6524349437041,991.8929411046646,980.7712122996064,983.0264282226562,1930992
2015-06-26 00:00:00+05:30,983.1035773027199,1000.8944858473558,983.1035773027199,999.5259399414062,1290102
2015-06-29 00:00:00+05:30,991.5072256362637,1003.8432408852375,980.4818743609625,999.5641479492188,1372756
2015-06-30 00:00:00+05:30,996.5186428615796,997.9642695195025,979.1711229665036,983.392333984375,1549952
2015-07-01 00:00:00+05:30,988.3848488738786,1005.3854612290843,985.6285575143639,999.6415405273438,1279708
2015-07-02 00:00:00+05:30,1002.3013243214165,1003.4385320007449,991.141103398874,993.7239379882812,1445880
2015-07-03 00:00:00+05:30,991.9121744864328,1006.1564004900251,990.7363790265765,1003.8048095703125,963470
2015-07-06 00:00:00+05:30,994.7070818166112,1019.6489484235904,994.7070818166112,1015.1386108398438,1182338
2015-07-07 00:00:00+05:30,1014.9269233802033,1020.3817203992414,1003.4582780585582,1008.566162109375,1642836
2015-07-08 00:00:00+05:30,1001.5111567425834,1010.6667950034002,994.7841908226421,1000.4125366210938,2667850
2015-07-09 00:00:00+05:30,1000.3736477900071,1001.626524227509,966.3146460655423,972.4248657226562,3934122
2015-07-10 00:00:00+05:30,986.4958005909854,986.4958005909854,946.4037477338293,953.8632202148438,8263654
2015-07-13 00:00:00+05:30,954.2681425434482,970.9218436684024,954.2681425434482,967.4330444335938,2280308
2015-07-14 00:00:00+05:30,967.9919112484607,969.5339134965666,959.8963994459049,963.5586547851562,1703274
2015-07-15 00:00:00+05:30,964.1365514982077,983.006778255048,963.7510510777767,981.3876953125,2003660
2015-07-16 00:00:00+05:30,980.5976649211009,986.4380543345404,974.0056624248199,979.2484130859375,1456608
2015-07-17 00:00:00+05:30,981.7927618371651,990.7749429473122,980.4435099914966,988.5775146484375,1070526
2015-07-20 00:00:00+05:30,990.5476654261876,998.2355756480326,985.8730462823393,996.4005126953125,853786
2015-07-21 00:00:00+05:30,995.1838390223547,1004.5909910666545,987.1095979316539,989.5433959960938,1274500
2015-07-22 00:00:00+05:30,989.3888267604505,992.4794595656373,973.954998053274,976.6593017578125,1320628
2015-07-23 00:00:00+05:30,972.5830194958338,980.4448504493793,959.2546722574599,961.4181518554688,1496780
2015-07-24 00:00:00+05:30,964.8571803722878,972.1974351979428,962.7710404124574,967.8125610351562,1574972
2015-07-27 00:00:00+05:30,961.1869298509168,967.7545254326957,958.5405374331557,964.6832275390625,2003738
2015-07-28 00:00:00+05:30,965.6295880224001,973.1630054924688,962.7900314023844,966.61474609375,1891188
2015-07-29 00:00:00+05:30,970.0723185095555,971.6369701450697,959.4482688245644,968.430419921875,2413318
2015-07-30 00:00:00+05:30,972.0235831430416,972.3133300372644,955.3148455761886,958.3474731445312,2770574
2015-07-31 00:00:00+05:30,961.92089079309,973.1631065276732,960.8005740112438,969.9758911132812,1963776
2015-08-03 00:00:00+05:30,967.1363001652593,975.4810470476555,966.1704773464002,969.5316162109375,1179324
2015-08-04 00:00:00+05:30,969.8407853035184,974.7085709477218,960.4143905572876,969.2612915039062,2342692
2015-08-05 00:00:00+05:30,973.5494098317225,985.1392837582906,970.0724476537521,984.0382080078125,988994
2015-08-06 00:00:00+05:30,990.9341964986177,997.8881206845729,985.1779303165857,994.1407470703125,2211366
2015-08-07 00:00:00+05:30,994.0249738907627,994.0249738907627,983.9804152739109,985.931396484375,1188506
2015-08-10 00:00:00+05:30,993.6383313201059,1000.2059252674005,987.6889015894152,993.677001953125,1431182
2015-08-11 00:00:00+05:30,995.9564432754595,1008.3189747668538,982.0872659860034,1006.0782470703125,2200306
2015-08-12 00:00:00+05:30,1005.6533958559061,1039.766182574077,1005.2283960855258,1032.155517578125,3479784
2015-08-13 00:00:00+05:30,1031.4987291367504,1036.9073367052576,987.4572103646195,1018.2090454101562,1406426
2015-08-14 00:00:00+05:30,1019.1360709199989,1050.5639780065603,1018.7884124898166,1044.32470703125,2293964
2015-08-17 00:00:00+05:30,1039.2640421511308,1041.8524284878195,1025.7038518065724,1037.1971435546875,773644
2015-08-18 00:00:00+05:30,1045.7540941940053,1062.3662437645924,1039.2251708111519,1058.8892822265625,1916926
2015-08-19 00:00:00+05:30,1062.4052186753638,1063.50629453854,1051.5493312588958,1056.0694580078125,1690070
2015-08-20 00:00:00+05:30,1060.4732985029627,1060.4732985029627,1032.2712763569823,1038.00830078125,2349298
2015-08-21 00:00:00+05:30,1047.7244467231249,1054.6396994073075,1025.7423601811981,1033.87451171875,3536080
2015-08-24 00:00:00+05:30,1019.5222691402793,1021.8402432269945,992.5179087574888,996.207275390625,4692344
2015-08-25 00:00:00+05:30,999.7810382825825,1012.9548982952618,979.5374312080993,991.7647094726562,3925800
2015-08-26 00:00:00+05:30,988.2490542346712,1019.5223722538385,970.4392471396983,995.473388671875,3216158
2015-08-27 00:00:00+05:30,1010.2118545523537,1010.2118545523537,983.516572217933,994.662109375,5264798
2015-08-28 00:00:00+05:30,1007.9322597990048,1007.9322597990048,988.1135652251713,993.19384765625,2744152
2015-08-31 00:00:00+05:30,1000.5925448202112,1000.5925448202112,977.8184592371634,990.5673217773438,3692044
2015-09-01 00:00:00+05:30,987.4572438298541,1008.7825926732509,977.4126865764987,980.271484375,2987602
2015-09-02 00:00:00+05:30,988.886699476293,1012.3561951746781,984.3666673166282,1001.2879028320312,3765950
2015-09-03 00:00:00+05:30,1002.9491966130952,1010.2507802033592,995.2805248561775,1006.6193237304688,2265074
2015-09-04 00:00:00+05:30,1008.8594671245612,1010.2116185632462,980.947198140278,984.1537475585938,2426396
2015-09-07 00:00:00+05:30,986.2981204560381,988.983088641734,978.4556214335761,981.1792602539062,1759184
2015-09-08 00:00:00+05:30,983.2072678951,990.586189244071,974.9011947085598,981.3915405273438,1787746
2015-09-09 00:00:00+05:30,990.1423730953662,994.4113294846616,982.8214538496422,985.0428466796875,2045076
2015-09-10 00:00:00+05:30,982.0485793247968,996.1495915771002,976.2536427827544,983.362060546875,2665818
2015-09-11 00:00:00+05:30,983.7874206016803,992.2479933243139,981.5081157877947,985.9122314453125,1592672
2015-09-14 00:00:00+05:30,990.9340811915314,990.9340811915314,982.434841508797,985.7765502929688,1589318
2015-09-15 00:00:00+05:30,985.7767863883821,988.5776728637371,979.7307726207631,980.2136840820312,1379900
2015-09-16 00:00:00+05:30,987.070928862976,990.9342201696803,981.6816563538504,985.2745361328125,1756816
2015-09-18 00:00:00+05:30,990.9344633738823,999.0473771091071,980.8899035112231,985.6224365234375,2455294
2015-09-21 00:00:00+05:30,985.1391964246494,987.8821707382237,978.6488487374204,985.5448608398438,1108840
2015-09-22 00:00:00+05:30,988.036985026145,993.7932527050904,961.9597625474491,976.1766967773438,2081246
2015-09-23 00:00:00+05:30,979.0738399270955,988.1332383004519,970.6905174669541,978.4363403320312,1228352
2015-09-24 00:00:00+05:30,979.537466502096,1000.5924031711413,977.37398574076,996.8836059570312,2354254
2015-09-28 00:00:00+05:30,1002.1378902736734,1011.7961197481691,996.5361171784659,1002.02197265625,2366812
2015-09-29 00:00:00+05:30,998.023589564178,1017.5911260719266,992.8081452961557,999.9165649414062,3325952
2015-09-30 00:00:00+05:30,1021.338351765421,1021.338351765421,993.2329061916907,999.8391723632812,3368336
2015-10-01 00:00:00+05:30,1004.0693294589266,1023.7527782119506,1001.4422727189715,1021.6859741210938,2834408
2015-10-05 00:00:00+05:30,1024.815391365283,1070.1318227972872,1024.815391365283,1047.5894775390625,4807306
2015-10-06 00:00:00+05:30,1052.7464814362702,1053.1328104202835,1036.9069930917244,1043.0882568359375,3979590
2015-10-07 00:00:00+05:30,1040.7512596974257,1049.6561643128668,1022.5937920041224,1025.298095703125,2065530
2015-10-08 00:00:00+05:30,1031.4985817634242,1034.7244671154872,1012.1821289214125,1017.5134887695312,2357550
2015-10-09 00:00:00+05:30,1023.965154730562,1024.0038253632993,1007.5461699820055,1015.91015625,2249724
2015-10-12 00:00:00+05:30,1025.7037609152778,1027.7706593285657,999.4333821046416,1001.5968627929688,2455912
2015-10-13 00:00:00+05:30,1005.5374064975483,1009.0916153755743,991.9386409580503,1003.8955078125,6179712
2015-10-14 00:00:00+05:30,984.3666165187376,984.3666165187376,958.096235858112,959.525634765625,8337128
2015-10-15 00:00:00+05:30,961.9595316200074,967.1749748637303,952.3013033908909,953.3637084960938,3215710
2015-10-16 00:00:00+05:30,958.4440905497709,962.7323824688069,954.2331399269475,955.0057983398438,2333828
2015-10-19 00:00:00+05:30,961.9592906850357,963.8716005317115,948.7661919558964,961.4763793945312,3130642
2015-10-20 00:00:00+05:30,964.3741869225846,977.412796360196,964.1231106905034,976.1572265625,2695084
2015-10-21 00:00:00+05:30,979.3442431061635,982.0485467360425,974.418547208884,977.41259765625,1929688
2015-10-23 00:00:00+05:30,986.510898305512,986.510898305512,978.4964840883038,982.31005859375,2335398
2015-10-26 00:00:00+05:30,986.8984439554563,986.8984439554563,973.7733906509098,982.0781860351562,1414630
2015-10-27 00:00:00+05:30,979.5614693466225,985.3108988237531,975.805931614508,979.968017578125,1530420
2015-10-28 00:00:00+05:30,971.8177999322327,980.9163110591601,971.8177999322327,979.1934204101562,1255342
2015-10-29 00:00:00+05:30,980.91642896669,981.63263810789,964.0745020902947,966.1265258789062,3130316
2015-10-30 00:00:00+05:30,967.9270423417462,972.5343372536428,962.1194800876957,966.068603515625,1516696
2015-11-02 00:00:00+05:30,967.927261352027,976.7547768803869,963.1070024953233,974.6447143554688,1319294
2015-11-03 00:00:00+05:30,978.7674386883973,986.4334367411699,975.089317380035,984.7492065429688,1364906
2015-11-04 00:00:00+05:30,985.3495380329134,986.2012947601834,975.6702694864211,981.0132446289062,991434
2015-11-05 00:00:00+05:30,979.8521752272134,981.4588967224128,960.1838737472384,961.2098388671875,1596098
2015-11-06 00:00:00+05:30,964.8294785275117,974.9927103940233,961.5191498147409,970.153076171875,908024
2015-11-09 00:00:00+05:30,965.9912079593782,968.9917818518372,955.7699359934269,956.8346557617188,2021556
2015-11-10 00:00:00+05:30,957.454023774671,959.0220844404902,948.5684727005253,951.723876953125,1361920
2015-11-13 00:00:00+05:30,943.9414866063889,943.9414866063889,924.0021967695805,928.2029418945312,2743232
2015-11-16 00:00:00+05:30,925.3383700915101,925.3383700915101,912.1745606425095,919.3759765625,2043528
2015-11-17 00:00:00+05:30,921.660244466917,928.6099425913612,919.5308047086444,925.5513305664062,1985028
2015-11-18 00:00:00+05:30,924.9123706745996,924.9123706745996,908.3027796492336,910.412841796875,1520352
2015-11-19 00:00:00+05:30,915.7944242158736,922.0859492667546,910.6256565951966,914.7103271484375,1866906
2015-11-20 00:00:00+05:30,916.2396182088069,938.3277293252552,914.477972317781,928.571044921875,2012126
2015-11-23 00:00:00+05:30,931.2619962202352,934.3980231611266,922.3376898763711,925.7448120117188,1088082
2015-11-24 00:00:00+05:30,921.4857682697387,926.2866477904556,915.852414916792,916.8009643554688,998640
2015-11-26 00:00:00+05:30,920.6531500258923,922.395418138622,905.1470394418739,908.1282348632812,2915292
2015-11-27 00:00:00+05:30,909.0770968124107,913.5101838524328,903.0759490268091,911.1484985351562,1737206
2015-11-30 00:00:00+05:30,915.6588483398735,925.8220808003056,909.9093247383275,918.9691772460938,4100048
2015-12-01 00:00:00+05:30,914.8459721231148,920.7116672693875,912.5810793441311,914.4588012695312,1721994
2015-12-02 00:00:00+05:30,920.6922558431125,920.7310107366943,908.4963744053254,915.7364501953125,1640296
2015-12-03 00:00:00+05:30,913.7229921218627,918.7562119937204,908.6897722500049,910.1416625976562,2283358
2015-12-04 00:00:00+05:30,905.9798061806041,908.8061723440287,898.6623147864917,901.4885864257812,1246092
2015-12-07 00:00:00+05:30,902.9598161639668,907.4896960972784,896.3972893161063,898.158935546875,1382604
2015-12-08 00:00:00+05:30,898.003643655928,909.4639336736277,897.1906419367033,901.7205200195312,1139964
2015-12-09 00:00:00+05:30,905.1664843136123,918.6788005867008,898.2361655014996,916.684814453125,5282806
2015-12-10 00:00:00+05:30,917.2076245733516,925.8027974226551,910.6257209778485,923.2281494140625,1723988
2015-12-11 00:00:00+05:30,922.6279773951976,926.0931370038811,914.9813544184644,923.7894897460938,1652378
2015-12-14 00:00:00+05:30,904.1212565122272,924.1767233729457,902.3403275008884,920.8663940429688,2718532
2015-12-15 00:00:00+05:30,920.8664507346392,923.4024386008216,914.9040577038495,919.85986328125,1135868
2015-12-16 00:00:00+05:30,923.015469741625,934.8241827563563,923.015469741625,932.46240234375,1435934
2015-12-17 00:00:00+05:30,935.0174981207251,946.6326223209826,926.6352879658551,944.5999755859375,1618844
2015-12-18 00:00:00+05:30,936.9530997060069,942.4509047746691,929.4613088057436,935.7141723632812,3024970
2015-12-21 00:00:00+05:30,936.9339726725531,948.5684742926817,931.8620918306045,947.1746215820312,1610104
2015-12-22 00:00:00+05:30,944.6967618287731,944.6967618287731,929.2099296676457,931.1651611328125,1560858
2015-12-23 00:00:00+05:30,935.0173894083148,942.7608046415099,933.2944984237512,939.1988525390625,849834
2015-12-24 00:00:00+05:30,937.3405676218131,943.9998869090963,930.7586635947289,942.4705810546875,843160
2015-12-28 00:00:00+05:30,940.0504255930202,954.917742125546,937.0304753374497,953.4852294921875,3704198
2015-12-29 00:00:00+05:30,951.8014524754565,954.4922708525179,946.9230621835346,950.8141479492188,1708524
2015-12-30 00:00:00+05:30,949.749227512346,952.0528745708004,933.9720194445297,936.2950439453125,1605762
2015-12-31 00:00:00+05:30,935.3076498924793,947.987490742724,932.1134915103565,943.4769897460938,1240318
2016-01-01 00:00:00+05:30,944.3093609858336,944.3093609858336,933.9525445010565,935.5592651367188,712262
2016-01-04 00:00:00+05:30,933.1397033944468,934.6303488441339,916.0655271412223,917.4400024414062,1870184
2016-01-05 00:00:00+05:30,923.4022264041478,924.0217374055085,906.3667136319119,909.4447021484375,2678020
2016-01-06 00:00:00+05:30,909.9286584580663,923.8474277207182,909.9286584580663,922.0858764648438,2653228
2016-01-07 00:00:00+05:30,917.5945278523656,922.5889919031904,913.7228209837901,918.0784912109375,3199580
2016-01-08 00:00:00+05:30,923.4023717564255,932.055677074987,918.5627366843269,928.28076171875,1907544
2016-01-11 00:00:00+05:30,922.4346342401851,923.0153905681432,909.4063717593142,914.6331787109375,2930228
2016-01-12 00:00:00+05:30,914.7683594188726,915.6588710947389,891.112282085185,900.9657592773438,3482594
2016-01-13 00:00:00+05:30,897.0747728882644,900.9464810146703,873.1089373954611,882.439697265625,4746092
2016-01-14 00:00:00+05:30,880.0391197363607,890.0668044085347,871.1341924359049,882.2847290039062,2742052
2016-01-15 00:00:00+05:30,886.1757502967355,887.2791301467444,873.0699834669803,875.4317626953125,3269408
2016-01-18 00:00:00+05:30,875.7800502591097,887.3564154126692,875.0057089237789,881.8392333984375,2213922
2016-01-19 00:00:00+05:30,881.5877598927937,890.4926867603976,878.2193934172601,882.478271484375,967910
2016-01-20 00:00:00+05:30,880.3491347155583,884.6854295133785,868.4242531284499,882.788330078125,1615954
2016-01-21 00:00:00+05:30,886.8245691776169,888.7262557356075,871.59136815345,874.9873046875,2675536
2016-01-22 00:00:00+05:30,882.1671484077235,893.4416749083008,877.1217577657084,890.99658203125,1343178
2016-01-25 00:00:00+05:30,893.3837552084622,907.7825674804441,889.3474790001871,894.4510498046875,1397560
2016-01-27 00:00:00+05:30,893.422379541505,904.2699520367463,885.6213903681498,900.311279296875,1626986
2016-01-28 00:00:00+05:30,898.6617440314518,911.6244797216762,895.7703658785404,904.7550048828125,3106660
2016-01-29 00:00:00+05:30,915.4278150888738,931.456650567931,906.2491239124704,928.0801391601562,2235744
2016-02-01 00:00:00+05:30,928.0025937340014,936.4826739929094,915.5443223662264,932.5045776367188,1495274
2016-02-02 00:00:00+05:30,934.9496884130077,944.2642556699243,923.578135269653,930.7193603515625,1475588
2016-02-03 00:00:00+05:30,926.6053981746288,943.0610959311924,916.0489074580023,937.7828979492188,1308692
2016-02-04 00:00:00+05:30,939.956222284906,946.9809962648266,932.232931568899,939.23828125,1250046
2016-02-05 00:00:00+05:30,934.6003009750817,946.9614493802859,934.6003009750817,939.9755249023438,1402996
2016-02-08 00:00:00+05:30,931.4568374926114,936.1335459813934,910.8871656646495,917.0774536132812,1063658
2016-02-09 00:00:00+05:30,905.6863194103925,905.6863194103925,875.4139805529501,885.4270629882812,2489610
2016-02-10 00:00:00+05:30,882.9433536299614,888.7261095614557,876.3843837612101,880.537109375,1890732
2016-02-11 00:00:00+05:30,884.8838678353842,888.3768304715765,842.8324408641543,853.0396728515625,1962408
2016-02-12 00:00:00+05:30,853.8354341385026,870.6792407108863,839.8635815798725,864.1591186523438,2172568
2016-02-15 00:00:00+05:30,873.2407018584663,895.3046214931624,869.3596320724287,880.6729125976562,2479712
2016-02-16 00:00:00+05:30,879.4504470675915,885.6601589621553,870.5239862191562,879.2758178710938,1588702
2016-02-17 00:00:00+05:30,879.0624950043737,884.7482255588404,871.8436657535885,883.1570434570312,1585178
2016-02-18 00:00:00+05:30,886.8243484786925,900.3110645004144,884.1075999275542,898.7974853515625,1529140
2016-02-19 00:00:00+05:30,895.4987594175631,903.1250243651227,894.7612992370738,900.2723999023438,879012
2016-02-22 00:00:00+05:30,900.5051977529658,909.3346313264515,894.5865664564535,898.81689453125,1324884
2016-02-23 00:00:00+05:30,896.6240174256449,900.3692113255338,875.8602970783786,878.674072265625,1306852
2016-02-24 00:00:00+05:30,878.0725294276165,878.0725294276165,854.3009792991443,858.0850219726562,1659328
2016-02-25 00:00:00+05:30,861.5195892339217,864.7020463967015,848.2656836909297,858.822265625,1830556
2016-02-26 00:00:00+05:30,865.3619116401948,875.9184000727495,853.6799511303597,857.9102783203125,1537536
2016-02-29 00:00:00+05:30,868.1953202343652,868.1953202343652,820.8462683485393,844.831298828125,2191718
2016-03-01 00:00:00+05:30,851.1183932754813,886.8630750528193,839.0870799186459,883.58349609375,1999760
2016-03-02 00:00:00+05:30,894.5866551256527,904.2893303439351,875.6664384500016,899.9619750976562,1527486
2016-03-03 00:00:00+05:30,906.6175143424844,927.963389038048,893.0337758998529,921.03564453125,2648284
2016-03-04 00:00:00+05:30,923.6943030748638,923.6943030748638,911.8764684419358,914.9813232421875,1512966
2016-03-08 00:00:00+05:30,908.9855718615967,918.6493996347483,894.276257618276,913.720458984375,1268152
2016-03-09 00:00:00+05:30,908.5584349511397,919.5806352186333,890.7636921194783,914.8651733398438,2017784
2016-03-10 00:00:00+05:30,914.3994305303673,915.8742559425666,898.4481964255102,911.3916015625,1661666
2016-03-11 00:00:00+05:30,908.1705720565018,927.9058550811195,906.2300366461246,917.9702758789062,1530528
2016-03-14 00:00:00+05:30,916.7087534521795,930.6806057486564,908.1703992709992,913.9920043945312,1636742
2016-03-15 00:00:00+05:30,911.6828559406378,917.2909836853615,900.4471761487645,904.2505493164062,1623356
2016-03-16 00:00:00+05:30,898.4675794622874,905.0653975404123,895.3238753004649,903.144287109375,1918246
2016-03-17 00:00:00+05:30,905.8417564900633,916.6311502608337,905.0655424742191,912.8471069335938,2221088
2016-03-18 00:00:00+05:30,915.9326154390546,943.100108269874,915.9326154390546,941.489501953125,3204070
2016-03-21 00:00:00+05:30,941.5473294982753,952.7830051845839,939.2186881227643,949.406494140625,2336982
2016-03-22 00:00:00+05:30,947.7571675522701,964.445766325713,945.6225793370622,959.8273315429688,1951984
2016-03-23 00:00:00+05:30,965.5714957398067,965.5714957398067,953.695476812893,960.0992431640625,2278434
2016-03-28 00:00:00+05:30,966.7746304527686,976.9235915827385,955.3448971484565,959.9439086914062,3320882
2016-03-29 00:00:00+05:30,961.7288091782009,965.202346661143,952.8023513044726,958.3910522460938,1838796
2016-03-30 00:00:00+05:30,958.9734335059884,972.207918521462,954.7431056138909,966.1922607421875,2136504
2016-03-31 00:00:00+05:30,961.8454436581499,989.672692169802,959.4585291371969,978.1459350585938,4363964
2016-04-01 00:00:00+05:30,972.2078511674357,978.3593838553306,944.6911079715882,952.3755493164062,3041400
2016-04-04 00:00:00+05:30,953.1912288189176,965.6106585103693,949.6982642181968,959.10986328125,1752352
2016-04-05 00:00:00+05:30,958.9347048128526,964.4069561491447,947.776629607032,955.8104248046875,1491794
2016-04-06 00:00:00+05:30,958.6241798777123,965.9982120306178,954.490878703601,963.2426147460938,1763150
2016-04-07 00:00:00+05:30,962.50562502637,964.3297094780954,953.5791615684642,958.93505859375,2390942
2016-04-08 00:00:00+05:30,957.072152761026,960.0605586183744,941.9359751626157,943.8959350585938,1399500
2016-04-11 00:00:00+05:30,944.2642270978816,976.8652115106322,936.5020879519888,972.8482666015625,2400648
2016-04-12 00:00:00+05:30,969.4913875746994,979.9702776725845,965.6491657732198,977.3117065429688,1303628
2016-04-13 00:00:00+05:30,981.9108609334886,987.7324668283511,975.1189873894822,980.43603515625,1601468
2016-04-18 00:00:00+05:30,952.0261777417387,991.0309192268772,946.9807882959,977.9323120117188,7121504
2016-04-20 00:00:00+05:30,983.8124186655388,983.8124186655388,946.9811014330103,950.998046875,6405024
2016-04-21 00:00:00+05:30,951.2503822375907,957.6152999744945,936.1918097045058,940.9266967773438,2525724
2016-04-22 00:00:00+05:30,938.8307031690251,945.1956191877462,933.0867014128265,938.0739135742188,1964126
2016-04-25 00:00:00+05:30,932.3494712140109,953.5983296044806,932.3494712140109,951.3472900390625,2267654
2016-04-26 00:00:00+05:30,950.4740531706461,967.7448148554537,947.7573041415752,966.308837890625,2554368
2016-04-27 00:00:00+05:30,962.5051543605316,975.9336915925956,960.913878099434,974.5753173828125,1848670
2016-04-28 00:00:00+05:30,970.7723663026495,985.7920930213689,969.5304424588351,981.0377807617188,4992744
2016-04-29 00:00:00+05:30,976.8657327906617,986.5684119006206,974.1489826398732,984.0457153320312,2372178
2016-05-02 00:00:00+05:30,981.5227310849954,981.9108381356418,970.2676266162468,980.6300659179688,1116692
2016-05-03 00:00:00+05:30,979.9702481641426,981.9107833090221,959.40057562842,961.76806640625,2153118
2016-05-04 00:00:00+05:30,960.1379103427865,967.9583235778895,953.5789396641618,961.7291870117188,1364892
2016-05-05 00:00:00+05:30,961.7290663229742,966.3669256382011,956.1209395881316,958.7406616210938,1246566
2016-05-06 00:00:00+05:30,956.6838474773483,964.1743322519493,943.4882082017987,959.9439086914062,885598
2016-05-09 00:00:00+05:30,959.9436187425114,977.253225288481,953.3458010975932,975.1380615234375,1821276
2016-05-10 00:00:00+05:30,976.0889613141268,983.4435689309494,968.7149293996264,979.1549682617188,1158534
2016-05-11 00:00:00+05:30,970.267677800305,980.2032567220613,966.3866070891038,977.3700561523438,1598716
2016-05-12 00:00:00+05:30,978.2430977570523,997.3961209630095,978.2430977570523,995.9601440429688,1513082
2016-05-13 00:00:00+05:30,995.4944714975436,995.8825785039753,974.206764293685,979.3491821289062,1621730
2016-05-16 00:00:00+05:30,985.0155107272973,995.4167966941815,978.9998525648572,990.1190795898438,1111526
2016-05-17 00:00:00+05:30,995.183931287026,1005.6822443854162,990.4490449287341,997.5125732421875,1756698
2016-05-18 00:00:00+05:30,995.8241251024058,995.8241251024058,980.3774515654351,990.0995483398438,1500740
2016-05-19 00:00:00+05:30,991.6133275318963,993.5538624194342,980.3970737829989,992.3701171875,1038792
2016-05-20 00:00:00+05:30,986.6841836084336,995.8046956917678,979.1160991137519,981.6387939453125,1230918
2016-05-23 00:00:00+05:30,987.3442616589413,988.0816270979404,962.5830147627112,966.94921875,1533016
2016-05-24 00:00:00+05:30,964.0579143680476,965.707369334257,954.5881402278304,957.7317504882812,1339158
2016-05-25 00:00:00+05:30,962.8932741766577,983.0554098385699,962.8932741766577,980.53271484375,1548678
2016-05-26 00:00:00+05:30,981.9105709338832,995.4554654144714,972.2467459036264,989.1681518554688,1943248
2016-05-27 00:00:00+05:30,990.8953534088704,1001.2578861555683,989.9057563567644,998.4634399414062,1104676
2016-05-30 00:00:00+05:30,1002.4803852438082,1025.3592740401245,1002.0922782421652,1023.2052612304688,1349464
2016-05-31 00:00:00+05:30,1024.602542202009,1027.3192913669386,994.3301943642224,997.2021484375,3722608
2016-06-01 00:00:00+05:30,997.9007329994214,1026.5430495129285,997.8231305473495,1022.0992431640625,1911942
2016-06-02 00:00:00+05:30,1009.0780997610874,1030.1523267181715,1009.0780997610874,1028.5416259765625,1408756
2016-06-03 00:00:00+05:30,1029.02671071185,1031.588254436576,1017.0342440748863,1020.546630859375,1554922
2016-06-06 00:00:00+05:30,1027.5854310191762,1034.8398979048295,1020.8015050005913,1024.4483642578125,1322026
2016-06-07 00:00:00+05:30,1025.0367907590012,1034.8401265543243,1024.6446573271883,1031.7618408203125,1202194
2016-06-08 00:00:00+05:30,1026.3111532254945,1030.7422798447694,1021.7035857212823,1024.683837890625,938266
2016-06-09 00:00:00+05:30,1028.3307021767268,1028.3307021767268,1001.9793539658552,1010.6259155273438,1562138
2016-06-10 00:00:00+05:30,1006.214191116233,1020.82115862172,1001.1948650141909,1002.19482421875,1396832
2016-06-13 00:00:00+05:30,996.018677476719,1001.2536958278068,987.3917440497553,998.7636108398438,1029978
2016-06-14 00:00:00+05:30,1003.4497471694984,1003.4497471694984,987.4899368986778,993.9993896484375,977570
2016-06-15 00:00:00+05:30,992.0972808950528,1005.7826952107592,988.9602143941988,1002.6260986328125,1270844
2016-06-16 00:00:00+05:30,998.1952451902627,1005.704561879671,986.7841243881345,1003.1949462890625,1145070
2016-06-17 00:00:00+05:30,1003.469232006754,1023.4680326446378,1003.469232006754,1020.5662841796875,1878988
2016-06-20 00:00:00+05:30,1020.5659915705221,1046.2114667413603,1016.3309335025494,1042.7999267578125,1872838
2016-06-21 00:00:00+05:30,1044.4474059137249,1045.0356060672336,1035.7812186910817,1039.6241455078125,1027690
2016-06-22 00:00:00+05:30,1039.153226492844,1050.0152995622584,1031.9967938952989,1046.0743408203125,1761712
2016-06-23 00:00:00+05:30,1041.1141269588422,1042.8787271740268,1029.4677846857626,1037.330078125,1397014
2016-06-24 00:00:00+05:30,1005.8808114214942,1016.880170893573,985.8820108306888,1009.3316040039062,3766586
2016-06-27 00:00:00+05:30,998.7635125670523,998.7635125670523,973.5296964817798,978.7059326171875,4272566
2016-06-28 00:00:00+05:30,978.7057009570465,981.4701634721507,964.020235796812,966.1965942382812,4499524
2016-06-29 00:00:00+05:30,970.5302189511035,985.2352222685445,966.7265439067985,981.470703125,2531264
2016-06-30 00:00:00+05:30,988.9598930834125,1004.9981020639823,980.4702479180115,1001.1552734375,5121812
2016-07-01 00:00:00+05:30,1004.6458522111915,1005.6654374280906,978.118063845797,980.6669311523438,2197296
2016-07-04 00:00:00+05:30,986.6080400593447,990.4705939317715,973.2754989774617,978.0595092773438,1883484
2016-07-05 00:00:00+05:30,978.0589180174762,979.1765362856532,971.3730256931074,974.5689697265625,1559748
2016-07-07 00:00:00+05:30,975.5100849843953,977.1374957771492,950.9233438593731,952.8056030273438,3316800
2016-07-08 00:00:00+05:30,954.8446629428835,957.6092220792374,942.4924629910556,951.55078125,2456356
2016-07-11 00:00:00+05:30,952.8842551062809,969.2754519750027,951.7078547913349,966.2755737304688,1543632
2016-07-12 00:00:00+05:30,969.2361339257028,970.5301933306162,955.1782085667558,966.5892333984375,1465536
2016-07-13 00:00:00+05:30,971.7065550447926,980.0393897077071,961.2169867044181,977.6278076171875,2102300
2016-07-14 00:00:00+05:30,974.8435923901773,991.705327898133,968.9615916315881,988.921142578125,2699988
2016-07-15 00:00:00+05:30,986.9996992108947,991.2347587837284,951.5312547928253,958.9033813476562,8336366
2016-07-18 00:00:00+05:30,959.5503034589423,968.1772371230603,953.119354839963,954.2368774414062,2598850
2016-07-19 00:00:00+05:30,951.903622449712,969.6672807717063,951.903622449712,967.0791625976562,2362896
2016-07-20 00:00:00+05:30,960.7269530785577,981.3139592159554,960.0014679013385,978.3533325195312,2815252
2016-07-21 00:00:00+05:30,976.215741865316,987.9797395580091,966.3927846447856,982.70556640625,2527148
2016-07-22 00:00:00+05:30,979.90206237939,989.7446484854661,977.1963803588675,986.2546997070312,1517216
2016-07-25 00:00:00+05:30,987.591636240718,1007.7208733240288,985.1541283098086,1006.0499877929688,1688796
2016-07-26 00:00:00+05:30,1006.0494802592802,1009.6075009683944,995.8472741249778,1003.5530395507812,2311290
2016-07-27 00:00:00+05:30,1004.4968870898766,1014.4828451472871,1000.5653924241628,1013.3624267578125,1750510
2016-07-28 00:00:00+05:30,1014.5218116357557,1033.8058048145706,1013.1654656900299,1029.75634765625,4632080
2016-07-29 00:00:00+05:30,1027.6926559186882,1035.9094409791662,1021.7954142053062,1029.7763671875,2488084
2016-08-01 00:00:00+05:30,1034.7691854460907,1071.3320783968834,1034.7691854460907,1064.746826171875,3961704
2016-08-02 00:00:00+05:30,1062.643476358732,1067.675807882547,1057.493276801744,1061.1888427734375,2578162
2016-08-03 00:00:00+05:30,1055.9991482697246,1061.1100897915067,1041.4722990641744,1044.3226318359375,2294702
2016-08-04 00:00:00+05:30,1049.708522606759,1054.7997863192904,1036.4397351018983,1042.6318359375,1415416
2016-08-05 00:00:00+05:30,1051.2423397347932,1055.3311518530911,1034.7694151739693,1041.4923095703125,1868484
2016-08-08 00:00:00+05:30,1037.9143728474712,1048.9225555897929,1033.6094062932034,1041.6492919921875,2058244
2016-08-09 00:00:00+05:30,1044.9911451809494,1045.6988333247732,1013.8734073738931,1041.924560546875,2261914
2016-08-10 00:00:00+05:30,1042.239222779743,1054.4268560902567,1041.0597743948545,1051.83203125,2062078
2016-08-11 00:00:00+05:30,1047.9593897231111,1067.4006081218047,1047.9593897231111,1065.3955078125,2233138
2016-08-12 00:00:00+05:30,1063.4694075552227,1079.1167769999233,1062.30963571601,1076.6202392578125,2327358
2016-08-16 00:00:00+05:30,1076.4434435356882,1077.2297426178911,1051.2229388675419,1058.2406005859375,3183754
2016-08-17 00:00:00+05:30,1061.1106638256538,1061.1106638256538,1029.265549424069,1031.8406982421875,1848566
2016-08-18 00:00:00+05:30,1035.9484169837228,1044.8139529937423,1034.0220237858546,1037.3441162109375,1292064
2016-08-19 00:00:00+05:30,1037.914777433023,1040.4505727493147,1022.1887959567649,1023.5648193359375,2416244
2016-08-22 00:00:00+05:30,1017.4703788265215,1020.0061725909188,997.1445794045121,1002.0195922851562,2265274
2016-08-23 00:00:00+05:30,1000.5457766542227,1024.1347460842935,998.678316574342,1022.6015014648438,1503374
2016-08-24 00:00:00+05:30,1018.1784760567932,1022.974880203039,1010.0206248791555,1011.2000732421875,1116878
2016-08-25 00:00:00+05:30,1014.3253807193556,1018.1389104346158,993.0953146112761,1002.9437255859375,1939690
2016-08-26 00:00:00+05:30,1006.383603595413,1011.3962572015865,989.6354049177701,992.6823120117188,1250314
2016-08-29 00:00:00+05:30,996.6142697370399,996.6142697370399,969.8014940047858,983.0899658203125,1488728
2016-08-30 00:00:00+05:30,986.8051247414076,1002.4524921312689,983.3650670356357,1000.2311401367188,1444026
2016-08-31 00:00:00+05:30,1002.5308396082745,1002.5308396082745,983.2075875050023,987.3159790039062,3231668
2016-09-01 00:00:00+05:30,992.663150715923,996.6143224535887,977.7824994829455,985.8223876953125,1345736
2016-09-02 00:00:00+05:30,987.5912401786262,990.500507190117,981.3205267794938,988.6920776367188,1742330
2016-09-06 00:00:00+05:30,990.6972553907,990.7955427526771,975.0106308126584,976.6029052734375,2239066
2016-09-07 00:00:00+05:30,982.7554797067186,982.7554797067186,952.6009416502368,959.500732421875,3854040
2016-09-08 00:00:00+05:30,927.832822818952,927.832822818952,898.248322854068,912.9324951171875,7021516
2016-09-09 00:00:00+05:30,915.9204114676497,930.447266938471,912.1265570183399,924.8645629882812,2742438
2016-09-12 00:00:00+05:30,918.7899616296492,929.3853166160111,913.6790204652565,927.4589233398438,2024454
2016-09-14 00:00:00+05:30,928.6189545586706,934.7521240661049,908.1751841788861,915.4287719726562,2069858
2016-09-15 00:00:00+05:30,919.9500542778331,920.795383202076,910.8290060566434,914.839111328125,2818964
2016-09-16 00:00:00+05:30,918.6724221180606,934.1232167432692,912.1068446314749,928.5011596679688,4358004
2016-09-19 00:00:00+05:30,929.7982889856833,954.1735506842508,923.9010482521588,948.06005859375,2802546
2016-09-20 00:00:00+05:30,947.8835528350138,950.2030967566121,937.8188860912023,946.1143798828125,1184552
2016-09-21 00:00:00+05:30,946.5857279227599,952.9940819112365,943.8336823066796,948.82666015625,1678020
2016-09-22 00:00:00+05:30,953.4856737231487,954.566834676757,932.1966700665057,934.9093627929688,2857574
2016-09-23 00:00:00+05:30,936.4820834425202,945.0724381765872,932.2163730904296,942.8118286132812,1800726
2016-09-26 00:00:00+05:30,943.9910278320312,951.0677167703901,941.5927781872037,943.9910278320312,1753476
2016-09-27 00:00:00+05:30,943.9912333566358,962.4299051558658,943.9912333566358,957.75146484375,2038792
2016-09-28 00:00:00+05:30,955.7462462516927,958.301717498355,949.5344661784413,952.6207275390625,1731328
2016-09-29 00:00:00+05:30,957.3186572636441,965.7713682004689,951.2641957302931,958.4194946289062,3603958
2016-09-30 00:00:00+05:30,958.1247863451714,963.1374413096336,952.6403712866849,955.6676025390625,2175364
2016-10-03 00:00:00+05:30,963.2161514155794,966.2237063111925,943.9911817257245,948.1585083007812,1818880
2016-10-04 00:00:00+05:30,951.4216818281571,953.4071057741775,942.7723938115375,945.5833740234375,1780718
2016-10-05 00:00:00+05:30,946.703661879034,949.612928758758,934.1622356487966,938.1920166015625,1176354
2016-10-06 00:00:00+05:30,941.5932322072459,944.5025006689868,932.8456541627319,939.1360473632812,2267572
2016-10-07 00:00:00+05:30,938.8410763963822,938.8410763963822,927.1252012211469,930.8994750976562,1816512
2016-10-10 00:00:00+05:30,931.7249085459383,938.4084496649605,925.8866963939893,935.813720703125,1202142
2016-10-13 00:00:00+05:30,929.129987645798,931.7247160716183,912.460395649326,915.6055908203125,5173334
2016-10-14 00:00:00+05:30,910.1406715672947,938.4474224756511,900.7050879311759,930.2698974609375,7741214
2016-10-17 00:00:00+05:30,931.3318155954229,934.0446047456986,921.6996528098563,928.7960205078125,2728346
2016-10-18 00:00:00+05:30,934.1230708012913,949.7310843952868,925.7883218578951,943.6372680664062,2128632
2016-10-19 00:00:00+05:30,943.9518064886706,947.4901514526015,931.882137864012,941.6322631835938,1985058
2016-10-20 00:00:00+05:30,942.3397961355519,947.2345831482081,938.0545058977481,944.0106811523438,1265854
2016-10-21 00:00:00+05:30,943.5587544922219,956.1001845438436,942.8707429004046,954.8224487304688,1259660
2016-10-24 00:00:00+05:30,957.2074172057283,959.8485682993769,947.0961095425391,957.0103149414062,1253190
2016-10-25 00:00:00+05:30,948.061856178271,951.8462580092386,938.6009478421885,945.4797973632812,1772466
2016-10-26 00:00:00+05:30,945.5390901050906,947.1750005221579,935.250312657921,944.6126708984375,1437130
2016-10-27 00:00:00+05:30,938.0882011462684,957.7195997178263,932.4905178565624,953.2257080078125,2941602
2016-10-28 00:00:00+05:30,950.0327768490316,952.0432581513422,941.3602784711567,945.5782470703125,1752102
2016-11-01 00:00:00+05:30,945.9724358350545,945.9724358350545,920.1323138944899,926.3804931640625,2934776
2016-11-02 00:00:00+05:30,922.8326818996228,924.0152953322153,904.6992759332056,908.266845703125,2325076
2016-11-03 00:00:00+05:30,904.3051607884117,920.4675459637931,900.560217881921,914.337646484375,1463310
2016-11-04 00:00:00+05:30,914.5543803837718,920.9207441472403,904.3050640518848,918.7132568359375,1183752
2016-11-07 00:00:00+05:30,921.610762824109,924.3701946258304,890.9219968883418,897.6234741210938,2048052
2016-11-08 00:00:00+05:30,898.9636670758262,909.4298161984186,890.9022039915154,900.0477294921875,1933634
2016-11-09 00:00:00+05:30,859.3656996529813,896.815122344281,844.7210428549645,855.3645629882812,4500226
2016-11-10 00:00:00+05:30,869.1420794080423,874.148457186277,843.9129920304,849.6880493164062,2172426
2016-11-11 00:00:00+05:30,846.3767584431124,846.3767584431124,822.3893770435246,828.28271484375,2398424
2016-11-15 00:00:00+05:30,834.4913338464023,850.5158019486684,808.8680454519149,836.2258911132812,6290324
2016-11-16 00:00:00+05:30,845.6079877649867,870.7581541933699,842.8090977278288,863.1500854492188,4019958
2016-11-17 00:00:00+05:30,861.3366425362844,870.6399051810272,839.7144919834141,842.49365234375,2504688
2016-11-18 00:00:00+05:30,844.3862009602029,847.5398375650964,829.4852487538114,837.7241821289062,2140534
2016-11-21 00:00:00+05:30,838.1574335713216,843.5974739130426,829.8003189658666,840.798583984375,1793366
2016-11-22 00:00:00+05:30,840.4437296454187,858.3602992866441,836.5214153524166,841.6263427734375,1318860
2016-11-23 00:00:00+05:30,847.1454053310479,852.6445384347455,838.551728643873,850.0428466796875,1275808
2016-11-24 00:00:00+05:30,849.4713179545847,870.2459740394835,842.4150952415641,862.6968994140625,3026234
2016-11-25 00:00:00+05:30,871.9801678667712,909.5281384767667,864.1749011846199,906.8081665039062,4276148
2016-11-28 00:00:00+05:30,904.3051110055799,914.3375961492455,887.7090632791715,899.8112182617188,1924296
2016-11-29 00:00:00+05:30,896.8151768527235,903.5166528995351,887.9653056744642,890.843017578125,1442296
2016-11-30 00:00:00+05:30,892.8732079630141,904.6007920411155,883.9247849063096,897.2291870117188,3445832
2016-12-01 00:00:00+05:30,897.6038203594377,902.7284798520476,888.5568445803698,892.2623291015625,1123052
2016-12-02 00:00:00+05:30,890.1138590688319,895.1596964730265,869.2998399273681,875.8634033203125,1998032
2016-12-05 00:00:00+05:30,878.6816867224579,882.1704344731319,855.4236250281443,861.7308959960938,2249526
2016-12-06 00:00:00+05:30,863.3075560364994,868.8066876588829,855.384009833891,860.2919311523438,1593444
2016-12-07 00:00:00+05:30,860.2330905845862,861.1200507610705,845.8248960249855,849.3333740234375,2065706
2016-12-08 00:00:00+05:30,851.6787553570284,866.8556274149992,851.4816531225093,865.574462890625,3239546
2016-12-09 00:00:00+05:30,869.2209353380167,875.0945439782342,856.7246717517189,865.37744140625,1588718
2016-12-12 00:00:00+05:30,865.2000590170306,874.1879408982151,852.6643366228524,870.4823608398438,1311758
2016-12-13 00:00:00+05:30,874.3454412789272,874.3454412789272,860.5482859837232,867.3680419921875,2147534
2016-12-14 00:00:00+05:30,872.7686585758316,876.9866269728977,862.9135472549664,870.2457885742188,1870366
2016-12-15 00:00:00+05:30,868.0381057873527,895.6718732646641,868.0381057873527,890.6260375976562,4295410
2016-12-16 00:00:00+05:30,897.6036546333831,902.7283131798188,887.7485420440838,899.8308715820312,1987230
2016-12-19 00:00:00+05:30,898.7858704553886,905.763267833034,891.414268748596,902.2942504882812,1334210
2016-12-20 00:00:00+05:30,903.5170047338837,924.4098499567878,901.5657110792627,922.1629028320312,2922760
2016-12-21 00:00:00+05:30,923.9363879742477,923.9363879742477,908.8777975777754,912.0314331054688,2034902
2016-12-22 00:00:00+05:30,909.0354990971018,916.5253839552306,901.2302314177342,909.7056274414062,1868300
2016-12-23 00:00:00+05:30,906.6703652495535,913.6674952422403,898.3132489572594,901.9793701171875,1118954
2016-12-26 00:00:00+05:30,893.2673376461187,907.30105541017,893.2673376461187,903.9503173828125,897408
2016-12-27 00:00:00+05:30,899.3775839854713,918.4965026018621,899.3775839854713,915.8947143554688,1294692
2016-12-28 00:00:00+05:30,917.1955757302925,926.3411007307486,907.912040660586,911.95263671875,1350418
2016-12-29 00:00:00+05:30,907.8528604225065,930.2830554292519,907.8528604225065,927.0505981445312,1963516
2016-12-30 00:00:00+05:30,928.3119192283584,937.654640664092,924.6655284648631,932.51025390625,1405748
2017-01-02 00:00:00+05:30,932.924248563844,936.2749862404993,927.3264686286138,930.8546752929688,823132
2017-01-03 00:00:00+05:30,930.8153975366049,934.9348154103103,923.739445843302,933.5748291015625,1475324
2017-01-04 00:00:00+05:30,934.1461161400533,941.6951878919624,929.6522246271115,938.0093383789062,1420066
2017-01-05 00:00:00+05:30,939.7833519597243,942.128849047099,914.7119119595748,920.2307739257812,2216404
2017-01-06 00:00:00+05:30,914.9489824031255,918.2406296903089,889.759344046782,899.3384399414062,3009896
2017-01-09 00:00:00+05:30,896.815195838683,911.1248377721989,889.719515168311,908.1288452148438,1854578
2017-01-10 00:00:00+05:30,908.2470544643352,918.4175485412364,903.3194988303056,912.7213134765625,1533914
2017-01-11 00:00:00+05:30,912.5831525263472,918.3385750517612,898.8648206612755,916.2886352539062,1931296
2017-01-12 00:00:00+05:30,916.2889848972652,930.3227048741062,908.2472508601444,924.1534423828125,2570374
2017-01-13 00:00:00+05:30,925.5919142814937,929.5142287415376,882.1703389117018,886.6839599609375,10235580
2017-01-16 00:00:00+05:30,886.9600379785106,896.3814861076196,878.2875398293875,890.3305053710938,3364808
2017-01-17 00:00:00+05:30,888.8913397235133,901.8607204287051,888.0635683431576,898.2931518554688,3009956
2017-01-18 00:00:00+05:30,897.9978342107476,905.8819240633441,893.050548579977,904.73876953125,3136574
2017-01-19 00:00:00+05:30,904.6991932543018,904.7582854240001,899.9490104859011,903.1223754882812,2251676
2017-01-20 00:00:00+05:30,901.5457236586982,906.670382341498,892.8732243493447,900.8953247070312,2037246
2017-01-23 00:00:00+05:30,895.4198357303046,914.5932847514612,893.3641450353263,911.905029296875,2318546
2017-01-24 00:00:00+05:30,910.8376735290221,918.3489217048258,905.3030696100091,916.5106811523438,2282638
2017-01-25 00:00:00+05:30,918.1910835998113,932.9763481376833,916.3923175237468,930.2090454101562,4111648
2017-01-27 00:00:00+05:30,927.0661235419374,940.3886891358253,927.0661235419374,932.1065673828125,2871658
2017-01-30 00:00:00+05:30,925.4650815525372,929.7939142967814,916.4317763449658,922.2628784179688,2577956
2017-01-31 00:00:00+05:30,917.1627877490855,921.9265189455147,869.7431189528943,881.504150390625,4666804
2017-02-01 00:00:00+05:30,877.6299956822953,885.5167864754641,852.1510720927922,857.0333251953125,4864152
2017-02-02 00:00:00+05:30,857.8831941065413,877.2345175865526,851.1428194519368,872.7474975585938,6009482
2017-02-03 00:00:00+05:30,873.5580675548184,886.7225364630749,866.1654379806496,882.5913696289062,2153372
2017-02-06 00:00:00+05:30,892.6524911114617,892.8501555249053,875.6335658107993,885.8330688476562,2408910
2017-02-07 00:00:00+05:30,887.1177446045099,890.5176105742919,880.0018268670406,887.35498046875,1814638
2017-02-08 00:00:00+05:30,887.473577163225,902.37755001244,887.1376055954998,897.7719116210938,2212584
2017-02-09 00:00:00+05:30,899.3732709164392,920.3257031619651,897.4756728438637,916.095703125,4033202
2017-02-10 00:00:00+05:30,913.6047016071976,958.45472704542,913.6047016071976,947.978515625,5782160
2017-02-13 00:00:00+05:30,947.2079775761753,960.2538303558138,941.8117770782054,954.4227294921875,3819812
2017-02-14 00:00:00+05:30,956.557377551339,956.557377551339,947.998546875,951.260009765625,2033328
2017-02-15 00:00:00+05:30,947.6033491073447,959.8585446944651,938.9456850247159,954.205322265625,1924972
2017-02-16 00:00:00+05:30,972.509222536162,979.6251436766705,962.8632347075935,967.6664428710938,4175680
2017-02-17 00:00:00+05:30,977.2527848701144,978.6760071437288,949.57976911732,951.9121704101562,2723324
2017-02-20 00:00:00+05:30,958.6722879895436,1010.0650292013543,951.9912702383343,989.191650390625,3973948
2017-02-21 00:00:00+05:30,993.8564845137795,998.5608580656557,970.5913488057711,974.623779296875,5501112
2017-02-22 00:00:00+05:30,974.841485651714,976.4623727310058,948.8486107500688,953.3356323242188,4505496
2017-02-23 00:00:00+05:30,954.7192691511141,985.6537547871699,954.7192691511141,981.1272583007812,4853352
2017-02-27 00:00:00+05:30,980.0600282851418,989.1130225389682,976.4822820219475,984.309814453125,2139892
2017-02-28 00:00:00+05:30,984.1711933242326,984.3688577535004,968.5557034120787,974.9797973632812,2354828
2017-03-01 00:00:00+05:30,980.3759780866607,989.0732128006596,976.4622610716942,980.2376708984375,1130374
2017-03-02 00:00:00+05:30,983.0643455661713,992.2755281385142,976.4821580595581,988.8954467773438,1544942
2017-03-03 00:00:00+05:30,985.1592223053519,988.2032343070669,978.5967266002058,985.9696655273438,1013970
2017-03-06 00:00:00+05:30,980.4157114983569,981.997027162064,970.3546098911908,977.4507446289062,1400694
2017-03-07 00:00:00+05:30,981.5616842746389,990.298487984537,978.4584115930327,988.2427978515625,1511672
2017-03-08 00:00:00+05:30,989.11298889958,996.2289096830302,985.2387460587532,993.1453247070312,1791510
2017-03-09 00:00:00+05:30,993.9158808182057,997.8099081707635,989.9231177797889,996.1297607421875,858468
2017-03-10 00:00:00+05:30,996.0706808174216,1007.9107614246451,993.8370147445219,1005.0248413085938,1171420
2017-03-14 00:00:00+05:30,1010.7769580507348,1022.775132342021,1008.5038168594807,1015.0069580078125,3402294
2017-03-15 00:00:00+05:30,1016.7857395609925,1016.8450002785088,985.890830443104,987.6500244140625,3022496
2017-03-16 00:00:00+05:30,990.6943540166068,998.9962620111594,990.6943540166068,996.584716796875,1571818
2017-03-17 00:00:00+05:30,1006.5073632213205,1006.5073632213205,992.1766908266728,998.501953125,2593152
2017-03-20 00:00:00+05:30,998.5808683153602,998.5808683153602,974.8809235603579,980.41552734375,3487540
2017-03-21 00:00:00+05:30,981.2059999766335,985.1592876477722,974.4854109356976,983.0640258789062,3373700
2017-03-22 00:00:00+05:30,980.4747414952456,986.7407419444523,976.4424068048878,980.0003662109375,1888716
2017-03-23 00:00:00+05:30,981.2064774091912,982.4122500387523,967.4490103163981,972.6476440429688,2620638
2017-03-24 00:00:00+05:30,976.3832851890312,976.3832851890312,958.0004923055213,959.542236328125,5099814
2017-03-27 00:00:00+05:30,959.4434626392512,964.6025241309073,951.1613414176078,953.5531005859375,2181270
2017-03-28 00:00:00+05:30,952.7426026629961,965.9465486744791,952.7426026629961,960.62939453125,1153158
2017-03-29 00:00:00+05:30,963.0210318860866,968.8719178854402,958.9096506518531,966.4208984375,1717764
2017-03-30 00:00:00+05:30,966.5397913013506,974.4859424608254,962.6260729785436,964.998046875,2986086
2017-03-31 00:00:00+05:30,963.9697690759568,964.9384019106742,954.7191131695884,961.3606567382812,1867044
2017-04-03 00:00:00+05:30,962.6257937455579,962.6257937455579,952.0309607781683,953.4146118164062,1196888
2017-04-05 00:00:00+05:30,956.65629207064,956.65629207064,946.812641832867,949.283447265625,2905568
2017-04-06 00:00:00+05:30,948.7892962844098,952.7425850189283,945.8441154803613,948.80908203125,1720704
2017-04-07 00:00:00+05:30,946.7732020042139,961.9341048543283,945.6860474626134,960.2737426757812,2277012
2017-04-10 00:00:00+05:30,961.4399673598926,968.1605592369972,950.7660861433149,957.5855102539062,2543264
2017-04-11 00:00:00+05:30,955.6285316842249,965.8280362062038,951.1612959867714,956.419189453125,1557784
2017-04-12 00:00:00+05:30,957.6839105360414,959.8582186920571,942.0684246882917,946.1205444335938,1050538
2017-04-13 00:00:00+05:30,948.7892725528535,952.3472323249267,917.5780780776674,920.58251953125,2500472
2017-04-17 00:00:00+05:30,921.2742390333914,922.2625610785765,907.3388981962818,915.126953125,2270882
2017-04-18 00:00:00+05:30,921.1161198581557,922.7764815435768,910.0666990110902,912.7351684570312,1730620
2017-04-19 00:00:00+05:30,894.8268531709347,928.5088519327841,890.5968537734477,908.9202880859375,5626812
2017-04-20 00:00:00+05:30,911.3514144426904,921.9066730860972,905.6784081010377,919.3370361328125,1268842
2017-04-21 00:00:00+05:30,920.760477310905,923.3498041055861,909.6516978486192,913.5259399414062,1161154
2017-04-24 00:00:00+05:30,909.2565141741239,924.9312672143076,902.3382580880165,920.3652954101562,2000020
2017-04-25 00:00:00+05:30,920.3257225675293,926.8288639758009,910.3238816230541,913.8027954101562,3148710
2017-04-26 00:00:00+05:30,925.069669394921,926.6311993200032,910.4622851578591,913.3482055664062,2187438
2017-04-27 00:00:00+05:30,911.6481922283518,920.2465954551348,900.4207940135308,910.3040161132812,5773186
2017-04-28 00:00:00+05:30,906.8840606661797,908.7618720385268,896.6055142070163,898.6414184570312,2540510
2017-05-02 00:00:00+05:30,906.884253360812,910.0468837125497,901.3496502452708,905.2633666992188,2382696
2017-05-03 00:00:00+05:30,907.2798265090148,927.0462715309976,896.8036106473638,924.0022583007812,3514406
2017-05-04 00:00:00+05:30,929.0027965585388,929.0225822996221,912.7350567556588,921.1555786132812,2708208
2017-05-05 00:00:00+05:30,912.4191064947614,922.1046646009667,910.2447975321439,917.3607177734375,1682474
2017-05-08 00:00:00+05:30,917.5582405605193,927.9948833634063,916.2536360812009,926.0380249023438,1071782
2017-05-09 00:00:00+05:30,926.6307739034918,933.3711481733429,922.124064907452,930.0306396484375,1790270
2017-05-10 00:00:00+05:30,930.9997094062362,931.4542991080947,915.5818798237126,922.0850219726562,1206388
2017-05-11 00:00:00+05:30,927.9556233928911,932.9762815369746,918.2502787881389,928.8055419921875,2071302
2017-05-12 00:00:00+05:30,926.3738315007707,936.8895178000784,917.1824385363212,933.2327270507812,2314446
2017-05-15 00:00:00+05:30,938.9454142237483,940.0720433255475,925.7019002314181,934.9921264648438,1817604
2017-05-16 00:00:00+05:30,940.8824953029197,962.625578177567,938.2930724937759,960.3128662109375,3601026
2017-05-17 00:00:00+05:30,962.0327414877667,972.8054524824418,957.8817886274333,970.6707153320312,2876198
2017-05-18 00:00:00+05:30,968.5555506087392,1016.7856637410927,965.4917524384462,1002.6328735351562,5138594
2017-05-19 00:00:00+05:30,1002.6327569969628,1004.3524756667297,982.7872730392356,991.1484375,1786044
2017-05-22 00:00:00+05:30,992.2752678568845,1009.5709025057844,992.2752678568845,1000.715576171875,1663940
2017-05-23 00:00:00+05:30,1001.4474065607845,1013.6828198450453,993.8571090407356,996.901123046875,2748596
2017-05-24 00:00:00+05:30,1002.0794898342839,1015.9950446839896,1000.0434885473105,1011.7056884765625,2534548
2017-05-25 00:00:00+05:30,1018.7626270631631,1042.6998124775766,1015.2046667823837,1037.580322265625,4094094
2017-05-26 00:00:00+05:30,1037.7382773912855,1038.469674402639,1013.8801416266407,1019.2566528320312,1362550
2017-05-29 00:00:00+05:30,1019.5532434306404,1026.4714992507397,1013.6233098705552,1017.1220092773438,1749290
2017-05-30 00:00:00+05:30,1012.0421317932503,1018.3476093658996,998.2056182726394,1008.5237426757812,927634
2017-05-31 00:00:00+05:30,1001.3679350599001,1016.9834239800999,999.3912908927862,1006.7444458007812,2502730
2017-06-01 00:00:00+05:30,1000.1818594707647,1013.6230386098975,1000.1818594707647,1009.5116577148438,1080064
2017-06-02 00:00:00+05:30,1010.5592043893723,1024.632947710129,1009.0767214489478,1013.978759765625,1355648
2017-06-05 00:00:00+05:30,1014.0184650366373,1035.721979541616,1012.1010815743884,1029.41650390625,1500188
2017-06-06 00:00:00+05:30,1040.1103830309225,1070.926252879125,1039.7150541130088,1065.8067626953125,5946720
2017-06-07 00:00:00+05:30,1066.2017971046475,1067.387783530793,1018.5844613980773,1033.8836669921875,4927776
2017-06-08 00:00:00+05:30,1027.0645412865445,1029.8120579964389,994.4499051602396,996.8614501953125,3330714
2017-06-09 00:00:00+05:30,996.2289369063498,1007.060911344148,982.7877528369784,991.0896606445312,3148034
2017-06-12 00:00:00+05:30,987.1363277370042,993.4220190509756,976.6205397042304,983.2620849609375,1626506
2017-06-13 00:00:00+05:30,985.3806292734319,991.8166229285553,978.1851520616988,980.0040283203125,1175414
2017-06-14 00:00:00+05:30,981.3829464182379,989.7776681594937,981.3829464182379,987.4591064453125,1489142
2017-06-15 00:00:00+05:30,986.9797047722952,987.259509389943,961.3957837089389,963.8742065429688,2997198
2017-06-16 00:00:00+05:30,965.3732069018936,973.3881887139821,954.0003746882621,959.2770385742188,2450426
2017-06-19 00:00:00+05:30,966.1527296520163,977.9254085959662,961.4556817674918,972.0690307617188,1644742
2017-06-20 00:00:00+05:30,971.7891380388069,978.9846149967248,951.5218974596518,977.3856201171875,1670958
2017-06-21 00:00:00+05:30,975.3871038599542,976.2465247700575,958.2778351421142,961.9155883789062,1657818
2017-06-22 00:00:00+05:30,962.9946621606055,971.7891339611589,953.400692923638,957.3382568359375,5775882
2017-06-23 00:00:00+05:30,959.1571793404876,964.9735435820709,941.0086238488294,944.086669921875,1424756
2017-06-27 00:00:00+05:30,939.6491382076946,953.280507491187,932.0539144842942,936.5510864257812,1974330
2017-06-28 00:00:00+05:30,939.3694835292422,942.6074872179521,933.4132666047151,939.4295043945312,1789726
2017-06-29 00:00:00+05:30,943.0069048922506,948.2236434060713,928.6559698370944,932.71337890625,2471826
2017-06-30 00:00:00+05:30,929.1761936946338,950.2030223736914,928.6565982623417,944.3467407226562,1753848
2017-07-03 00:00:00+05:30,942.3674991676424,952.6211113662907,936.6511711197167,948.843505859375,1475956
2017-07-04 00:00:00+05:30,948.723745709122,951.5819102873288,939.4295870970963,946.1453857421875,1215134
2017-07-05 00:00:00+05:30,943.726857931048,945.4057831432297,937.4108082329276,941.8080444335938,815856
2017-07-06 00:00:00+05:30,943.0069113463431,944.1661432040735,935.451702133148,938.4298095703125,1026788
2017-07-07 00:00:00+05:30,939.4092688218716,941.9876279343431,929.6154275086224,932.1937866210938,1232090
2017-07-10 00:00:00+05:30,961.7953973783672,977.3455831774888,950.9821752413136,973.3681030273438,783608
2017-07-11 00:00:00+05:30,969.7905501171151,1005.2882616601711,969.7905501171151,989.6980590820312,3537504
2017-07-12 00:00:00+05:30,992.3764424933698,992.6962610673379,971.4296434299698,975.167236328125,2646450
2017-07-13 00:00:00+05:30,977.3858252829662,988.1790429854775,970.0304863310757,977.9454345703125,3131960
2017-07-14 00:00:00+05:30,952.6013352403346,969.3907838681542,949.4033450255118,958.377685546875,4508432
2017-07-17 00:00:00+05:30,958.4774375037799,968.2313643308753,952.2813326600327,957.5780029296875,2211822
2017-07-18 00:00:00+05:30,957.8576686716432,976.5859315712889,957.8576686716432,962.7346801757812,1908002
2017-07-19 00:00:00+05:30,965.5930773263772,983.3818961800405,965.4332168690261,979.2245483398438,3915576
2017-07-20 00:00:00+05:30,979.0844399508123,982.142478269444,971.5891523121156,977.2655639648438,1182504
2017-07-21 00:00:00+05:30,973.3481311764309,999.3718122041895,973.2082776796645,995.85400390625,2148416
2017-07-24 00:00:00+05:30,994.9722100587637,1018.2229708095326,994.9722100587637,1014.4948120117188,2271402
2017-07-25 00:00:00+05:30,1012.5100657807791,1034.2575352724577,1009.563595282343,1030.85009765625,2678832
2017-07-26 00:00:00+05:30,1026.2402190923317,1032.253345376076,1021.0288429797536,1024.63671875,1459826
2017-07-27 00:00:00+05:30,1019.1047523979622,1036.182072360182,988.7585241400357,994.851806640625,4255304
2017-07-28 00:00:00+05:30,994.5708917318949,999.4014551371351,978.9367664688784,995.893798828125,1382752
2017-07-31 00:00:00+05:30,990.5622311922906,1009.8042332551113,987.3552308484872,998.9004516601562,2019662
2017-08-01 00:00:00+05:30,1002.1877163489173,1010.5058743946133,998.5798405700613,1002.84912109375,1747460
2017-08-02 00:00:00+05:30,1002.1875371631508,1005.3945372820727,986.9542865982709,991.6846313476562,1251024
2017-08-03 00:00:00+05:30,994.1706108012258,1002.9898662196239,988.7387316399987,997.9588623046875,1882548
2017-08-04 00:00:00+05:30,998.4997551205662,1013.5325719195853,997.3772852255925,1011.3277587890625,1387890
2017-08-07 00:00:00+05:30,1008.8022406774402,1010.2053035991056,994.6513293506628,1003.57080078125,1885520
2017-08-08 00:00:00+05:30,1006.9983353317091,1013.6529016956372,1000.704615309867,1003.4105224609375,1073958
2017-08-09 00:00:00+05:30,1002.187971856184,1011.3480090669173,999.5021276655933,1006.9984741210938,992946
2017-08-10 00:00:00+05:30,1005.7958904573671,1010.4460819884794,996.7161062020446,1006.7780151367188,1526172
2017-08-11 00:00:00+05:30,1002.1475583598639,1016.218312605434,995.3728087571174,1000.604248046875,1394736
2017-08-14 00:00:00+05:30,1003.3904642092836,1006.1564634964166,987.35545878844,989.9210205078125,786504
2017-08-16 00:00:00+05:30,995.7739300120113,1019.7462849381354,988.237457183509,999.1212768554688,1373340
2017-08-17 00:00:00+05:30,1002.4682478501095,1004.192030190482,986.9945291806841,996.43505859375,1752374
2017-08-18 00:00:00+05:30,991.7651802428488,1022.1915667943298,990.7228656427277,1007.7200317382812,2837356
2017-08-21 00:00:00+05:30,1004.3929851085614,1021.8310592862595,999.9032016758774,1013.7333984375,2304834
2017-08-22 00:00:00+05:30,1011.4078791814048,1018.0223183437089,998.9807510582881,1001.2056274414062,1131326
2017-08-23 00:00:00+05:30,1004.1924919584964,1008.9228394387146,991.4245762161605,997.9588623046875,1562272
2017-08-24 00:00:00+05:30,1001.2656719343167,1009.3833923383056,996.6355451669518,1000.8247680664062,1623908
2017-08-28 00:00:00+05:30,1004.0317157382432,1004.3523374907528,986.553523951409,997.0965576171875,2036796
2017-08-29 00:00:00+05:30,994.9719151093976,1000.5841660407157,987.7361005846846,990.502197265625,1312602
2017-08-30 00:00:00+05:30,994.5710755492169,998.1789512767231,986.1928255077429,995.9942016601562,970782
2017-08-31 00:00:00+05:30,996.1745162615342,1003.9514532163857,988.818419820461,1000.7244873046875,1784664
2017-09-01 00:00:00+05:30,994.1705504849666,1001.406367815506,976.7525416643667,984.7299194335938,1702330
2017-09-04 00:00:00+05:30,983.3865575770304,986.5534311091938,977.3333055848088,984.6292114257812,1062544
2017-09-05 00:00:00+05:30,986.15319846956,998.1794569874816,976.9531302773386,995.91455078125,1165994
2017-09-06 00:00:00+05:30,989.420189316882,992.1061317340175,982.1443428231244,983.4271240234375,1228764
2017-09-07 00:00:00+05:30,985.3512991523902,989.5203623279281,982.5652359236461,986.1931762695312,870636
2017-09-08 00:00:00+05:30,983.6473147645089,991.7650358542619,983.1662841998372,990.402099609375,1021134
2017-09-11 00:00:00+05:30,990.6423299253544,995.3526114107125,982.1437990746837,983.9276733398438,732764
2017-09-12 00:00:00+05:30,991.7248042643475,1000.9850576015696,984.9500546764343,997.5575561523438,1396460
2017-09-13 00:00:00+05:30,1002.1878696081892,1014.8755288894652,992.2461463676941,997.8583984375,1278980
2017-09-14 00:00:00+05:30,994.9721694211001,1001.225861205234,990.9232910663846,996.9564819335938,1081510
2017-09-15 00:00:00+05:30,1001.7867872923933,1009.0025384613662,996.1745363831923,1004.6129760742188,2944072
2017-09-18 00:00:00+05:30,1004.171947402195,1009.7841981607596,997.8782286254963,1001.8068237304688,726600
2017-09-19 00:00:00+05:30,1004.1921741459256,1004.1921741459256,998.780360033762,1001.4862670898438,782754
2017-09-20 00:00:00+05:30,1007.8001109992665,1007.8001109992665,991.8853873725039,999.6022338867188,1334642
2017-09-21 00:00:00+05:30,998.6001119498217,1018.6238071202931,994.1704217466852,1012.169677734375,2438740
2017-09-22 00:00:00+05:30,1010.1650446873728,1012.9711701633231,998.9806694383265,1003.630859375,2435396
2017-09-25 00:00:00+05:30,1000.8052708582136,1015.818031585277,999.2819251121543,1006.4976806640625,1599558
2017-09-26 00:00:00+05:30,1006.1965483300096,1012.7708611312966,988.5580431003201,992.0255737304688,1449230
2017-09-27 00:00:00+05:30,998.1789741592561,1007.0783815838054,991.6647539463694,1000.183349609375,2010356
2017-09-28 00:00:00+05:30,1000.0633479326618,1007.8002589135803,982.9459963628078,992.7473754882812,4332866
2017-09-29 00:00:00+05:30,993.7694120590107,995.7737876379922,970.7190929007238,976.51171875,1985014
2017-10-03 00:00:00+05:30,978.1354514091395,983.8679861286766,972.9441373373246,981.5228271484375,1923006
2017-10-04 00:00:00+05:30,981.9837811400196,983.7475926063468,972.1222135576165,979.057373046875,1300778
2017-10-05 00:00:00+05:30,978.5359395715803,979.5180638124141,971.88137498451,973.9660034179688,1684686
2017-10-06 00:00:00+05:30,974.1265547357385,984.1484328708799,973.3448678151783,980.8010864257812,1389188
2017-10-09 00:00:00+05:30,978.5562795782155,989.3397816908224,978.5562795782155,983.7877197265625,1773616
2017-10-10 00:00:00+05:30,984.1483926031422,990.1414559087618,982.6451109443798,985.8521118164062,1222010
2017-10-11 00:00:00+05:30,986.1525949393415,1007.9802212167663,984.8497510639136,1002.3279418945312,1527746
2017-10-12 00:00:00+05:30,1007.3993448289507,1024.2361026812453,1004.9940937071943,1021.5101318359375,5006356
2017-10-13 00:00:00+05:30,1021.5096742092276,1045.8628309070257,1011.4076435974491,1025.6788330078125,4066320
2017-10-16 00:00:00+05:30,1024.2559805603182,1038.2665462337782,1024.2559805603182,1036.0216064453125,1218590
2017-10-17 00:00:00+05:30,1036.262199150356,1048.2683895820053,1033.2756990401317,1040.090576171875,1443016
2017-10-18 00:00:00+05:30,1040.270998584766,1047.7472808717182,1034.2578714253164,1036.9036865234375,1514144
2017-10-19 00:00:00+05:30,1039.0685394666152,1040.5918848314848,1030.6501600959366,1035.8214111328125,86822
2017-10-23 00:00:00+05:30,1035.8616744581482,1053.901061203743,1021.2096640941278,1037.425048828125,1886088
2017-10-24 00:00:00+05:30,1050.2932727059595,1050.6540213234148,1029.868696003472,1033.6168212890625,1339020
2017-10-25 00:00:00+05:30,1036.4705118570196,1050.7403211146982,1027.0243000948942,1028.993896484375,1105106
2017-10-26 00:00:00+05:30,1019.025218538766,1032.712098080509,1012.111316873331,1020.5325927734375,3007552
2017-10-27 00:00:00+05:30,1020.1906943907929,1042.3591014702472,1017.0955728254619,1038.8017578125,1409270
2017-10-30 00:00:00+05:30,1039.485386976709,1053.1522482130617,1037.7569113695465,1051.624755859375,1137252
2017-10-31 00:00:00+05:30,1045.6351485603102,1061.1912276105184,1045.6351485603102,1054.759765625,1592634
2017-11-01 00:00:00+05:30,1054.7598510271848,1055.905494540645,1036.611107021855,1046.25830078125,741882
2017-11-02 00:00:00+05:30,1048.5293557230789,1074.8581549563016,1047.8259145221912,1055.6240234375,1468422
2017-11-03 00:00:00+05:30,1058.1366145067102,1059.865090147951,1046.2384645481754,1053.1925048828125,666886
2017-11-06 00:00:00+05:30,1053.1517188944993,1073.9735931166972,1049.8354968788963,1071.4613037109375,1377000
2017-11-07 00:00:00+05:30,1073.2503462723973,1112.6430556112343,1071.6625985334558,1089.34912109375,2696892
2017-11-08 00:00:00+05:30,1094.5544551870287,1109.0252448993801,1092.64511487776,1099.3780517578125,1402252
2017-11-09 00:00:00+05:30,1105.4074554075758,1105.4074554075758,1093.0671081690161,1099.940673828125,1152432
2017-11-10 00:00:00+05:30,1094.2329667972979,1095.760458817634,1082.6362944843477,1088.8265380859375,1356566
2017-11-13 00:00:00+05:30,1086.1333986872844,1116.421509940075,1086.1333986872844,1109.0052490234375,1496996
2017-11-14 00:00:00+05:30,1108.0405725496425,1108.0405725496425,1088.3240997033727,1091.1781005859375,1657252
2017-11-15 00:00:00+05:30,1087.7214204177653,1107.4177802109919,1085.8523153245844,1087.4400634765625,6670834
2017-11-16 00:00:00+05:30,1089.3290050254757,1110.6332254189629,1080.0636593591548,1104.06103515625,1653482
2017-11-17 00:00:00+05:30,1104.6441488807395,1104.6441488807395,1086.7566401007223,1088.243896484375,1325464
2017-11-20 00:00:00+05:30,1091.338653879307,1096.122014249518,1083.4199363126763,1086.6959228515625,1014498
2017-11-21 00:00:00+05:30,1085.7114586483526,1085.7114586483526,1071.6426318980039,1074.436279296875,1527740
2017-11-22 00:00:00+05:30,1074.4563678478446,1089.208517580851,1074.2151487127574,1077.5313720703125,1822624
2017-11-23 00:00:00+05:30,1077.672213450612,1082.4958115712413,1072.8486153299825,1077.772705078125,793470
2017-11-24 00:00:00+05:30,1078.0740646922463,1086.4751245995535,1074.4966023898264,1080.5059814453125,2287512
2017-11-27 00:00:00+05:30,1080.4856484386034,1083.6611436419103,1070.114896024986,1079.6214599609375,1856786
2017-11-28 00:00:00+05:30,1079.6818695791042,1086.2740800122444,1073.2504064691764,1079.4005126953125,911716
2017-11-29 00:00:00+05:30,1076.2650275097353,1082.4955066605853,1065.2109515969369,1068.4869384765625,1447532
2017-11-30 00:00:00+05:30,1066.6784211055185,1072.024595471655,1054.3581864693692,1059.9857177734375,4299962
2017-12-01 00:00:00+05:30,1059.1816837668923,1072.446577719191,1053.755136240952,1057.1517333984375,1031144
2017-12-04 00:00:00+05:30,1053.9559413532013,1068.627715517729,1046.2984615112978,1058.1163330078125,1259104
2017-12-05 00:00:00+05:30,1057.573986682801,1065.8946745904327,1056.4283427676526,1059.4029541015625,1167914
2017-12-06 00:00:00+05:30,1059.5835808224313,1063.201278936013,1050.2780965959212,1058.498291015625,1407518
2017-12-07 00:00:00+05:30,1058.0961224395483,1063.5829242758475,1051.1420844334316,1052.0465087890625,1326300
2017-12-08 00:00:00+05:30,1052.3480216867072,1063.2011143473417,1043.9067273951025,1045.715576171875,1385548
2017-12-11 00:00:00+05:30,1048.4692431121805,1074.315607683233,1048.4692431121805,1069.6729736328125,1008002
2017-12-12 00:00:00+05:30,1069.6324328936873,1070.0343992344967,1048.0869977717805,1049.996337890625,1882246
2017-12-13 00:00:00+05:30,1049.6951348902614,1065.7939106347458,1045.5147231181043,1056.528564453125,2961458
2017-12-14 00:00:00+05:30,1057.9752936717296,1057.9752936717296,1017.4169335601879,1028.1494140625,5504150
2017-12-15 00:00:00+05:30,1030.5416244716248,1038.8623114758755,1019.7287647702279,1023.2459716796875,2718138
2017-12-18 00:00:00+05:30,1019.7887536462622,1040.6708884344177,1002.6449259938114,1037.2742919921875,2180664
2017-12-19 00:00:00+05:30,1035.465316778451,1044.2282028287618,1030.9230773997917,1035.1839599609375,1801952
2017-12-20 00:00:00+05:30,1037.8771298239335,1042.1982681452375,1025.2754453254172,1040.6707763671875,1577570
2017-12-21 00:00:00+05:30,1039.887432236326,1048.3287295215844,1037.0937844287155,1043.384521484375,1293648
2017-12-22 00:00:00+05:30,1046.7204778708558,1070.79822533847,1041.1733220705423,1063.904541015625,3665664
2017-12-26 00:00:00+05:30,1079.681759839781,1081.1891338529601,1057.814826743127,1064.9898681640625,2175786
2017-12-27 00:00:00+05:30,1064.9899441043506,1068.6277599428204,1049.3333711983196,1053.11181640625,739284
2017-12-28 00:00:00+05:30,1048.650027364265,1066.617906903605,1047.3837742458916,1055.9456787109375,2605088
2017-12-29 00:00:00+05:30,1054.3983459288654,1088.8869924827472,1052.5693787603775,1085.7918701171875,2609542
2018-01-01 00:00:00+05:30,1078.194654324397,1083.2192350699193,1059.1816211560727,1063.4425048828125,1351760
2018-01-02 00:00:00+05:30,1069.230828971194,1073.0897464054783,1053.2325435570622,1057.6541748046875,1920290
2018-01-03 00:00:00+05:30,1057.9757658973845,1072.8485255243613,1057.6541730889912,1060.6488037109375,1257120
2018-01-04 00:00:00+05:30,1065.2110625073851,1070.0346597715693,1061.1913981205646,1068.0650634765625,913082
2018-01-05 00:00:00+05:30,1065.2107138262743,1085.108046027935,1065.2107138262743,1080.9677734375,1153706
2018-01-08 00:00:00+05:30,1085.3091359720502,1096.1019716342983,1078.0134860347641,1091.097412109375,1242220
2018-01-09 00:00:00+05:30,1091.3390450884206,1093.7508440830911,1075.883452824844,1088.92724609375,2149396
2018-01-10 00:00:00+05:30,1089.730790606406,1131.9372579666688,1083.1586014343522,1128.1588134765625,3365850
2018-01-11 00:00:00+05:30,1129.5256007757905,1134.3089617523021,1118.3509150625578,1121.687255859375,2520744
2018-01-12 00:00:00+05:30,1127.515317100967,1127.515317100967,1101.608612240825,1115.9990234375,3360314
2018-01-15 00:00:00+05:30,1116.3208205301146,1128.7215218030256,1099.3980959119376,1103.83984375,1457214
2018-01-16 00:00:00+05:30,1107.8194894923236,1150.2872038897715,1105.6287920594552,1145.946044921875,4267752
2018-01-17 00:00:00+05:30,1153.6436202600173,1175.7517732615158,1150.4881446225431,1161.2608642578125,4280806
2018-01-18 00:00:00+05:30,1164.4967638106318,1178.9675554907087,1152.859855128504,1173.0184326171875,2209478
2018-01-19 00:00:00+05:30,1177.982771479731,1198.6639252099592,1167.169815351735,1189.539306640625,1820000
2018-01-22 00:00:00+05:30,1193.0446725104573,1263.0317719231327,1177.3308115756693,1255.6583251953125,4367110
2018-01-23 00:00:00+05:30,1255.0738660764937,1266.1139175438598,1245.0412115589659,1249.8560791015625,3239610
2018-01-24 00:00:00+05:30,1245.0213663415097,1313.1349335816687,1242.0598684040574,1279.1083984375,5621538
2018-01-25 00:00:00+05:30,1279.2689740414855,1281.2030066524162,1241.3945540226196,1257.531494140625,3833844
2018-01-29 00:00:00+05:30,1261.7022694730765,1299.4155795959393,1257.9148649607823,1288.8792724609375,3141060
2018-01-30 00:00:00+05:30,1281.2844436232904,1290.8739506424574,1266.6584411496292,1270.34521484375,1574758
2018-01-31 00:00:00+05:30,1263.958661216584,1269.196615502786,1248.4865894418776,1254.0267333984375,3043214
2018-02-01 00:00:00+05:30,1258.7204855182592,1285.3131718320253,1244.537739158054,1264.6031494140625,2400630
2018-02-02 00:00:00+05:30,1257.1085493541632,1285.312907833263,1250.4402134970912,1270.666748046875,2456490
2018-02-05 00:00:00+05:30,1253.079593841633,1284.5073135585612,1239.7228523095441,1250.3397216796875,2757742
2018-02-06 00:00:00+05:30,1212.7877364960848,1239.843742499211,1202.714748651433,1207.6505126953125,2657306
2018-02-07 00:00:00+05:30,1219.6371283682884,1221.2488061064691,1187.584867676418,1190.6470947265625,2180324
2018-02-08 00:00:00+05:30,1200.5993820821366,1219.8791195361725,1192.2388024435077,1198.3631591796875,2755004
2018-02-09 00:00:00+05:30,1188.6123804775239,1206.3408363219344,1167.1165884185734,1197.355712890625,2102458
2018-02-12 00:00:00+05:30,1200.0154897171137,1218.1670377545702,1190.849068623374,1195.5833740234375,1974562
2018-02-14 00:00:00+05:30,1196.6705920221405,1198.463563639419,1165.444339200014,1173.220703125,2847532
2018-02-15 00:00:00+05:30,1181.3397077270552,1185.7919874966226,1170.52137909495,1178.8819580078125,2465236
2018-02-16 00:00:00+05:30,1177.7338419828643,1208.5975187905817,1177.7338419828643,1181.783203125,2515756
2018-02-19 00:00:00+05:30,1186.5979016316069,1189.9421530825043,1166.5324912952385,1177.9754638671875,1568224
2018-02-20 00:00:00+05:30,1179.7482907876304,1202.7348678348749,1179.7079594902013,1186.4971923828125,1889068
2018-02-21 00:00:00+05:30,1198.2824613817174,1233.981164508211,1192.6617546478944,1225.8018798828125,3089228
2018-02-22 00:00:00+05:30,1229.7106265206262,1240.5894557853894,1217.8244982498666,1228.9853515625,3463010
2018-02-23 00:00:00+05:30,1228.904340977088,1244.6181997633523,1205.5753438189292,1239.2996826171875,3362500
2018-02-26 00:00:00+05:30,1238.9774395601555,1245.0010662998234,1217.3003511877062,1221.531005859375,1363882
2018-02-27 00:00:00+05:30,1225.2780408821884,1240.4076858223907,1221.6517658516261,1225.822021484375,1717800
2018-02-28 00:00:00+05:30,1222.8609378626102,1234.5254401496336,1217.4013578237157,1222.881103515625,2706864
2018-03-01 00:00:00+05:30,1228.501618656308,1233.4172171352113,1216.8169525556084,1223.9486083984375,1718124
2018-03-05 00:00:00+05:30,1228.5013397332812,1254.5500414856335,1222.0344632202814,1251.4073486328125,2858168
2018-03-06 00:00:00+05:30,1257.9147464770392,1259.929344085106,1220.9065490692387,1226.0035400390625,1906764
2018-03-07 00:00:00+05:30,1236.9628476742953,1244.6183180670678,1216.212493714938,1219.818603515625,1917772
2018-03-08 00:00:00+05:30,1230.8787038135588,1230.8787038135588,1203.7219696860718,1210.3499755859375,1951826
2018-03-09 00:00:00+05:30,1210.7726878336202,1234.2225751255194,1199.5715098497485,1222.4976806640625,1872436
2018-03-12 00:00:00+05:30,1226.0840777576898,1242.5634464877312,1223.0621814109325,1229.770751953125,2091340
2018-03-13 00:00:00+05:30,1178.4991220511822,1184.4623498991791,1157.184721370753,1163.14794921875,88067154
2018-03-14 00:00:00+05:30,1165.626037328115,1177.7539545566974,1158.413817072091,1163.1883544921875,3668668
2018-03-15 00:00:00+05:30,1166.4514469651976,1169.493507545586,1150.5764648929508,1156.257568359375,2348906
2018-03-16 00:00:00+05:30,1155.895533670743,1157.1848564553843,1130.1892487316688,1138.5296630859375,7197482
2018-03-19 00:00:00+05:30,1139.8594440768777,1147.5149157762276,1136.2331680087646,1140.665283203125,3489940
2018-03-20 00:00:00+05:30,1136.232976372257,1157.6682738413629,1135.8300568770896,1154.303955078125,4024984
2018-03-21 00:00:00+05:30,1157.3862653368255,1162.1407351171479,1148.3205765743962,1151.040283203125,3907678
2018-03-22 00:00:00+05:30,1152.3299607977863,1158.7766747919281,1137.2608061840997,1140.8065185546875,2326094
2018-03-23 00:00:00+05:30,1128.9804382550262,1141.9141935440991,1127.3889259048801,1135.487548828125,3654122
2018-03-26 00:00:00+05:30,1135.830253192115,1139.2147381888835,1120.740935163884,1135.0244140625,2964210
2018-03-27 00:00:00+05:30,1138.2476672811692,1153.5586093543318,1137.461993874904,1147.3939208984375,2494574
2018-03-28 00:00:00+05:30,1142.6394655956983,1158.3936587016515,1138.2476820285792,1147.9781494140625,6865654
2018-04-02 00:00:00+05:30,1144.2914312439932,1174.107475579224,1144.2914312439932,1172.354736328125,1662988
2018-04-03 00:00:00+05:30,1165.2836418694824,1180.5139217978642,1165.2836418694824,1172.99951171875,1937290
2018-04-04 00:00:00+05:30,1180.332452403802,1182.1657557137664,1165.2431375338147,1172.8582763671875,2841820
2018-04-05 00:00:00+05:30,1179.1637997675496,1194.1523819011647,1176.665719140113,1191.8154296875,1809424
2018-04-06 00:00:00+05:30,1190.224303109398,1192.6418203127348,1179.1641815779385,1188.7335205078125,1129018
2018-04-09 00:00:00+05:30,1184.4625841249983,1194.0520891103708,1174.5104908914227,1178.096435546875,1235866
2018-04-10 00:00:00+05:30,1178.8217752076837,1191.5339074113165,1178.8217752076837,1183.6165771484375,1184532
2018-04-11 00:00:00+05:30,1188.854142925469,1218.8313100125563,1186.8395457188367,1214.4595947265625,3124416
2018-04-12 00:00:00+05:30,1212.7874128349727,1269.1961297110179,1211.9614083783456,1264.86474609375,6114360
2018-04-13 00:00:00+05:30,1269.196347034438,1305.7814550608525,1261.9841277750857,1270.5260009765625,8179118
2018-04-16 00:00:00+05:30,1255.4970702205028,1289.3221400990149,1253.3817430001377,1284.3662109375,6270274
2018-04-17 00:00:00+05:30,1284.3663870886262,1287.3077193008166,1268.0683119435691,1275.885009765625,3301724
2018-04-18 00:00:00+05:30,1275.6432646602998,1286.7033863683405,1267.5244752704175,1272.8631591796875,2433066
2018-04-19 00:00:00+05:30,1281.243766642008,1296.2726846973385,1275.5424946733021,1285.776611328125,4820952
2018-04-20 00:00:00+05:30,1309.4886263954877,1378.9318548997987,1305.459430621963,1370.9136962890625,18465662
2018-04-23 00:00:00+05:30,1379.596475247156,1433.5473611435857,1365.715917066912,1373.41162109375,15185910
2018-04-24 00:00:00+05:30,1373.9551698193102,1387.311908735498,1346.7581100061714,1364.14404296875,8314336
2018-04-25 00:00:00+05:30,1363.8820804122993,1403.3681790475741,1355.8438585782014,1398.23095703125,8196574
2018-04-26 00:00:00+05:30,1396.9220226880914,1434.393539304761,1396.9220226880914,1426.032958984375,12135034
2018-04-27 00:00:00+05:30,1420.291323150334,1427.9467941119954,1377.9847730990473,1390.8580322265625,4501330
2018-04-30 00:00:00+05:30,1390.8578019222439,1429.9611549542624,1385.0759667273644,1423.15185546875,3458558
2018-05-02 00:00:00+05:30,1422.507328631035,1423.192272123545,1398.6545133367165,1410.1175537109375,3158046
2018-05-03 00:00:00+05:30,1414.166976622289,1420.6942532908868,1398.2918882249064,1402.9053955078125,3761550
2018-05-04 00:00:00+05:30,1406.994635534502,1409.0092326644199,1398.1304081628643,1402.4617919921875,2347244
2018-05-07 00:00:00+05:30,1406.189042542965,1406.189042542965,1374.3180710276933,1378.367431640625,3484426
2018-05-08 00:00:00+05:30,1383.9077563279477,1404.7790086558111,1368.596813454315,1386.5267333984375,2992820
2018-05-09 00:00:00+05:30,1386.1237166607611,1408.1029962081343,1386.1237166607611,1405.9071044921875,2615050
2018-05-10 00:00:00+05:30,1411.4069701598287,1414.710890684038,1386.123769254289,1390.5760498046875,3858678
2018-05-11 00:00:00+05:30,1391.7642860122019,1404.1742242243408,1387.0501483191658,1392.872314453125,2627876
2018-05-14 00:00:00+05:30,1392.8925331885268,1398.5334054664092,1374.2776743453162,1383.444091796875,2433894
2018-05-15 00:00:00+05:30,1390.0722785687797,1408.52601138996,1383.5046710281147,1403.1268310546875,1952890
2018-05-16 00:00:00+05:30,1402.1394255622258,1413.8442544672237,1400.2457239490507,1407.7601318359375,1648450
2018-05-17 00:00:00+05:30,1415.4360145778994,1423.5749686702711,1400.5481589714966,1406.914306640625,2968048
2018-05-18 00:00:00+05:30,1402.4823931329347,1417.3500852208088,1393.2958076941122,1411.04443359375,1874996
2018-05-21 00:00:00+05:30,1421.7817089873456,1447.286527432435,1417.4906565985425,1433.0836181640625,3446178
2018-05-22 00:00:00+05:30,1433.5878336434405,1440.4173006982044,1407.6800855538734,1413.804443359375,1857416
2018-05-23 00:00:00+05:30,1420.2911494398197,1428.3495389401876,1402.5626925390106,1408.243896484375,1507298
2018-05-24 00:00:00+05:30,1414.2473203437087,1456.5538641146743,1411.1650257879994,1452.0008544921875,2962316
2018-05-25 00:00:00+05:30,1460.5828734788786,1480.6482799386777,1439.4497699212388,1444.7884521484375,3769772
2018-05-28 00:00:00+05:30,1457.1585565430182,1457.1585565430182,1404.577555124834,1411.04443359375,3716798
2018-05-29 00:00:00+05:30,1422.26577974193,1427.9469851421704,1405.383488762949,1419.6871337890625,3525312
2018-05-30 00:00:00+05:30,1413.8647728664048,1423.5146757753396,1403.1672398493124,1415.8995361328125,3779106
2018-05-31 00:00:00+05:30,1408.952063994696,1429.3063419644507,1402.5329430582474,1414.6805419921875,5049371
2018-06-01 00:00:00+05:30,1425.2028763626295,1428.0467817601605,1394.5699921842447,1407.6925048828125,1603856
2018-06-04 00:00:00+05:30,1417.8896816101117,1421.1398585307081,1391.5632287157766,1417.2802734375,1681483
2018-06-05 00:00:00+05:30,1417.0774798351058,1423.4966006420527,1390.3854152617314,1398.87646484375,2449568
2018-06-06 00:00:00+05:30,1400.0142817491037,1409.6835818842462,1393.6763944840338,1402.248779296875,2236512
2018-06-07 00:00:00+05:30,1401.6392856303858,1421.1403539521998,1400.6642718893202,1410.211669921875,2414762
2018-06-08 00:00:00+05:30,1409.7646672153344,1427.8844487225779,1409.7646672153344,1419.596435546875,2582138
2018-06-11 00:00:00+05:30,1419.5965105316034,1432.5159882323574,1416.265097838343,1421.7091064453125,2179378
2018-06-12 00:00:00+05:30,1427.6406560487655,1450.391901563487,1424.390478118091,1447.1417236328125,4608875
2018-06-13 00:00:00+05:30,1475.5803985363877,1488.2967362357306,1460.9546016345953,1482.1619873046875,5370983
2018-06-14 00:00:00+05:30,1486.9564642871533,1488.8253563489875,1449.5794165509735,1452.4639892578125,3819998
2018-06-15 00:00:00+05:30,1462.5798726124792,1500.8506927749966,1453.316846915091,1495.122314453125,9183574
2018-06-18 00:00:00+05:30,1517.7923654758781,1517.7923654758781,1480.577889183967,1486.143798828125,4674987
2018-06-19 00:00:00+05:30,1480.577845124618,1494.269198860133,1479.6433991975541,1482.4873046875,3245034
2018-06-20 00:00:00+05:30,1488.5814947710944,1492.075475727513,1477.6933788473748,1480.8216552734375,3107695
2018-06-21 00:00:00+05:30,1488.5811957301726,1488.5811957301726,1476.8805376729517,1478.302490234375,2910659
2018-06-22 00:00:00+05:30,1484.5186934578328,1484.5186934578328,1462.214388231148,1470.54296875,2949458
2018-06-25 00:00:00+05:30,1472.2491323224247,1480.7401811321292,1467.4551008045469,1478.2213134765625,2083217
2018-06-26 00:00:00+05:30,1481.26836690223,1512.1450525535106,1479.6432781837414,1504.8321533203125,4679712
2018-06-27 00:00:00+05:30,1511.3328527608653,1531.76836789243,1504.2230879965332,1509.707763671875,4081208
2018-06-28 00:00:00+05:30,1515.3955394220145,1520.27080657297,1483.9501059733768,1497.2757568359375,4888125
2018-06-29 00:00:00+05:30,1499.0635402072526,1517.3457935588267,1496.9509441019186,1501.3792724609375,3506276
2018-07-02 00:00:00+05:30,1504.832617193205,1509.5454156045848,1495.9758611097905,1504.304443359375,2650290
2018-07-03 00:00:00+05:30,1511.2919457599182,1527.5022663598043,1508.9356463052804,1522.7489013671875,3242233
2018-07-04 00:00:00+05:30,1527.5023200892,1527.5023200892,1509.0169339884894,1516.329833984375,2700614
2018-07-05 00:00:00+05:30,1521.8960215193797,1533.677918108825,1513.039265624972,1527.82763671875,2472571
2018-07-06 00:00:00+05:30,1529.8993644219358,1560.897956375919,1528.924350714528,1554.35693359375,3713781
2018-07-09 00:00:00+05:30,1563.3358130310673,1563.6608507091291,1524.7399444661112,1530.021484375,6151747
2018-07-10 00:00:00+05:30,1542.2090910647407,1542.9404007768312,1520.067258750982,1523.601806640625,5303302
2018-07-11 00:00:00+05:30,1543.8345121420161,1623.4638711893413,1539.0811467710905,1608.7568359375,22903802
2018-07-12 00:00:00+05:30,1612.0880323040647,1617.6946083023086,1592.9932395827211,1601.809326171875,6921701
2018-07-13 00:00:00+05:30,1604.7755535387482,1623.3828443514715,1603.9630089546781,1609.7320556640625,4148185
2018-07-16 00:00:00+05:30,1616.9635518362525,1621.8388188267136,1606.7660787061805,1616.3134765625,2582159
2018-07-17 00:00:00+05:30,1619.4075037619775,1635.691138792264,1612.894049749863,1630.114013671875,3315492
2018-07-18 00:00:00+05:30,1632.4342574853924,1637.889234949955,1622.704826229409,1628.56689453125,2013869
2018-07-19 00:00:00+05:30,1630.0733722447717,1636.8717704404198,1603.938156176438,1613.2198486328125,1746318
2018-07-20 00:00:00+05:30,1616.0692070460739,1628.3633303124507,1615.336423669951,1625.5950927734375,1934995
2018-07-23 00:00:00+05:30,1629.1776580868805,1636.464544888573,1616.964932014265,1632.963623046875,2086201
2018-07-24 00:00:00+05:30,1640.5761013441293,1640.5761013441293,1615.4586161464424,1627.5491943359375,2038423
2018-07-25 00:00:00+05:30,1629.9099818314608,1629.991380104837,1602.634901295241,1613.3006591796875,1535492
2018-07-26 00:00:00+05:30,1607.9681654541369,1616.1507315831143,1591.8066780157892,1599.622802734375,3503036
2018-07-27 00:00:00+05:30,1596.4880378276282,1599.5819677931013,1579.7566648742854,1582.5655517578125,2033977
2018-07-30 00:00:00+05:30,1581.9547756667648,1591.4806601914256,1572.6324365326943,1583.2574462890625,1579251
2018-07-31 00:00:00+05:30,1581.1404932315213,1585.2114007836105,1569.7419520856708,1579.6749267578125,2204803
2018-08-01 00:00:00+05:30,1587.6134185880883,1613.341637426529,1587.4913708543645,1609.22998046875,2425180
2018-08-02 00:00:00+05:30,1612.0799311183623,1616.150840035328,1583.5835686996033,1586.351806640625,1509287
2018-08-03 00:00:00+05:30,1592.9464067252545,1613.748787748723,1592.9464067252545,1611.6318359375,1505131
2018-08-06 00:00:00+05:30,1625.9209457957281,1627.5085604445167,1605.7699475942038,1608.456787109375,1532249
2018-08-07 00:00:00+05:30,1610.614124595913,1611.3876568075384,1596.2031489282651,1601.7802734375,1353521
2018-08-08 00:00:00+05:30,1605.566338721742,1610.6957232707994,1597.4245215882647,1607.1947021484375,1315062
2018-08-09 00:00:00+05:30,1612.0796383056008,1612.73102336897,1600.6810954084906,1607.4794921875,2060297
2018-08-10 00:00:00+05:30,1612.8531561280483,1625.5137209825768,1605.6070186999639,1622.7454833984375,2784105
2018-08-13 00:00:00+05:30,1626.5725323823267,1631.8239655362768,1620.2218742258653,1628.48583984375,3559575
2018-08-14 00:00:00+05:30,1621.8499457932398,1648.3922493258272,1614.033821353647,1631.2537841796875,3311765
2018-08-16 00:00:00+05:30,1628.6074422542986,1644.6875283410666,1624.292240157067,1635.28369140625,2152065
2018-08-17 00:00:00+05:30,1639.6398427129798,1646.1940453370053,1631.620172620249,1638.7442626953125,1213731
2018-08-20 00:00:00+05:30,1647.9035243973615,1647.9035243973615,1631.3755985034359,1636.4642333984375,1587032
2018-08-21 00:00:00+05:30,1636.6276449911607,1647.9040435937998,1631.6204067993947,1642.7340087890625,1376866
2018-08-23 00:00:00+05:30,1646.9266654732005,1659.3021866787462,1644.8912113678537,1656.9410400390625,3046791
2018-08-24 00:00:00+05:30,1656.9412354068522,1665.8158362300385,1653.6031101579708,1663.373291015625,1570533
2018-08-27 00:00:00+05:30,1663.3733414352455,1676.4002496403184,1656.859887332709,1669.8052978515625,1532702
2018-08-28 00:00:00+05:30,1673.1431292146028,1686.9842159283003,1670.700584500421,1684.7044677734375,1987983
2018-08-29 00:00:00+05:30,1687.3913437243134,1690.7295677501663,1665.4898390959602,1686.9842529296875,1525867
2018-08-30 00:00:00+05:30,1683.7278884719053,1697.568978464179,1681.6924340612768,1695.4520263671875,2408020
2018-08-31 00:00:00+05:30,1695.3703737721007,1703.267895482811,1688.612626783628,1692.1949462890625,2504554
2018-09-03 00:00:00+05:30,1697.4059862307363,1701.6396911619165,1667.7696541628318,1671.4334716796875,1439711
2018-09-04 00:00:00+05:30,1677.0514795438055,1713.648906639267,1674.7309822246712,1708.8858642578125,4420803
2018-09-05 00:00:00+05:30,1709.7814763812073,1715.6842933829996,1689.4676838334512,1692.88720703125,1681106
2018-09-06 00:00:00+05:30,1689.4268483390663,1694.719028827839,1677.4584183732643,1689.671142578125,2238097
2018-09-07 00:00:00+05:30,1692.9281368491797,1696.7547512837675,1681.6108913641012,1693.3759765625,1312182
2018-09-10 00:00:00+05:30,1697.0799595431956,1704.4075935632868,1688.8160962415661,1694.1082763671875,1530539
2018-09-11 00:00:00+05:30,1700.8255544393328,1700.8255544393328,1662.7218115020978,1666.019287109375,3679745
2018-09-12 00:00:00+05:30,1670.9856066838292,1684.4601525022167,1660.9303848928198,1664.1463623046875,2307661
2018-09-14 00:00:00+05:30,1664.1873097933565,1686.6180542375603,1643.1407338008978,1681.6107177734375,3642038
2018-09-17 00:00:00+05:30,1685.3564542749655,1691.707112553294,1672.7773842625245,1688.7352294921875,1033857
2018-09-18 00:00:00+05:30,1687.7990723540497,1692.52136711127,1675.2607506511436,1685.9671630859375,1456507
2018-09-19 00:00:00+05:30,1686.9027522700253,1700.8253369314675,1682.791294271435,1691.787841796875,1301268
2018-09-21 00:00:00+05:30,1691.0550574484746,1726.8790451845039,1669.1942036041862,1712.3458251953125,4508530
2018-09-24 00:00:00+05:30,1721.9940851880838,1799.74842804173,1708.2750457086966,1789.9375,3032226
2018-09-25 00:00:00+05:30,1795.1891878747147,1800.8884598923537,1753.584621410849,1777.521484375,2868778
2018-09-26 00:00:00+05:30,1780.6154964198631,1790.385677470178,1738.3595428871888,1744.099365234375,1970951
2018-09-27 00:00:00+05:30,1743.8954751365973,1799.0970269159445,1738.9290866824708,1782.1214599609375,3311802
2018-09-28 00:00:00+05:30,1773.2875492974124,1783.0577286323844,1757.6960509519427,1777.9283447265625,2904371
2018-10-01 00:00:00+05:30,1783.790882156553,1853.037086177231,1783.3432411723709,1836.4278564453125,3772208
2018-10-03 00:00:00+05:30,1832.15340820914,1835.9800230476596,1755.0504288143945,1760.9532470703125,3902322
2018-10-04 00:00:00+05:30,1755.8642298460636,1755.9047799088014,1674.2425192501266,1681.122314453125,4762419
2018-10-05 00:00:00+05:30,1669.0722615180296,1726.064972886938,1645.3795970978636,1711.9388427734375,3417624
2018-10-08 00:00:00+05:30,1711.9390145474613,1727.85630600329,1667.5661133864846,1691.503173828125,2010154
2018-10-09 00:00:00+05:30,1693.7831272247354,1716.0101305586036,1671.6779728717622,1703.10546875,1867130
2018-10-10 00:00:00+05:30,1709.7816873144657,1714.626029006888,1651.9747826481196,1663.86181640625,2749573
2018-10-11 00:00:00+05:30,1616.150475192281,1638.9475599808875,1580.326484810185,1612.038818359375,4700256
2018-10-12 00:00:00+05:30,1610.451835649061,1610.451835649061,1549.3881917291017,1561.84521484375,9373289
2018-10-15 00:00:00+05:30,1579.5124663876154,1592.1730313241924,1563.228832713516,1587.2471923828125,2638151
2018-10-16 00:00:00+05:30,1594.167802103643,1605.4849478489714,1575.4416226100864,1597.6688232421875,2815425
2018-10-17 00:00:00+05:30,1603.938208785532,1619.4076635910776,1563.2291171919906,1570.8824462890625,2779207
2018-10-19 00:00:00+05:30,1570.5568626142367,1570.5568626142367,1522.560880051374,1557.6927490234375,3428776
2018-10-22 00:00:00+05:30,1558.343939103143,1559.9723026758736,1536.3202820269921,1549.387939453125,1778496
2018-10-23 00:00:00+05:30,1540.4129024210197,1548.5718690651988,1498.8021725357062,1504.2279052734375,2752811
2018-10-24 00:00:00+05:30,1511.0815317340564,1528.9904245629903,1477.6705019195113,1508.18505859375,2735913
2018-10-25 00:00:00+05:30,1504.513254214028,1531.3562709140942,1489.0520542656577,1511.8563232421875,2507233
2018-10-26 00:00:00+05:30,1512.5903116416805,1512.5903116416805,1461.3519793815206,1467.879150390625,2285970
2018-10-29 00:00:00+05:30,1475.7123203969843,1532.2131668316176,1455.8452556855311,1526.542724609375,2609483
2018-10-30 00:00:00+05:30,1523.279332726117,1557.8733771273085,1505.3296030421457,1545.9613037109375,2404883
2018-10-31 00:00:00+05:30,1550.2036016772345,1586.0214837616547,1530.173299511597,1581.330078125,2769190
2018-11-01 00:00:00+05:30,1585.8175517292075,1586.3886395483983,1551.2643483459342,1579.3719482421875,2769759
2018-11-02 00:00:00+05:30,1578.1068530687435,1594.751160349951,1554.2827168796748,1561.177001953125,1818635
2018-11-05 00:00:00+05:30,1558.362476624198,1572.5182624480049,1537.7610878625433,1542.738037109375,1713366
2018-11-06 00:00:00+05:30,1545.3083818163925,1580.7998890017216,1542.8606916656802,1576.883544921875,1398710
2018-11-07 00:00:00+05:30,1582.839552226376,1590.1826223140242,1580.39186219716,1584.59375,144530
2018-11-09 00:00:00+05:30,1599.9731996450676,1600.7482615604024,1554.2829909861568,1557.709716796875,2570479
2018-11-12 00:00:00+05:30,1557.1386566024398,1587.8163487544814,1557.1386566024398,1562.319580078125,2552008
2018-11-13 00:00:00+05:30,1562.442381006756,1582.0239043196345,1552.6516193503169,1578.719482421875,1418432
2018-11-14 00:00:00+05:30,1570.6007613126721,1574.5986740789979,1525.7264538465959,1534.415771484375,2422318
2018-11-15 00:00:00+05:30,1520.8314581036184,1549.3878427783109,1515.6096992723214,1528.0521240234375,1829123
2018-11-16 00:00:00+05:30,1541.2290462514236,1550.0407714789724,1525.930981340246,1539.2708740234375,1829729
2018-11-19 00:00:00+05:30,1549.3875892452102,1556.200305697739,1521.0760180534683,1552.202392578125,1740628
2018-11-20 00:00:00+05:30,1551.8351839883783,1551.8351839883783,1529.1532208505869,1532.4576416015625,1190182
2018-11-21 00:00:00+05:30,1526.5426893086885,1526.5835239814212,1467.43101464156,1478.40478515625,3840461
2018-11-22 00:00:00+05:30,1484.9322735565627,1507.451006796635,1476.732470339144,1478.8538818359375,3194219
2018-11-26 00:00:00+05:30,1484.1160270367793,1517.5677901530564,1455.9675922194242,1506.226806640625,4333177
2018-11-27 00:00:00+05:30,1512.6724033847622,1548.4902865773565,1497.4559107992152,1542.2486572265625,3344839
2018-11-28 00:00:00+05:30,1541.2288545443548,1622.8185239220338,1535.9255260348057,1618.657470703125,5313249
2018-11-29 00:00:00+05:30,1629.345718271277,1629.345718271277,1584.9201825667328,1599.6063232421875,4035441
2018-11-30 00:00:00+05:30,1604.052782378263,1624.4501982274269,1599.034998160017,1605.8885498046875,5268901
2018-12-03 00:00:00+05:30,1618.739130683768,1623.6345111193036,1605.9295917161578,1617.4337158203125,1610576
2018-12-04 00:00:00+05:30,1617.9230502638793,1647.6217081205002,1608.1322905043398,1640.645751953125,3270615
2018-12-05 00:00:00+05:30,1636.688736670962,1646.4794968105691,1619.55490642665,1637.3006591796875,2501539
2018-12-06 00:00:00+05:30,1630.1616949267584,1645.6637330667027,1615.1491749139848,1625.83740234375,2321216
2018-12-07 00:00:00+05:30,1619.5955603714392,1634.9751911218666,1609.7639666563025,1627.8768310546875,1680420
2018-12-10 00:00:00+05:30,1611.3955828069547,1640.7678567214107,1599.1571353425982,1612.04833984375,2010786
2018-12-11 00:00:00+05:30,1607.3164349365234,1639.952301635742,1599.9733649291993,1631.7933349609375,2942014
2018-12-12 00:00:00+05:30,1632.6906082185828,1649.742866470891,1619.5138586783107,1645.500244140625,2219993
2018-12-13 00:00:00+05:30,1651.37482094435,1656.025392014432,1610.9879367364717,1617.5966796875,3748429
2018-12-14 00:00:00+05:30,1617.9232389850522,1630.936752178019,1611.6000392361193,1623.4305419921875,2473761
2018-12-17 00:00:00+05:30,1630.9774969018758,1635.791307332345,1619.5549431466852,1627.142822265625,1227921
2018-12-18 00:00:00+05:30,1625.1844258873195,1633.4249614678824,1612.538028832998,1621.8800048828125,1768742
2018-12-19 00:00:00+05:30,1619.3915018559132,1619.3915018559132,1599.198062373383,1606.051513671875,2498833
2018-12-20 00:00:00+05:30,1594.099004341643,1611.3144047063581,1587.7349702747035,1594.302978515625,1940277
2018-12-21 00:00:00+05:30,1589.3666192886026,1590.9984125322255,1539.2298117169944,1546.77685546875,3729956
2018-12-24 00:00:00+05:30,1554.93551804636,1581.9416710353314,1554.282761037676,1565.29736328125,1864116
2018-12-26 00:00:00+05:30,1567.9902792146397,1567.9902792146397,1525.9307655285886,1541.3919677734375,2446614
2018-12-27 00:00:00+05:30,1557.5468161194333,1584.226598641704,1527.4402076642984,1557.5059814453125,4968201
2018-12-28 00:00:00+05:30,1562.4419128685624,1566.521395669786,1544.4921885431795,1546.980712890625,2239130
2018-12-31 00:00:00+05:30,1556.7308182827992,1557.5467149380836,1538.9034962841852,1544.533203125,1879740
2019-01-01 00:00:00+05:30,1546.9401438489665,1558.3626976537585,1537.9652801452014,1552.48828125,1094883
2019-01-02 00:00:00+05:30,1554.2831623705847,1578.311279556454,1550.2036790047825,1569.214111328125,2100463
2019-01-03 00:00:00+05:30,1565.7058365281262,1586.8783169905673,1544.574091144427,1550.1629638671875,2611668
2019-01-04 00:00:00+05:30,1550.2037020114594,1551.182738195077,1502.0657975805773,1531.315673828125,4280862
2019-01-07 00:00:00+05:30,1543.5132848501344,1557.383527563526,1534.701561405277,1548.490234375,1856423
2019-01-08 00:00:00+05:30,1554.6096404560724,1555.425537181451,1536.5783427445551,1544.9412841796875,1691756
2019-01-09 00:00:00+05:30,1556.2412986860456,1565.705679958732,1523.0342450904075,1539.55615234375,2414376
2019-01-10 00:00:00+05:30,1542.0448268315135,1554.283277838113,1527.4402553776179,1540.86181640625,3053461
2019-01-11 00:00:00+05:30,1525.7265202392712,1529.8060029137077,1497.1701415182154,1503.3302001953125,9209862
2019-01-14 00:00:00+05:30,1509.409010711085,1510.2249074736314,1476.7731402092236,1479.4248046875,3615370
2019-01-15 00:00:00+05:30,1476.773016017627,1525.1964648831615,1475.1412226297623,1523.931884765625,7711653
2019-01-16 00:00:00+05:30,1525.726838738928,1529.806322264968,1506.9612145191445,1525.8492431640625,2359280
2019-01-17 00:00:00+05:30,1535.5383047389935,1551.8912153325928,1530.0601196142356,1548.865966796875,2625816
2019-01-18 00:00:00+05:30,1537.9909872913672,1556.9603205225972,1533.9027603182376,1554.0577392578125,1683728
2019-01-21 00:00:00+05:30,1555.1618294110988,1579.6911958055955,1549.8062111575346,1560.6400146484375,2409803
2019-01-22 00:00:00+05:30,1559.3317950243134,1568.4485627904096,1545.3500762016808,1555.080078125,2457093
2019-01-23 00:00:00+05:30,1554.3438965981916,1558.5138681525323,1528.9968893417245,1533.57568359375,2578169
2019-01-24 00:00:00+05:30,1541.098140273713,1557.818949326779,1533.0851751674113,1554.793701171875,1962927
2019-01-25 00:00:00+05:30,1555.1619143685168,1582.144218876488,1554.344268777366,1570.53369140625,2327080
2019-01-28 00:00:00+05:30,1580.5087472901016,1604.2204667269423,1574.3764060564358,1598.4969482421875,2769033
2019-01-29 00:00:00+05:30,1604.2201386864047,1626.3374848039014,1583.4928495171032,1621.186279296875,2557626
2019-01-30 00:00:00+05:30,1618.6109618931932,1626.7056720554667,1598.2107472217701,1620.082763671875,2429575
2019-01-31 00:00:00+05:30,1624.6617709850361,1651.4396637881362,1623.026479821488,1646.8199462890625,4094319
2019-02-01 00:00:00+05:30,1643.0588503158572,1663.7044019309233,1633.737670416707,1659.7796630859375,3064163
2019-02-04 00:00:00+05:30,1659.7794419809777,1680.6294022206778,1654.0968456828816,1676.377685546875,1590764
2019-02-05 00:00:00+05:30,1676.173168784152,1680.261396025089,1658.1849689240296,1671.717041015625,1111404
2019-02-06 00:00:00+05:30,1676.0914349591562,1706.3035959590857,1668.8553920376346,1696.450927734375,1789812
2019-02-07 00:00:00+05:30,1696.4102426836928,1715.3795810607166,1690.0734891563768,1703.073974609375,1339945
2019-02-08 00:00:00+05:30,1696.6143207421003,1708.4701798509006,1676.9908298033965,1685.4942626953125,1684474
2019-02-11 00:00:00+05:30,1684.349312437854,1713.7845431406513,1675.273369789651,1689.17333984375,1778730
2019-02-12 00:00:00+05:30,1692.5260413877602,1692.5260413877602,1650.0084789954108,1677.4814453125,2422903
2019-02-14 00:00:00+05:30,1684.3903711832547,1696.6141294448032,1662.3139463663827,1671.7576904296875,1724085
2019-02-15 00:00:00+05:30,1675.3555484828507,1677.808484864231,1644.2440987882471,1659.574951171875,1930065
2019-02-18 00:00:00+05:30,1666.0346923905372,1669.5914308691679,1604.752193204497,1611.0072021484375,2942184
2019-02-19 00:00:00+05:30,1610.7616179878623,1611.5792634792267,1546.9852696614394,1557.451171875,4408554
2019-02-20 00:00:00+05:30,1565.7912033764403,1581.1629793963493,1538.2365887032615,1565.5867919921875,4645778
2019-02-21 00:00:00+05:30,1565.5865857305146,1586.232132820054,1551.114301556198,1565.1368408203125,4683919
2019-02-22 00:00:00+05:30,1567.5902239155016,1578.0561283175673,1557.6967313632313,1574.4993896484375,2271955
2019-02-25 00:00:00+05:30,1580.0999906286602,1627.1146087198103,1578.46469956462,1623.1490478515625,2934880
2019-02-26 00:00:00+05:30,1622.208431456024,1672.2074663291257,1612.6010982556165,1666.93359375,6453309
2019-02-27 00:00:00+05:30,1667.996922411897,1696.5735944673547,1653.2793025082626,1682.79638671875,4732082
2019-02-28 00:00:00+05:30,1684.3498402491023,1693.6301971297414,1616.9758266770887,1621.759033203125,8454295
2019-03-01 00:00:00+05:30,1631.2436292047876,1639.3791616790497,1619.2241809512225,1631.52978515625,4148548
2019-03-05 00:00:00+05:30,1639.3793874871326,1641.0146786467208,1616.1582330589306,1625.5611572265625,2449622
2019-03-06 00:00:00+05:30,1626.54205726362,1647.5555044182117,1623.067064264227,1634.9637451171875,2635047
2019-03-07 00:00:00+05:30,1639.3791521518826,1654.9553381350763,1635.4544140081723,1646.1656494140625,2539884
2019-03-08 00:00:00+05:30,1655.7320649213475,1662.273228634617,1643.50830515627,1653.8514404296875,2031071
2019-03-11 00:00:00+05:30,1658.9209936321106,1662.2733202578916,1638.2754445241362,1647.3922119140625,3111689
2019-03-12 00:00:00+05:30,1646.7788936508048,1655.5685824259406,1637.7438713113377,1645.4705810546875,2658550
2019-03-13 00:00:00+05:30,1645.920029392066,1648.2912207824443,1617.7930104180564,1635.699462890625,1833163
2019-03-14 00:00:00+05:30,1639.3381426053572,1641.668511897274,1619.7555747479191,1624.988525390625,1905495
2019-03-15 00:00:00+05:30,1634.391763641615,1691.6677764178055,1627.9323436219988,1667.9560546875,5184318
2019-03-18 00:00:00+05:30,1670.449748708238,1688.110971274051,1644.2850928302823,1653.933349609375,2349915
2019-03-19 00:00:00+05:30,1659.8203572578184,1659.8203572578184,1631.2845094788747,1653.933349609375,2373993
2019-03-20 00:00:00+05:30,1658.185149470325,1671.9216344196216,1635.2910744283283,1647.5966796875,3091165
2019-03-22 00:00:00+05:30,1647.5554870168107,1648.3731324197968,1621.6361676662461,1639.9105224609375,3148149
2019-03-25 00:00:00+05:30,1641.668553897907,1641.668553897907,1616.6485235927025,1622.4129638671875,2429205
2019-03-26 00:00:00+05:30,1622.2086598531241,1631.1618380869872,1600.990799211097,1621.1048583984375,2316539
2019-03-27 00:00:00+05:30,1630.3852063611043,1633.6557885203042,1603.4029035477058,1609.044677734375,2266166
2019-03-28 00:00:00+05:30,1618.9381329387961,1647.228648027092,1613.0511251067528,1635.536376953125,4054489
2019-04-01 00:00:00+05:30,1643.4673892647463,1667.9558310861632,1642.0365096969786,1661.16943359375,2095740
2019-04-02 00:00:00+05:30,1665.6259094202182,1705.6088010855703,1665.5441648184596,1700.130615234375,3719663
2019-04-03 00:00:00+05:30,1704.791155447466,1708.5524052309527,1682.7965676306671,1700.130615234375,2939886
2019-04-04 00:00:00+05:30,1699.1899065231974,1700.457296965243,1641.341587530284,1647.1468505859375,4397518
2019-04-05 00:00:00+05:30,1658.7165710851511,1679.7708429957183,1650.6627828355502,1674.7833251953125,3152103
2019-04-08 00:00:00+05:30,1683.5320697560137,1696.6143976414417,1662.027953370245,1693.139404296875,2194294
2019-04-09 00:00:00+05:30,1692.525970655966,1715.4200417566265,1682.4279701615988,1710.1053466796875,2690970
2019-04-10 00:00:00+05:30,1703.1552664970975,1705.1993798750345,1664.725934991882,1668.200927734375,3313062
2019-04-11 00:00:00+05:30,1672.085067926583,1680.2615230264685,1646.4519011504906,1651.235107421875,3422442
2019-04-12 00:00:00+05:30,1666.3615197290349,1667.1791652244856,1641.0145093700553,1647.1468505859375,3198471
2019-04-15 00:00:00+05:30,1692.5262073107713,1733.2449936716205,1668.814487498205,1727.9302978515625,9189201
2019-04-16 00:00:00+05:30,1733.4083842226846,1762.8026987385922,1729.7699018308404,1743.056640625,5771952
2019-04-18 00:00:00+05:30,1757.8557490438818,1762.0258203927622,1728.6658484630907,1757.978515625,3413728
2019-04-22 00:00:00+05:30,1756.3023914588223,1779.1964636007435,1754.340122266273,1767.2996826171875,2007135
2019-04-23 00:00:00+05:30,1768.5672585570435,1770.611372355653,1744.8964606932418,1762.0670166015625,2163524
2019-04-24 00:00:00+05:30,1764.479288495184,1794.7321771301802,1762.9258416297018,1785.288330078125,3003071
2019-04-25 00:00:00+05:30,1778.3780553726508,1802.9074078605495,1772.695461970364,1794.73095703125,4211526
2019-04-26 00:00:00+05:30,1801.2732355113114,1834.75578251149,1793.2193465982946,1830.340576171875,2716958
2019-04-30 00:00:00+05:30,1830.3404485819065,1853.5615018805602,1823.4313837492834,1848.1651611328125,3488395
2019-05-02 00:00:00+05:30,1843.7904602437793,1847.3880203180188,1807.895905411389,1811.41162109375,2457699
2019-05-03 00:00:00+05:30,1786.555301458706,1787.4138691020364,1737.4965746451946,1743.2200927734375,3780886
2019-05-06 00:00:00+05:30,1725.2315503192037,1770.2020409673348,1724.0050823924366,1764.35595703125,2891422
2019-05-07 00:00:00+05:30,1766.1552350840104,1786.0240610280543,1748.7802678854973,1759.5322265625,2201698
2019-05-08 00:00:00+05:30,1758.7554644585655,1772.6554379108184,1741.911887368231,1760.2681884765625,1824895
2019-05-09 00:00:00+05:30,1753.849679983683,1785.8197003854289,1746.5727145396402,1776.3758544921875,2264162
2019-05-10 00:00:00+05:30,1778.3789336640057,1792.278906938621,1738.191737838825,1746.3272705078125,2039633
2019-05-13 00:00:00+05:30,1744.0377372880578,1771.8376824675206,1734.757381622608,1740.562744140625,1701744
2019-05-14 00:00:00+05:30,1745.6732848198644,1765.9509347971411,1694.4478699167928,1710.80078125,2456110
2019-05-15 00:00:00+05:30,1714.6025020162517,1736.6789290808388,1704.3819339307947,1713.294189453125,2346876
2019-05-16 00:00:00+05:30,1713.7852233995259,1736.6793008113516,1698.2908787895535,1724.210205078125,1946529
2019-05-17 00:00:00+05:30,1727.3579450283173,1745.6731241879988,1708.879077073966,1713.335205078125,1947908
2019-05-20 00:00:00+05:30,1737.496746044209,1759.0825081233388,1676.1733314779428,1752.9910888671875,2625116
2019-05-21 00:00:00+05:30,1756.3434503606209,1756.874840085661,1719.1405802342913,1725.027587890625,1863157
2019-05-22 00:00:00+05:30,1725.2319069133166,1735.0027301587077,1696.614316040347,1702.1334228515625,2595795
2019-05-23 00:00:00+05:30,1715.4203448812364,1729.6065748646527,1676.1733589163653,1679.48486328125,2541294
2019-05-24 00:00:00+05:30,1692.5264114141464,1692.5264114141464,1661.6602896600962,1674.5382080078125,2274208
2019-05-27 00:00:00+05:30,1680.09797705659,1691.6675807836489,1668.0785285799034,1680.384033203125,2329820
2019-05-28 00:00:00+05:30,1684.3495387375679,1715.0112415058488,1672.0848576302553,1695.5921630859375,5872979
2019-05-29 00:00:00+05:30,1700.7028279674835,1736.4339003425068,1698.3317356036157,1723.22900390625,3281320
2019-05-30 00:00:00+05:30,1735.8614173532874,1763.2934641319314,1728.829586120619,1754.91259765625,4971725
2019-05-31 00:00:00+05:30,1766.1142845520023,1802.8674099476336,1759.77753191067,1795.999267578125,4265370
2019-06-03 00:00:00+05:30,1799.6376959954428,1837.780777673007,1787.0867580675015,1833.406494140625,3682419
2019-06-04 00:00:00+05:30,1833.159143088923,1833.159143088923,1792.7702950622336,1799.4468994140625,2408658
2019-06-06 00:00:00+05:30,1812.552594375828,1812.552594375828,1773.812270621547,1785.4344482421875,3735467
2019-06-07 00:00:00+05:30,1791.946195848731,1804.9695801135804,1765.6523096238786,1798.334228515625,2659446
2019-06-10 00:00:00+05:30,1810.6569405226544,1842.9269300661038,1801.4252430793817,1839.34130859375,2080593
2019-06-11 00:00:00+05:30,1843.8746872517263,1866.0885150516772,1838.929113660528,1856.8980712890625,3048937
2019-06-12 00:00:00+05:30,1850.4684098171986,1868.5196692671723,1829.0375952714314,1863.5740966796875,2404448
2019-06-13 00:00:00+05:30,1866.1298428189777,1883.439351078341,1848.8615879217002,1857.9697265625,3320916
2019-06-14 00:00:00+05:30,1860.5655488069,1865.3875623881936,1841.4014557690175,1858.298828125,2131408
2019-06-17 00:00:00+05:30,1859.5356877657127,1864.4812614033876,1847.5426314471702,1853.9306640625,1489497
2019-06-18 00:00:00+05:30,1849.6444945605404,1862.8326906001876,1839.0938974816422,1855.290771484375,1877447
2019-06-19 00:00:00+05:30,1858.7110740502671,1876.020578509272,1848.9434874683386,1862.7498779296875,1652817
2019-06-20 00:00:00+05:30,1838.1049582320659,1882.6151231399274,1823.2682365961118,1877.6282958984375,2199377
2019-06-21 00:00:00+05:30,1883.4394150717071,1889.6213825172379,1847.9961350506642,1854.4666748046875,3871804
2019-06-24 00:00:00+05:30,1858.0109268279161,1879.3181894260877,1855.249768650799,1875.6090087890625,1382424
2019-06-25 00:00:00+05:30,1871.0748108308521,1874.742736622536,1855.0017012223932,1869.261474609375,1386077
2019-06-26 00:00:00+05:30,1866.9539522200478,1868.4376644822362,1854.5900187616367,1858.0518798828125,1762224
2019-06-27 00:00:00+05:30,1858.7109301036314,1866.1292885829807,1847.4185802211257,1856.6915283203125,2813464
2019-06-28 00:00:00+05:30,1862.832593651094,1864.439864712597,1831.9227607918392,1835.7967529296875,2372928
2019-07-01 00:00:00+05:30,1842.2261290147806,1858.71137401715,1818.8171616057764,1845.9765625,2769940
2019-07-02 00:00:00+05:30,1850.3857091690002,1860.3593600027407,1826.9354951883984,1856.320556640625,1771746
2019-07-03 00:00:00+05:30,1856.4034567470624,1861.8436682600568,1839.753399028129,1844.410400390625,1656881
2019-07-04 00:00:00+05:30,1841.402314788305,1856.2390389002965,1838.1877717250866,1848.5321044921875,984140
2019-07-05 00:00:00+05:30,1852.1173157670073,1854.5901025704347,1763.9212531114356,1782.9617919921875,4088470
2019-07-08 00:00:00+05:30,1771.339533196909,1804.1452102152548,1757.4095819969782,1793.0999755859375,2788062
2019-07-09 00:00:00+05:30,1791.9463699740518,1792.2759944235584,1734.7013893405117,1758.440185546875,3977224
2019-07-10 00:00:00+05:30,1714.4660422524723,1753.9070843438692,1707.2949985729367,1737.710205078125,6343581
2019-07-11 00:00:00+05:30,1754.0296754139117,1754.8539374794257,1719.4519220127681,1733.05224609375,2400346
2019-07-12 00:00:00+05:30,1732.6818893080326,1747.2300386436273,1725.2635284882226,1737.21533203125,1560725
2019-07-15 00:00:00+05:30,1751.5571972560035,1775.1311769698996,1729.3021175732213,1768.619384765625,2900415
2019-07-16 00:00:00+05:30,1756.474308546452,1761.8445263289318,1734.9934374165332,1739.9505615234375,2735399
2019-07-17 00:00:00+05:30,1741.6034921017092,1755.6486815541423,1728.4671897079943,1749.2457275390625,1802969
2019-07-18 00:00:00+05:30,1748.3779832795767,1748.3779832795767,1701.9462851615037,1706.862060546875,3072096
2019-07-19 00:00:00+05:30,1715.9911788115155,1732.5149263205335,1704.0114618674775,1715.9498291015625,1953177
2019-07-22 00:00:00+05:30,1715.9912444819865,1749.4104847567394,1709.216548085204,1743.1727294921875,1920167
2019-07-23 00:00:00+05:30,1758.0444649539286,1759.7795395485402,1736.9766817339812,1745.2799072265625,3538588
2019-07-24 00:00:00+05:30,1743.2551187967435,1752.1779815469254,1715.5778455836198,1732.3494873046875,2413196
2019-07-25 00:00:00+05:30,1742.3467489256132,1763.9103234923664,1728.838704239993,1758.0443115234375,2544464
2019-07-26 00:00:00+05:30,1759.6139696513567,1759.6139696513567,1730.8626077119054,1742.4705810546875,1720592
2019-07-29 00:00:00+05:30,1743.9167798603366,1769.6937919509244,1737.7203730257745,1759.779541015625,1647090
2019-07-30 00:00:00+05:30,1759.7793188911514,1805.2196299423313,1751.889188176534,1800.3863525390625,2851672
2019-07-31 00:00:00+05:30,1794.2728714981504,1827.2790248792353,1773.9485764085616,1822.3218994140625,3000677
2019-08-01 00:00:00+05:30,1817.6124042987922,1832.0706847875326,1789.7285776419358,1801.1300048828125,2375236
2019-08-02 00:00:00+05:30,1795.3053161500907,1825.8742515838476,1789.1089103189238,1821.9912109375,2500816
2019-08-05 00:00:00+05:30,1817.5294086396684,1860.7803956204957,1813.9769645204556,1857.764892578125,3039682
2019-08-06 00:00:00+05:30,1844.7117307635026,1860.533142768143,1827.0725446572046,1829.9228515625,2885467
2019-08-07 00:00:00+05:30,1842.398298267726,1849.4208926781635,1823.6025308750843,1828.724853515625,2165362
2019-08-08 00:00:00+05:30,1841.4892985846252,1884.5337494315713,1833.2274233131145,1865.6141357421875,2073298
2019-08-09 00:00:00+05:30,1867.1836861348777,1873.710486479262,1851.7753704692766,1855.8236083984375,1744550
2019-08-13 00:00:00+05:30,1854.7910871270528,1855.823821585364,1812.903417839137,1817.158203125,1647281
2019-08-14 00:00:00+05:30,1801.9976728946383,1832.360064125577,1790.6787425540015,1821.2476806640625,1945002
2019-08-16 00:00:00+05:30,1851.8167595284838,1851.8167595284838,1770.7265293039777,1788.77880859375,3755507
2019-08-19 00:00:00+05:30,1801.088397642886,1806.045521673096,1782.6643796560945,1787.043212890625,974884
2019-08-20 00:00:00+05:30,1794.4795041335599,1821.7436954947052,1789.9354722400358,1806.665771484375,1843611
2019-08-21 00:00:00+05:30,1805.1782032019937,1819.2647393679838,1802.9475374594836,1806.2109375,1214408
2019-08-22 00:00:00+05:30,1806.8719844336115,1847.0659238896485,1792.8267975404376,1830.8314208984375,2131601
2019-08-23 00:00:00+05:30,1829.9642063594556,1867.1012990863662,1829.0966690277962,1857.0218505859375,2826425
2019-08-26 00:00:00+05:30,1856.4433008266546,1885.3598631448267,1838.2671759409463,1880.650634765625,2345475
2019-08-27 00:00:00+05:30,1875.4448479068858,1879.4519363039162,1841.5711744424882,1847.767578125,3432106
2019-08-28 00:00:00+05:30,1850.6604122474043,1860.6985119260873,1830.8319078304678,1850.040771484375,1294621
2019-08-29 00:00:00+05:30,1835.9536823484223,1857.4345557126244,1835.9536823484223,1845.248291015625,1670652
2019-08-30 00:00:00+05:30,1851.4858618641254,1872.1405457314181,1832.483552706216,1866.85302734375,2583625
2019-09-03 00:00:00+05:30,1875.445912271156,1897.091987745604,1848.1403708724472,1860.244140625,2545060
2019-09-04 00:00:00+05:30,1871.3154324411953,1875.446371585657,1844.8774219166398,1855.1220703125,2228092
2019-09-05 00:00:00+05:30,1852.4782777830733,1861.9380879202065,1823.6444037323859,1830.25390625,2055943
2019-09-06 00:00:00+05:30,1830.831588630546,1845.2898705804714,1811.4988808770229,1815.547119140625,1890550
2019-09-09 00:00:00+05:30,1817.6130086342018,1819.9677243505098,1800.9240568052128,1803.4439697265625,1703945
2019-09-11 00:00:00+05:30,1806.0461584461323,1813.481847113111,1773.4530967970688,1779.608154296875,2627440
2019-09-12 00:00:00+05:30,1780.4338699445466,1788.695744051018,1751.8065568479883,1762.7535400390625,2118859
2019-09-13 00:00:00+05:30,1763.9102590698024,1782.8712212792739,1747.8409530227407,1769.6522216796875,2291174
2019-09-16 00:00:00+05:30,1784.523503121526,1795.6356837389635,1756.8048744411801,1776.302978515625,2597948
2019-09-17 00:00:00+05:30,1780.392683258006,1781.7146639184555,1739.6204518327272,1753.706787109375,2796530
2019-09-18 00:00:00+05:30,1756.8047201390575,1770.4781612766978,1745.8577376282956,1766.843017578125,1454663
2019-09-19 00:00:00+05:30,1763.9100249524165,1764.5710151858502,1727.5577808784556,1736.6044921875,1652691
2019-09-20 00:00:00+05:30,1739.0416587603877,1759.2832486774132,1699.4673656866014,1706.4486083984375,6941979
2019-09-23 00:00:00+05:30,1734.1677210203522,1734.1677210203522,1631.7204616556435,1665.428955078125,6323401
2019-09-24 00:00:00+05:30,1664.7676932704373,1702.7723155485714,1663.1153183887793,1689.305419921875,4620978
2019-09-25 00:00:00+05:30,1706.0769954517564,1728.3840554407138,1701.987408128296,1725.4510498046875,4002232
2019-09-26 00:00:00+05:30,1733.2581022266413,1740.7764866720229,1704.4242486969072,1724.74853515625,4234281
2019-09-27 00:00:00+05:30,1722.6008476025263,1722.7660447527187,1694.840868368865,1698.7652587890625,2046795
2019-09-30 00:00:00+05:30,1703.4747246996926,1738.2984460617627,1701.9461971897488,1734.4154052734375,2620039
2019-10-01 00:00:00+05:30,1731.6476573478951,1731.6476573478951,1685.1746102833129,1701.9049072265625,3342877
2019-10-03 00:00:00+05:30,1710.2080376746223,1719.4199471468776,1690.5034869763547,1702.1527099609375,2317618
2019-10-04 00:00:00+05:30,1702.4418474838428,1725.0379519878234,1697.773767621887,1717.932861328125,2163251
2019-10-07 00:00:00+05:30,1718.4699534860652,1730.4496719118092,1686.2486418582014,1691.7840576171875,2177916
2019-10-09 00:00:00+05:30,1701.946099680947,1701.946099680947,1665.1807591781305,1668.981201171875,2066920
2019-10-10 00:00:00+05:30,1675.508269868787,1684.6376821932333,1649.9790556454589,1656.051513671875,2881452
2019-10-11 00:00:00+05:30,1595.3679496076343,1648.243945865992,1590.4108249584133,1641.510498046875,12593069
2019-10-14 00:00:00+05:30,1648.2439795960772,1679.4325561523438,1625.936918218085,1669.724853515625,3510704
2019-10-15 00:00:00+05:30,1678.8129385300824,1691.2057505763182,1671.1293547202313,1683.1917724609375,2261310
2019-10-16 00:00:00+05:30,1683.7704526974862,1698.641830591772,1665.5943241600255,1690.71044921875,3034082
2019-10-17 00:00:00+05:30,1701.3537844712878,1721.6281096089795,1688.9358015726718,1715.6724853515625,3818774
2019-10-18 00:00:00+05:30,1721.206089014165,1743.507768848983,1710.6465424557957,1737.9747314453125,3087901
2019-10-22 00:00:00+05:30,1757.1083199425318,1783.7183738262768,1723.3600547572435,1732.947998046875,5552505
2019-10-23 00:00:00+05:30,1740.2132872122493,1760.3609847087134,1733.877559224826,1748.7454833984375,2348134
2019-10-24 00:00:00+05:30,1760.4872566098554,1773.158709992364,1741.3111650725464,1758.7977294921875,2798671
2019-10-25 00:00:00+05:30,1768.9350510897834,1799.3465419394645,1752.9268214601893,1795.0804443359375,3954245
2019-10-27 00:00:00+05:30,1798.5020005407396,1798.5020005407396,1781.437814259179,1787.2666015625,224405
2019-10-29 00:00:00+05:30,1792.1661404770978,1859.916146113747,1792.1661404770978,1854.129638671875,5064173
2019-10-30 00:00:00+05:30,1879.5989059946992,1909.1656303586608,1838.9236234018613,1903.0833740234375,5195136
2019-10-31 00:00:00+05:30,1900.7181046687965,1930.2425513130956,1889.7361778418212,1917.317626953125,4879261
2019-11-01 00:00:00+05:30,1912.5452798848482,1921.8376818630875,1854.256576566803,1859.2406005859375,4172620
2019-11-04 00:00:00+05:30,1864.393470135323,1883.1471828685205,1842.345055255302,1853.3692626953125,2646411
2019-11-05 00:00:00+05:30,1855.945904256652,1867.7725964094027,1832.2925199511508,1860.0430908203125,2693475
2019-11-06 00:00:00+05:30,1858.480040820625,1867.6035295419697,1840.740004067337,1848.7652587890625,2540719
2019-11-07 00:00:00+05:30,1862.2812656333895,1862.2812656333895,1837.5296521088892,1846.1041259765625,1915598
2019-11-08 00:00:00+05:30,1849.694722979477,1849.694722979477,1794.2781404758562,1799.304443359375,2788759
2019-11-11 00:00:00+05:30,1803.5701478277067,1806.949201968836,1766.4005522752855,1774.805908203125,2983768
2019-11-13 00:00:00+05:30,1789.209579241257,1844.7950738955647,1789.209579241257,1840.40234375,3823365
2019-11-14 00:00:00+05:30,1847.9205121574093,1858.4800579411658,1813.4541134710018,1855.77685546875,2995915
2019-11-15 00:00:00+05:30,1855.1011843310318,1868.1950223807273,1832.0813722759224,1836.896484375,2724180
2019-11-18 00:00:00+05:30,1840.233092136787,1848.1317149301638,1815.1859318734726,1818.4383544921875,1611089
2019-11-19 00:00:00+05:30,1818.7756355464944,1820.1694126871557,1778.226991558463,1781.4371337890625,2975313
2019-11-20 00:00:00+05:30,1792.5461908748468,1803.5703977863564,1769.357469865819,1781.2264404296875,2894129
2019-11-21 00:00:00+05:30,1784.1408046208865,1796.4744362401884,1780.2548093871003,1789.2939453125,2052574
2019-11-22 00:00:00+05:30,1771.469239659318,1779.916875518447,1740.6353687734977,1750.0966796875,3742049
2019-11-25 00:00:00+05:30,1752.504665651689,1761.2901260892618,1733.6241134844977,1758.375732421875,2737010
2019-11-26 00:00:00+05:30,1765.4293984690967,1772.2295808664776,1719.1363091478993,1728.935546875,6561580
2019-11-27 00:00:00+05:30,1733.455439375272,1750.0972461561269,1728.8515175900789,1735.3984375,2907521
2019-11-28 00:00:00+05:30,1746.1684016982956,1769.2725592522634,1740.2127778849867,1754.8695068359375,2924429
2019-11-29 00:00:00+05:30,1761.3321085973646,1761.3321085973646,1728.2174166767545,1734.5108642578125,2064271
2019-12-02 00:00:00+05:30,1740.2135700411961,1746.718210583891,1703.0439598073065,1707.31005859375,3809860
2019-12-03 00:00:00+05:30,1712.927074704648,1741.9025068278431,1697.9748005450847,1732.610107421875,4664774
2019-12-04 00:00:00+05:30,1734.2998347572618,1758.797981473268,1727.9641071582948,1755.84130859375,3334301
2019-12-05 00:00:00+05:30,1759.6428228377881,1796.6435148974879,1747.2671168778966,1791.997314453125,3902721
2019-12-06 00:00:00+05:30,1794.277886420121,1797.6569408201588,1774.848323619903,1793.9400634765625,1829461
2019-12-09 00:00:00+05:30,1797.6149354840888,1797.6149354840888,1734.7223171220257,1740.5933837890625,2244747
2019-12-10 00:00:00+05:30,1740.212947003648,1740.9310785316206,1692.272614604397,1700.38232421875,4520045
2019-12-11 00:00:00+05:30,1710.9847362063906,1730.0763787461713,1695.229869652773,1724.92333984375,4943024
2019-12-12 00:00:00+05:30,1732.6947851378468,1760.1916766370634,1676.0110623765456,1707.182861328125,7137306
2019-12-13 00:00:00+05:30,1708.9568295135223,1754.9118886510507,1695.440611385882,1749.7166748046875,5711133
2019-12-16 00:00:00+05:30,1770.6247125528976,1804.4152605023803,1757.361963730953,1796.6011962890625,5574177
2019-12-17 00:00:00+05:30,1796.3896116890242,1832.2920610173965,1790.0538853369585,1828.8707275390625,6059673
2019-12-18 00:00:00+05:30,1836.5163455682016,1861.394596121713,1818.7763072715445,1831.236572265625,8251081
2019-12-19 00:00:00+05:30,1841.4157775161148,1889.3138334540502,1831.0674231857718,1883.0203857421875,6251505
2019-12-20 00:00:00+05:30,1875.3754630149288,1897.930613146204,1865.4494892805028,1877.8251953125,5548338
2019-12-23 00:00:00+05:30,1866.9270984722423,1893.9172476295446,1866.9270984722423,1885.2584228515625,2247329
2019-12-24 00:00:00+05:30,1891.4258344097223,1895.2695503102766,1867.8990839863793,1871.658447265625,1805896
2019-12-26 00:00:00+05:30,1872.3341131023308,1882.9782178260634,1854.4251645713227,1860.1273193359375,1880367
2019-12-27 00:00:00+05:30,1865.238267924153,1880.7818376603982,1838.2058292585855,1857.2130126953125,2720261
2019-12-30 00:00:00+05:30,1864.393256632709,1879.5990013628352,1839.134907605222,1844.287841796875,2288830
2019-12-31 00:00:00+05:30,1849.1877001211724,1855.945809577988,1822.535364702629,1826.1256103515625,1909289
2020-01-01 00:00:00+05:30,1831.4475641691322,1844.8792234947725,1819.620873256601,1831.1097412109375,1354908
2020-01-02 00:00:00+05:30,1841.5423711167566,1841.5423711167566,1815.5658903808576,1822.7041015625,2380752
2020-01-03 00:00:00+05:30,1828.0687873854736,1877.9098495184417,1828.0687873854736,1859.029296875,4655761
2020-01-06 00:00:00+05:30,1862.704190194144,1880.4019506622685,1848.2586466308671,1858.8604736328125,3023209
2020-01-07 00:00:00+05:30,1858.9021854561104,1870.8555071515375,1844.7946754672855,1863.4217529296875,2429317
2020-01-08 00:00:00+05:30,1862.7038253515234,1909.1658255303596,1860.2118138628832,1905.1531982421875,5197454
2020-01-09 00:00:00+05:30,1899.6624511520313,1902.3656538587488,1866.927856385098,1870.6026611328125,3734173
2020-01-10 00:00:00+05:30,1882.1334293476755,1887.2020112938542,1865.2381561937466,1869.9266357421875,1915807
2020-01-13 00:00:00+05:30,1873.5591251455692,1874.4882414067179,1845.5550866799636,1850.328125,2843893
2020-01-14 00:00:00+05:30,1854.2558686014722,1883.6536794293395,1854.2558686014722,1864.3084716796875,2948452
2020-01-15 00:00:00+05:30,1869.462211866579,1884.667959635941,1853.5806118370147,1881.204345703125,2620681
2020-01-16 00:00:00+05:30,1881.246304532232,1899.8733836234512,1871.151420509535,1891.2568359375,3117214
2020-01-17 00:00:00+05:30,1892.9042862294834,1903.7173029831172,1869.462093239249,1874.615234375,3281059
2020-01-20 00:00:00+05:30,1854.1713969393252,1894.1287533168495,1821.4790894453859,1833.4326171875,5817599
2020-01-21 00:00:00+05:30,1833.0948474072118,1847.1180065421472,1823.0422424339051,1834.024169921875,1902980
2020-01-22 00:00:00+05:30,1842.4291796901189,1866.9273210064937,1836.2623649381242,1864.3084716796875,1773686
2020-01-23 00:00:00+05:30,1870.9976335544377,1877.728713064251,1848.8991541122455,1855.03759765625,2069866
2020-01-24 00:00:00+05:30,1855.0375086709391,1855.0375086709391,1837.2995657262059,1848.64501953125,1319430
2020-01-27 00:00:00+05:30,1853.9789063363385,1857.1539627613251,1833.0659093589736,1836.664306640625,1549101
2020-01-28 00:00:00+05:30,1840.6868662126146,1852.371120412717,1822.059860206783,1848.9420166015625,1743024
2020-01-29 00:00:00+05:30,1849.99978697468,1851.6507751909637,1820.3659231100971,1824.2607421875,2306761
2020-01-30 00:00:00+05:30,1828.8330241962835,1833.0664339745156,1799.1991557486585,1810.0791015625,2098567
2020-01-31 00:00:00+05:30,1811.3911966562785,1815.582437480852,1753.9863284914206,1760.2940673828125,3287223
2020-02-03 00:00:00+05:30,1822.0595603262486,1858.212838327261,1772.2746202170779,1780.1488037109375,4728073
2020-02-04 00:00:00+05:30,1802.5858634267324,1809.105273070461,1766.6866315922948,1784.5938720703125,3509339
2020-02-05 00:00:00+05:30,1790.7322131522592,1826.038806934932,1781.6727581912035,1817.445068359375,2439322
2020-02-06 00:00:00+05:30,1816.132447501767,1840.8555145361304,1791.155334587407,1802.0352783203125,2640065
2020-02-07 00:00:00+05:30,1811.053089657787,1821.2132752940158,1794.119446930739,1808.978759765625,2083442
2020-02-10 00:00:00+05:30,1812.6615540821042,1834.7600387088164,1794.1192995034526,1830.4842529296875,2383032
2020-02-11 00:00:00+05:30,1831.3727348059472,1841.363621395502,1818.3339177597068,1823.2445068359375,1335820
2020-02-12 00:00:00+05:30,1821.2975970774796,1850.0000320534737,1820.3661642631434,1837.934814453125,1620407
2020-02-13 00:00:00+05:30,1839.7975638924138,1860.160306817816,1838.146575376185,1855.884521484375,1645948
2020-02-14 00:00:00+05:30,1852.5400645147372,1872.8604308531073,1838.146471691725,1849.3226318359375,1500115
2020-02-17 00:00:00+05:30,1860.1177669617614,1877.0937804725618,1854.4026641118787,1865.451904296875,1774724
2020-02-18 00:00:00+05:30,1862.6579063678857,1880.4806026788863,1850.8891099984337,1876.0355224609375,2486223
2020-02-19 00:00:00+05:30,1876.0355325135474,1888.1007503126302,1854.6568132555233,1859.6099853515625,1760463
2020-02-20 00:00:00+05:30,1866.510219822774,1874.8922878199871,1821.424409341684,1826.12353515625,2317278
2020-02-24 00:00:00+05:30,1825.4463483876807,1844.8776584815464,1783.7048854430448,1791.02880859375,3092877
2020-02-25 00:00:00+05:30,1791.1553435734675,1842.9298528346367,1787.3452754826708,1825.5728759765625,2674567
2020-02-26 00:00:00+05:30,1823.75321288174,1832.1352828476774,1788.996871916445,1798.01416015625,2686842
2020-02-27 00:00:00+05:30,1794.9232326807135,1794.9232326807135,1766.347718872245,1782.688720703125,2349001
2020-02-28 00:00:00+05:30,1750.938317920366,1752.2083408782385,1684.8971241109905,1693.490966796875,4298076
2020-03-02 00:00:00+05:30,1722.9977395064852,1739.042320849433,1681.2562787259355,1694.464599609375,2667076
2020-03-03 00:00:00+05:30,1710.297587309771,1744.1648662664002,1703.524131518445,1724.0137939453125,2757585
2020-03-04 00:00:00+05:30,1740.7782732652297,1773.3331563431036,1714.5311300399271,1763.8079833984375,3237002
2020-03-05 00:00:00+05:30,1765.9241992291952,1818.460846567837,1764.527256934808,1799.2412109375,3937056
2020-03-06 00:00:00+05:30,1776.338962408376,1798.0562745700408,1753.9866387015222,1791.960205078125,2595027
2020-03-09 00:00:00+05:30,1756.8646626509028,1761.0133206162882,1638.3292155322877,1669.9527587890625,4940975
2020-03-11 00:00:00+05:30,1636.6360798789856,1682.6109474688976,1625.6292153997167,1654.162353515625,6796449
2020-03-12 00:00:00+05:30,1612.0825334233741,1615.8079549068545,1488.7632790375558,1498.5001220703125,8728786
2020-03-13 00:00:00+05:30,1429.1145277232897,1540.961196063312,1275.1454310842842,1529.3616943359375,8029720
2020-03-16 00:00:00+05:30,1485.9266945620784,1559.7996883515607,1418.911803307323,1436.3111572265625,7844271
2020-03-17 00:00:00+05:30,1464.7599352570867,1465.606617300588,1374.2919795799312,1403.798828125,5713248
2020-03-18 00:00:00+05:30,1419.7163063179903,1450.831867349641,1378.18651617059,1400.7506103515625,7258778
2020-03-19 00:00:00+05:30,1330.218221032929,1437.4663755059796,1319.1736217192135,1395.590576171875,5135111
2020-03-20 00:00:00+05:30,1390.175175606175,1594.0106768146877,1387.616570988495,1532.9879150390625,8547498
2020-03-23 00:00:00+05:30,1381.6460740177313,1492.5189071179195,1379.727121137151,1424.0335693359375,7003490
2020-03-24 00:00:00+05:30,1409.8335869151078,1509.5764647953495,1392.605589653216,1452.562255859375,6350865
2020-03-25 00:00:00+05:30,1449.875955977972,1543.6914590118408,1432.8185917899957,1492.7752685546875,2765520
2020-03-26 00:00:00+05:30,1562.1130762640564,1562.496929346754,1469.1078792643561,1527.4439697265625,4556067
2020-03-27 00:00:00+05:30,1552.2200766155968,1577.8061218345351,1492.8604725296366,1556.0579833984375,4331250
2020-03-30 00:00:00+05:30,1506.165076400847,1624.7137432296793,1504.075591183426,1516.825927734375,8513547
2020-03-31 00:00:00+05:30,1567.06005977672,1582.070519354004,1518.105404016241,1557.422607421875,3927593
2020-04-01 00:00:00+05:30,1557.2518985366332,1564.7997604671498,1451.581519179773,1457.33837890625,4941878
2020-04-03 00:00:00+05:30,1483.9908388965528,1483.9908388965528,1407.2326920570758,1410.814697265625,5735369
2020-04-07 00:00:00+05:30,1458.4046313279796,1523.0946638897606,1454.1402903007047,1514.0115966796875,5427577
2020-04-08 00:00:00+05:30,1501.0479244002204,1540.2798587879533,1450.7287042072585,1454.52392578125,6285615
2020-04-09 00:00:00+05:30,1492.9031195012265,1517.0820165904265,1476.4854064262772,1506.293212890625,5307397
2020-04-13 00:00:00+05:30,1501.9008444899505,1524.0754168674284,1489.1078219644824,1500.4083251953125,2990438
2020-04-15 00:00:00+05:30,1522.3697061328662,1545.3971470659685,1473.585687725952,1479.854248046875,4761399
2020-04-16 00:00:00+05:30,1458.362117314267,1505.22729316642,1428.5970967408803,1463.564697265625,6245533
2020-04-17 00:00:00+05:30,1535.1626984690183,1579.4691580392125,1495.0778946756607,1540.450439453125,9895823
2020-04-20 00:00:00+05:30,1560.7483900431866,1560.7483900431866,1537.2945207939038,1551.068359375,3244282
2020-04-21 00:00:00+05:30,1505.312498660855,1530.557378666276,1473.5004705012875,1481.986572265625,5122541
2020-04-22 00:00:00+05:30,1481.9860777915214,1526.6336960696879,1466.208020038846,1509.14990234375,3829836
2020-04-23 00:00:00+05:30,1518.1053595642554,1620.449541107913,1501.7729131042697,1601.899658203125,5934366
2020-04-24 00:00:00+05:30,1569.8742209031711,1579.4689867279417,1541.8149445790734,1550.9832763671875,2987102
2020-04-27 00:00:00+05:30,1562.7101712534297,1599.1275953816398,1556.4841928381295,1566.37744140625,3374741
2020-04-28 00:00:00+05:30,1590.5989373930765,1593.1575415819125,1562.965991331673,1585.5244140625,2678505
2020-04-29 00:00:00+05:30,1598.2750111219048,1631.1531219647657,1577.8488593206253,1625.268310546875,4241510
2020-04-30 00:00:00+05:30,1688.678914924604,1733.0280581448462,1656.4404576320915,1718.0601806640625,5915544
2020-05-04 00:00:00+05:30,1676.738816507597,1676.738816507597,1632.0911887821817,1646.4193115234375,3729348
2020-05-05 00:00:00+05:30,1667.4421940763468,1686.120023965003,1643.4766242693781,1648.380615234375,2905528
2020-05-06 00:00:00+05:30,1654.3936646178984,1666.2484485118362,1614.9910939648391,1623.519775390625,3517431
2020-05-07 00:00:00+05:30,1628.9783586468518,1649.8309457300752,1606.2493989463712,1613.3282470703125,3166754
2020-05-08 00:00:00+05:30,1653.7968390169467,1654.1380071464064,1608.7227718380557,1614.82080078125,2686530
2020-05-11 00:00:00+05:30,1628.1253119564062,1664.286942640589,1628.1253119564062,1650.5557861328125,2449841
2020-05-12 00:00:00+05:30,1648.9354681998118,1668.636703628184,1629.1915477156854,1662.6666259765625,3256595
2020-05-13 00:00:00+05:30,1700.6188660787916,1700.6188660787916,1642.3253565615048,1662.794189453125,2656665
2020-05-14 00:00:00+05:30,1628.9781976457855,1640.1507498024264,1612.8589684806122,1622.4537353515625,2263146
2020-05-15 00:00:00+05:30,1634.0955223237638,1635.2895586630975,1590.7697747643338,1614.394287109375,3173682
2020-05-18 00:00:00+05:30,1626.4194013748595,1665.6086473518733,1596.6542850584005,1659.340087890625,3727694
2020-05-19 00:00:00+05:30,1623.008195965995,1677.1226419910054,1623.008195965995,1661.941650390625,3198693
2020-05-20 00:00:00+05:30,1663.0929034695375,1674.0949234990817,1647.4853745776397,1666.1632080078125,2778505
2020-05-21 00:00:00+05:30,1659.6813596936227,1704.0305018848192,1655.5449701381501,1698.23095703125,3400908
2020-05-22 00:00:00+05:30,1686.2057346904603,1733.0282207279727,1672.6877942434726,1723.09228515625,3663418
2020-05-26 00:00:00+05:30,1718.5293090631835,1726.2051223542846,1641.7711761521728,1657.122802734375,4575317
2020-05-27 00:00:00+05:30,1670.7687536775409,1714.2650305726681,1655.6303435816876,1710.256591796875,3482160
2020-05-28 00:00:00+05:30,1695.9280858001468,1717.676220669598,1681.2587972576403,1709.4034423828125,3475681
2020-05-29 00:00:00+05:30,1690.3846171413618,1707.9963646757335,1673.6684227786902,1682.1544189453125,7237735
2020-06-01 00:00:00+05:30,1697.2077659697393,1756.908541657117,1689.6172179532232,1744.3287353515625,3747773
2020-06-02 00:00:00+05:30,1757.0790866911973,1774.818787528131,1739.893875135914,1745.94921875,2443886
2020-06-03 00:00:00+05:30,1755.1010412908217,1765.2799188894492,1727.8572676713204,1750.225341796875,3699799
2020-06-04 00:00:00+05:30,1750.7390880419011,1796.287814773662,1750.7390880419011,1789.0599365234375,4048593
2020-06-05 00:00:00+05:30,1789.1025651671957,1794.5768820372575,1745.2217826722788,1752.02197265625,3573289
2020-06-08 00:00:00+05:30,1777.6829840318421,1792.0105143975504,1763.8687621671675,1772.123046875,2957841
2020-06-09 00:00:00+05:30,1764.7244395596292,1792.4385090661528,1762.286537009564,1772.3800048828125,2909439
2020-06-10 00:00:00+05:30,1776.6568682739844,1823.6596875926202,1773.6202449452617,1803.772216796875,5168397
2020-06-11 00:00:00+05:30,1796.2879264299108,1800.5648024452203,1763.612635439315,1768.616455078125,2269513
2020-06-12 00:00:00+05:30,1720.330198680136,1752.8344494443397,1720.1591654424722,1744.537353515625,2842642
2020-06-15 00:00:00+05:30,1744.1955820959836,1761.217569777895,1711.5629967217715,1736.326171875,2399022
2020-06-16 00:00:00+05:30,1766.3495514760434,1774.0051167245538,1737.2667985703847,1749.9263916015625,2146528
2020-06-17 00:00:00+05:30,1750.0974900536958,1761.0891438440908,1733.4604857880236,1751.63720703125,2703527
2020-06-18 00:00:00+05:30,1749.242197361482,1761.3884828335194,1732.3057274739642,1743.340087890625,1944389
2020-06-19 00:00:00+05:30,1746.6761918050258,1787.7342021902564,1738.122439641436,1748.900146484375,5681758
2020-06-22 00:00:00+05:30,1753.5191458286258,1755.4437400130719,1727.1308420050711,1734.6580810546875,3196138
2020-06-23 00:00:00+05:30,1733.8454129140828,1748.3867903287544,1719.3040354994112,1740.945068359375,4205944
2020-06-24 00:00:00+05:30,1739.8328900299598,1765.7079858625095,1737.7799689815522,1746.846923828125,2560937
2020-06-25 00:00:00+05:30,1740.6884620999253,1762.072841241202,1718.6625515844103,1724.5218505859375,3043931
2020-06-26 00:00:00+05:30,1732.1348174461707,1823.6599658248078,1727.8151308264182,1812.411865234375,6300722
2020-06-29 00:00:00+05:30,1803.1309348426262,1819.89637241849,1788.846210664083,1797.69921875,3076341
2020-06-30 00:00:00+05:30,1796.287817087347,1806.4666978514458,1774.9462488364122,1781.019287109375,3071725
2020-07-01 00:00:00+05:30,1778.9235826385732,1808.2201802900945,1778.7525493821536,1789.487548828125,2503466
2020-07-02 00:00:00+05:30,1797.9985087745308,1851.8871415303802,1794.577008282096,1845.17236328125,3758699
2020-07-03 00:00:00+05:30,1850.7320130639125,1886.1018524232484,1847.8238216314387,1881.5255126953125,4185208
2020-07-06 00:00:00+05:30,1886.1023364232426,1941.6161039716267,1886.1023364232426,1935.8851318359375,5190366
2020-07-07 00:00:00+05:30,1945.978096554884,1969.6719419421845,1909.3251948079387,1941.6156005859375,5630055
2020-07-08 00:00:00+05:30,1941.701199984948,1945.46476635529,1888.3258848925238,1897.991455078125,2793358
2020-07-09 00:00:00+05:30,1906.631178218938,1919.8894928274592,1874.1697335728263,1885.5462646484375,3443998
2020-07-10 00:00:00+05:30,1886.315994989314,1924.4658091088334,1861.2962725753305,1900.9429931640625,9610320
2020-07-13 00:00:00+05:30,1898.9327392578125,1920.2743064304059,1890.3789881800747,1898.9327392578125,2963503
2020-07-14 00:00:00+05:30,1890.3792219625516,1915.1851031557253,1851.8873373524543,1857.8321533203125,2976738
2020-07-15 00:00:00+05:30,1868.9943892680851,1933.1475147578362,1865.6585102753336,1910.8221435546875,5569321
2020-07-16 00:00:00+05:30,1923.7672477608653,2000.0663943966572,1903.2780100810128,1915.8372802734375,8582118
2020-07-17 00:00:00+05:30,1917.7667276403465,1923.6819726733422,1877.516815158558,1886.6898193359375,4509135
2020-07-20 00:00:00+05:30,1886.9042127556434,1909.1080450329634,1878.1598552653604,1892.8194580078125,2952646
2020-07-21 00:00:00+05:30,1911.7654135676592,1919.1809221468156,1887.0324006182116,1907.5218505859375,2665286
2020-07-22 00:00:00+05:30,1912.622749545332,1912.622749545332,1872.5013519350655,1878.2880859375,2861534
2020-07-23 00:00:00+05:30,1878.2882459396003,1878.2882459396003,1854.3269205187987,1861.356689453125,2265766
2020-07-24 00:00:00+05:30,1847.0401758969117,1854.3271758946485,1821.8358125660452,1849.5262451171875,3665100
2020-07-27 00:00:00+05:30,1856.0415333331932,1898.9062338720662,1854.755592317027,1891.87646484375,4248480
2020-07-28 00:00:00+05:30,1898.9059270864338,1988.9217836751814,1898.9059270864338,1980.134521484375,8092319
2020-07-29 00:00:00+05:30,1964.9178157703439,2007.7825150672536,1925.5251989765416,1951.2440185546875,6090431
2020-07-30 00:00:00+05:30,1959.6880131740008,2021.4989861657573,1947.9860353329693,1954.201416015625,7098496
2020-07-31 00:00:00+05:30,1974.4762190998974,2001.6096946504174,1935.2979325667154,1955.830078125,4723290
2020-08-03 00:00:00+05:30,1963.5891772132006,1975.0770434275782,1912.3658561017912,1932.4693603515625,4012337
2020-08-04 00:00:00+05:30,1937.4410699917814,1945.7567779425528,1907.521600268825,1928.65380859375,2927928
2020-08-05 00:00:00+05:30,1937.4840668393174,1971.7758202347036,1931.4830099951248,1937.055419921875,3800641
2020-08-06 00:00:00+05:30,1950.3434612392796,1988.4930366349488,1942.0706595084089,1978.719970703125,4748047
2020-08-07 00:00:00+05:30,1978.63472539273,1995.7806068952666,1960.6315498150666,1967.7900390625,3165491
2020-08-10 00:00:00+05:30,1987.2072203935916,1993.2082775733825,1951.243783869041,1957.030517578125,2929353
2020-08-11 00:00:00+05:30,1957.2020063779185,1982.0635298930124,1950.8581151321068,1954.5443115234375,2774423
2020-08-12 00:00:00+05:30,1961.7880173431674,1968.689063819432,1925.9531007369353,1935.2119140625,3415751
2020-08-13 00:00:00+05:30,1948.62965541133,1971.7765980844958,1929.3405365170252,1932.726806640625,2695682
2020-08-14 00:00:00+05:30,1952.05841996915,1955.744825995158,1914.423297436897,1922.181640625,2270405
2020-08-17 00:00:00+05:30,1940.0564003980098,1946.0574586405135,1918.8383730405856,1931.8262939453125,2625630
2020-08-18 00:00:00+05:30,1939.884379471224,1962.3454343256071,1927.453619839192,1945.842529296875,3493374
2020-08-19 00:00:00+05:30,1951.5006427627159,1958.5733159509784,1931.0541038256486,1934.569091796875,2843005
2020-08-20 00:00:00+05:30,1934.9124224587908,1951.6725608447966,1920.3813320367567,1931.354736328125,2895164
2020-08-21 00:00:00+05:30,1937.4838804872736,1946.9141117639817,1921.2382057388097,1927.7108154296875,1975294
2020-08-24 00:00:00+05:30,1929.4255832141398,1937.4411549681524,1911.7652465439025,1927.2823486328125,2167966
2020-08-25 00:00:00+05:30,1924.6250762310126,1928.911546333977,1914.8091015552836,1922.6103515625,1663419
2020-08-26 00:00:00+05:30,1922.053106517466,1937.3985850661563,1900.1492034301464,1931.9119873046875,2618149
2020-08-27 00:00:00+05:30,1942.6283764517432,1960.931688696689,1921.8389951062204,1927.5399169921875,3579393
2020-08-28 00:00:00+05:30,1944.6849399261782,1954.5867239935553,1916.1372272361205,1919.0948486328125,2941136
2020-08-31 00:00:00+05:30,1920.3382676653007,1951.3722638809109,1910.0507412313793,1935.1265869140625,6018154
2020-09-01 00:00:00+05:30,1945.2000961846745,1952.915742225072,1921.4530941203986,1925.782470703125,3610908
2020-09-02 00:00:00+05:30,1926.3398539176426,1944.9860007012246,1921.7532467358064,1941.899658203125,2084137
2020-09-03 00:00:00+05:30,1944.3424122431506,1992.3508668664383,1944.3424122431506,1971.34716796875,4654146
2020-09-04 00:00:00+05:30,1950.343982751862,1992.565715125721,1940.0135474886533,1962.1746826171875,5231303
2020-09-07 00:00:00+05:30,1962.3458654934739,2009.0683861004613,1957.5022383616697,1994.9659423828125,4620401
2020-09-08 00:00:00+05:30,2002.5958051292062,2049.318326442126,1994.965972524825,2013.09765625,7453998
2020-09-09 00:00:00+05:30,1993.2086012414027,2022.3565979907391,1988.922131131206,1995.4803466796875,3866535
2020-09-10 00:00:00+05:30,2001.7819896862195,2013.3554615751975,1992.6089834565057,1998.4813232421875,2308813
2020-09-11 00:00:00+05:30,1998.3090367829261,2042.9312230662235,1997.6231598500876,2035.3013916015625,4145424
2020-09-14 00:00:00+05:30,2043.8745872710974,2148.164312433573,2041.9456758860927,2135.862060546875,7512131
2020-09-15 00:00:00+05:30,2135.862060546875,2175.812042285307,2112.886750156821,2135.862060546875,7318770
2020-09-16 00:00:00+05:30,2133.761862190042,2149.7505208908246,2123.774470797287,2145.806884765625,3074003
2020-09-17 00:00:00+05:30,2126.0885684010923,2139.5909453979943,2100.8842150603036,2109.757080078125,4828176
2020-09-18 00:00:00+05:30,2130.375278406424,2143.5775203553167,2088.7107123802616,2100.2841796875,4183256
2020-09-21 00:00:00+05:30,2113.2293422503303,2147.4352831776064,2102.2130325473,2113.486572265625,4598809
2020-09-22 00:00:00+05:30,2130.375645817018,2190.3862273893283,2107.228707210555,2162.909912109375,7499613
2020-09-23 00:00:00+05:30,2151.807732018691,2160.252160822618,2065.2210463876595,2115.329833984375,7502280
2020-09-24 00:00:00+05:30,2100.3703196391966,2100.3703196391966,1974.0052665777562,1999.4239501953125,8424708
2020-09-25 00:00:00+05:30,2030.07242378127,2091.7975988286735,2016.441531345095,2076.62353515625,8228267
2020-09-28 00:00:00+05:30,2091.7968852273443,2095.2260604490284,2028.357143626187,2080.052001953125,4347166
2020-09-29 00:00:00+05:30,2087.3821185445845,2152.707871314026,2080.0522139013005,2133.2900390625,6995811
2020-09-30 00:00:00+05:30,2133.804920937642,2147.521625933625,2108.943393132422,2136.634033203125,3917166
2020-10-01 00:00:00+05:30,2151.807574285382,2177.526389914291,2136.6335149243773,2163.338134765625,2610337
2020-10-05 00:00:00+05:30,2246.109679934696,2338.7832202963714,2231.5785923768453,2319.66552734375,17412105
2020-10-06 00:00:00+05:30,2345.5561166791226,2345.5561166791226,2271.91465419209,2326.952880859375,9846367
2020-10-07 00:00:00+05:30,2350.700342865016,2374.7045768548846,2317.2658740934125,2345.513671875,9656101
2020-10-08 00:00:00+05:30,2400.4224271381877,2473.2923936763113,2400.4224271381877,2422.454833984375,19839329
2020-10-09 00:00:00+05:30,2408.996658781065,2426.0140320658993,2383.277833242477,2411.525634765625,7739245
2020-10-12 00:00:00+05:30,2413.71059781671,2446.716407802838,2401.0655147700763,2426.141357421875,4623203
2020-10-13 00:00:00+05:30,2439.001358145839,2447.488484775687,2410.882073914188,2423.184326171875,4209878
2020-10-14 00:00:00+05:30,2446.817026444454,2446.817026444454,2399.9383960375526,2418.92236328125,4395936
2020-10-15 00:00:00+05:30,2420.1278198971663,2434.5487167250844,2347.8080984914877,2359.51708984375,6629355
2020-10-16 00:00:00+05:30,2367.696304451943,2386.2495901900656,2351.5104186466215,2379.060791015625,5273773
2020-10-19 00:00:00+05:30,2388.2730712233697,2388.2730712233697,2330.245179453124,2334.5068359375,3331194
2020-10-20 00:00:00+05:30,2346.0861178200016,2376.1331550317245,2340.0163850913345,2358.139404296875,3406273
2020-10-21 00:00:00+05:30,2358.139001653338,2366.748490523923,2292.7499757197616,2303.382568359375,4570143
2020-10-22 00:00:00+05:30,2290.9850853164644,2313.068341126068,2271.2694390463653,2299.7236328125,5262294
2020-10-23 00:00:00+05:30,2314.0582144204395,2326.283645277163,2298.819462779678,2313.197265625,3499091
2020-10-26 00:00:00+05:30,2315.9104698312344,2333.129455402489,2299.1650484017287,2314.40380859375,2672752
2020-10-27 00:00:00+05:30,2324.3474370965296,2340.1888171708038,2259.2167188339877,2264.42529296875,3537502
2020-10-28 00:00:00+05:30,2281.51523886482,2286.6378442493988,2243.633476408196,2257.580810546875,3569445
2020-10-29 00:00:00+05:30,2245.355324800289,2285.8199337978403,2238.6829690613313,2266.57763671875,3105968
2020-10-30 00:00:00+05:30,2269.548006346375,2302.4793094178826,2257.064244397699,2294.30029296875,3427003
2020-11-02 00:00:00+05:30,2290.1247211167292,2294.300408538687,2238.5108620158076,2242.42822265625,2571196
2020-11-03 00:00:00+05:30,2241.9113317918805,2294.429223972873,2239.3715741265737,2267.3955078125,2879269
2020-11-04 00:00:00+05:30,2247.07694053225,2343.374172424832,2247.07694053225,2284.226806640625,4893928
2020-11-05 00:00:00+05:30,2311.648598302624,2333.172328268198,2296.151512727411,2312.251220703125,2816502
2020-11-06 00:00:00+05:30,2323.701828135349,2335.9703539044963,2308.4630697448365,2330.976806640625,3884421
2020-11-09 00:00:00+05:30,2351.3383826266763,2362.4445429387883,2320.3442122382667,2347.464111328125,3646592
2020-11-10 00:00:00+05:30,2322.151950901146,2335.884047483179,2271.48522072707,2281.1708984375,4760020
2020-11-11 00:00:00+05:30,2296.968673282051,2318.3633384328473,2275.8323348507474,2314.05859375,3242441
2020-11-12 00:00:00+05:30,2312.5095763759664,2335.7552050290383,2291.6315580486703,2299.638427734375,2437505
2020-11-13 00:00:00+05:30,2286.465225572201,2294.342824565467,2269.461483425895,2287.412353515625,2548093
2020-11-14 00:00:00+05:30,2305.578731949253,2315.092262085982,2290.167826256389,2299.03564453125,298819
2020-11-17 00:00:00+05:30,2320.257191276193,2320.257191276193,2281.557581831274,2295.332763671875,2827273
2020-11-18 00:00:00+05:30,2290.985798174845,2293.7407935486212,2244.5376313401994,2261.412109375,2893762
2020-11-19 00:00:00+05:30,2270.322507101827,2304.0285762872095,2265.027754842633,2270.236328125,4167501
2020-11-20 00:00:00+05:30,2285.819373656435,2303.899300905695,2262.1863679334238,2290.33935546875,2711471
2020-11-23 00:00:00+05:30,2315.953407116064,2350.3913759951133,2294.429676566658,2345.44091796875,3706418
2020-11-24 00:00:00+05:30,2354.178490797551,2361.582735108615,2328.866678260592,2343.5458984375,3120516
2020-11-25 00:00:00+05:30,2349.530133195957,2352.930840159304,2314.403367289931,2325.681884765625,3302249
2020-11-26 00:00:00+05:30,2312.5091741629126,2351.2087923546983,2307.34347980514,2342.298095703125,2341099
2020-11-27 00:00:00+05:30,2328.867134250973,2339.80114493148,2297.916058553336,2307.0419921875,6086808
2020-12-01 00:00:00+05:30,2306.482818250165,2355.4707417723644,2259.5179991546897,2347.63623046875,3605017
2020-12-02 00:00:00+05:30,2340.9201361692967,2371.6559708726813,2326.6713893666697,2367.22216796875,2509032
2020-12-03 00:00:00+05:30,2388.1866135317773,2388.1866135317773,2325.2513607241167,2332.698486328125,2852548
2020-12-04 00:00:00+05:30,2333.8605983467037,2358.010259908781,2323.7013580772364,2348.281494140625,2686527
2020-12-07 00:00:00+05:30,2337.477003632815,2362.4445296384692,2329.8575193781594,2357.0205078125,1996400
2020-12-08 00:00:00+05:30,2359.0001030744193,2415.4353483087552,2352.4998965183013,2408.33251953125,4277818
2020-12-09 00:00:00+05:30,2423.5719992908907,2445.0957293023553,2404.7601751838006,2419.9560546875,3659996
2020-12-10 00:00:00+05:30,2426.154073486651,2434.1609405370345,2393.6532515299014,2397.14013671875,2127801
2020-12-11 00:00:00+05:30,2404.372596916649,2417.286833886007,2380.1369629478827,2396.5380859375,1795408
2020-12-14 00:00:00+05:30,2412.379613764411,2414.1015121325513,2372.991188593204,2408.677490234375,2483658
2020-12-15 00:00:00+05:30,2398.603871576667,2406.094085705665,2371.914453048714,2377.5537109375,2365509
2020-12-16 00:00:00+05:30,2392.5776885897876,2427.7044559591814,2376.6070398138168,2422.883056640625,2565149
2020-12-17 00:00:00+05:30,2420.127639390992,2456.890119658406,2414.9619453901573,2443.54541015625,2863460
2020-12-18 00:00:00+05:30,2469.2014469918736,2495.029914010617,2450.432718919733,2463.1748046875,6076692
2020-12-21 00:00:00+05:30,2463.1749760676994,2485.1291745611375,2397.7428550676486,2428.005126953125,2705195
2020-12-22 00:00:00+05:30,2439.929633104874,2482.6756698053955,2426.713980972715,2473.076171875,2881737
2020-12-23 00:00:00+05:30,2476.1326515629303,2513.110372629727,2467.006507208422,2504.28564453125,2790988
2020-12-24 00:00:00+05:30,2504.5008298439716,2515.1336348727555,2482.288301930581,2504.80224609375,1807144
2020-12-28 00:00:00+05:30,2505.361638000797,2539.5412719171272,2498.474045868836,2522.06396484375,2108994
2020-12-29 00:00:00+05:30,2513.971751834158,2541.522127196724,2513.971751834158,2523.01171875,1994151
2020-12-30 00:00:00+05:30,2526.368973799279,2537.819638953184,2498.4743068283597,2504.75927734375,2637968
2020-12-31 00:00:00+05:30,2496.7522367724437,2501.056982008258,2449.4000391784834,2464.681884765625,4040956
2021-01-01 00:00:00+05:30,2479.5329441646036,2531.189880501366,2478.671995225657,2521.07373046875,2681440
2021-01-04 00:00:00+05:30,2539.799673675922,2626.540289649769,2532.008042807982,2616.8115234375,5113293
2021-01-05 00:00:00+05:30,2616.940690227785,2681.2104496331494,2616.940690227785,2662.915283203125,5801309
2021-01-06 00:00:00+05:30,2668.942064225586,2680.564876440762,2614.8744216601654,2627.18603515625,3726716
2021-01-07 00:00:00+05:30,2647.418435112393,2652.4550713343,2583.062491039336,2611.08642578125,3717827
2021-01-08 00:00:00+05:30,2660.3330330435106,2693.049102705534,2634.504556994544,2686.936279296875,5879039
2021-01-11 00:00:00+05:30,2780.865584960239,2780.865584960239,2709.019424811484,2734.76171875,9508039
2021-01-12 00:00:00+05:30,2734.7619140231536,2763.6468003456735,2711.9898508065016,2733.384521484375,3611458
2021-01-13 00:00:00+05:30,2733.5138339658242,2735.2357324439126,2691.542558562412,2719.695556640625,3572801
2021-01-14 00:00:00+05:30,2721.463363847344,2817.641863076815,2691.617754288858,2804.012939453125,6931542
2021-01-15 00:00:00+05:30,2790.4703041468,2824.1112135321864,2768.905618643347,2789.047119140625,4131692
2021-01-18 00:00:00+05:30,2803.4091101982617,2809.231575273289,2749.411053561698,2779.041015625,4160906
2021-01-19 00:00:00+05:30,2788.745285260134,2828.4243088054377,2787.882697791758,2812.638916015625,2975735
2021-01-20 00:00:00+05:30,2820.660959377902,2870.647859949267,2818.1595400118395,2854.12939453125,3453446
2021-01-21 00:00:00+05:30,2850.851694185324,2854.431348081658,2813.8467745856074,2823.982177734375,2778546
2021-01-22 00:00:00+05:30,2796.422126882678,2868.1032271116046,2796.422126882678,2849.212646484375,3052459
2021-01-25 00:00:00+05:30,2854.2587642828466,2880.8696719465147,2828.1223218457994,2839.0341796875,2272887
2021-01-27 00:00:00+05:30,2846.539152001297,2852.102800043491,2783.570255608541,2812.94140625,2786662
2021-01-28 00:00:00+05:30,2786.157216463153,2824.9736482714634,2746.3057219251455,2757.3037109375,3083938
2021-01-29 00:00:00+05:30,2768.9483581222516,2774.813993782562,2674.0205852281333,2683.81103515625,5445659
2021-02-01 00:00:00+05:30,2674.020968399952,2730.089149995435,2625.8024164648887,2707.9638671875,3985846
2021-02-02 00:00:00+05:30,2737.852699851867,2780.9820744557087,2717.150600042023,2763.255859375,2881837
2021-02-03 00:00:00+05:30,2771.4934633514413,2791.332974604813,2728.062101218418,2760.322998046875,2505866
2021-02-04 00:00:00+05:30,2774.1243922298722,2792.9288406332607,2739.5777229687446,2750.31689453125,2057261
2021-02-05 00:00:00+05:30,2759.3738955726767,2765.3258749331653,2699.035949619647,2724.0078125,2366135
2021-02-08 00:00:00+05:30,2751.2224052207093,2782.706844095316,2721.5924449468753,2772.442138671875,2526592
2021-02-09 00:00:00+05:30,2755.9666755606227,2799.7861565268718,2729.226466814964,2740.353759765625,2658751
2021-02-10 00:00:00+05:30,2747.3414151555307,2777.014343377286,2723.4477815441405,2771.752685546875,2127983
2021-02-11 00:00:00+05:30,2773.2186091965013,2776.927777293114,2747.3841575839447,2765.455322265625,1165882
2021-02-12 00:00:00+05:30,2746.65132017741,2799.527980758585,2744.7536696268116,2752.344482421875,2777404
2021-02-15 00:00:00+05:30,2768.042602007056,2768.042602007056,2701.235258795116,2708.394775390625,2630853
2021-02-16 00:00:00+05:30,2717.1506234075164,2732.3752085365327,2674.0212484327935,2681.612060546875,3435770
2021-02-17 00:00:00+05:30,2678.420672557879,2702.3574769525526,2627.053542089694,2650.81787109375,3678426
2021-02-18 00:00:00+05:30,2643.8303988706775,2672.209440285452,2614.5024270724384,2637.231689453125,4189909
2021-02-19 00:00:00+05:30,2637.792580814729,2662.9369222580963,2601.6932096230908,2649.739501953125,3725028
2021-02-22 00:00:00+05:30,2670.570824384041,2670.570824384041,2538.7242445051543,2551.921875,5366696
2021-02-23 00:00:00+05:30,2561.8849988027264,2611.9150762204226,2560.1598237193575,2570.683349609375,3832829
2021-02-24 00:00:00+05:30,2563.6098964027583,2590.6520971446007,2519.7472404187038,2542.994140625,3774549
2021-02-25 00:00:00+05:30,2565.3355818103378,2613.5541455299563,2560.5481784009316,2583.708740234375,4224073
2021-02-26 00:00:00+05:30,2553.2586180761905,2563.9116563447387,2484.251628398456,2496.586669921875,5553153
2021-03-01 00:00:00+05:30,2523.930629062453,2557.57153628509,2503.0560569556483,2522.3779296875,3265871
2021-03-02 00:00:00+05:30,2553.2587353753975,2609.3269170643844,2542.9076864482,2593.23974609375,3306469
2021-03-03 00:00:00+05:30,2617.9527702709497,2642.9678049786457,2585.0881059524086,2638.7412109375,3509857
2021-03-04 00:00:00+05:30,2607.6012864995123,2658.0194697187035,2601.6063471621355,2630.63232421875,3916760
2021-03-05 00:00:00+05:30,2601.6501701271904,2642.2779138838096,2584.8297143482514,2594.706298828125,3203686
2021-03-08 00:00:00+05:30,2601.563537985365,2616.227523444832,2584.311790385993,2593.757080078125,2003125
2021-03-09 00:00:00+05:30,2593.7570925981777,2645.469164158386,2580.9477962993865,2631.7109375,1942397
2021-03-10 00:00:00+05:30,2652.456656382807,2668.1557073199397,2639.5178434248423,2648.963134765625,3053778
2021-03-12 00:00:00+05:30,2652.4566713156337,2688.685347801896,2623.4306849869185,2637.74951171875,2938317
2021-03-15 00:00:00+05:30,2623.128518944657,2673.1585926371235,2623.128518944657,2644.822509765625,3097083
2021-03-16 00:00:00+05:30,2639.517400627141,2709.3869788790357,2639.517400627141,2682.68994140625,4894756
2021-03-17 00:00:00+05:30,2678.334122051727,2721.46349599781,2661.3411908354997,2685.191650390625,3838390
2021-03-18 00:00:00+05:30,2696.4054837972785,2714.0885284017268,2576.5921584949374,2619.2470703125,3656306
2021-03-19 00:00:00+05:30,2613.639742015504,2673.158270794075,2592.075057675442,2631.06396484375,5776626
2021-03-22 00:00:00+05:30,2629.770031169302,2708.0498337575755,2603.8492389926228,2699.596435546875,2821646
2021-03-23 00:00:00+05:30,2708.5252542516405,2733.540296408742,2693.7319601096037,2710.76806640625,3305973
2021-03-24 00:00:00+05:30,2683.6814511450275,2719.133871899528,2683.638279663349,2692.22119140625,2207104
2021-03-25 00:00:00+05:30,2684.5445603732155,2700.631942315349,2630.8916642888676,2643.701171875,3179786
2021-03-26 00:00:00+05:30,2665.956131668487,2689.5479854378573,2624.8970905748097,2645.383544921875,3697370
2021-03-30 00:00:00+05:30,2659.357110741005,2750.3169153067583,2640.2938438418096,2724.525634765625,4694008
2021-03-31 00:00:00+05:30,2721.463619102992,2764.5929950000286,2701.6241061903556,2741.173828125,3530069
2021-04-01 00:00:00+05:30,2752.602726625417,2773.218481175331,2712.837363389243,2730.089111328125,4285076
2021-04-05 00:00:00+05:30,2735.2646286513113,2814.622668965383,2718.012880756948,2793.834228515625,5317862
2021-04-06 00:00:00+05:30,2824.973803883292,2824.973803883292,2786.157369936804,2816.089111328125,2291562
2021-04-07 00:00:00+05:30,2811.1724084069633,2827.1734472042103,2790.297834912281,2821.868408203125,2491268
2021-04-08 00:00:00+05:30,2820.6605562639493,2876.7287324587983,2817.2533784444763,2861.504150390625,2578118
2021-04-09 00:00:00+05:30,2893.1185996171644,2893.420589492233,2853.4395729080443,2865.7314453125,2911129
2021-04-12 00:00:00+05:30,2865.731177961672,2879.4032733871372,2771.665973691975,2800.433349609375,3791828
2021-04-13 00:00:00+05:30,2772.355844796707,2772.355844796707,2650.7741954640505,2677.514404296875,8654596
2021-04-15 00:00:00+05:30,2726.0353041877324,2792.411369848915,2663.1957209025627,2776.6259765625,6062760
2021-04-16 00:00:00+05:30,2785.2948606645173,2800.8214346787513,2745.2708874426585,2756.09619140625,3224657
2021-04-19 00:00:00+05:30,2733.539444524105,2750.7911923595366,2704.297816180099,2727.328857421875,2679106
2021-04-20 00:00:00+05:30,2781.844332141803,2782.146321965287,2696.750170373957,2712.44921875,3141893
2021-04-22 00:00:00+05:30,2715.4248116477966,2715.4248116477966,2678.549204691652,2690.2373046875,1988980
2021-04-23 00:00:00+05:30,2678.3341765783284,2690.4104015290845,2666.301123120927,2682.2158203125,1615309
2021-04-26 00:00:00+05:30,2675.78941594287,2719.7382039838667,2663.7131917577217,2674.711181640625,2490260
2021-04-27 00:00:00+05:30,2679.1965065440913,2705.1604719295583,2676.6087443033857,2701.623779296875,1471417
2021-04-28 00:00:00+05:30,2717.107575977585,2718.0133350119418,2684.3724209956085,2694.809814453125,1639037
2021-04-29 00:00:00+05:30,2713.3549037740027,2723.490305328415,2678.765066147004,2687.17529296875,1621395
2021-04-30 00:00:00+05:30,2673.159172953048,2701.6677373904304,2605.0147474405308,2618.51416015625,3072305
2021-05-03 00:00:00+05:30,2609.2408297283305,2635.2047975682726,2591.212835317542,2619.67822265625,1545831
2021-05-04 00:00:00+05:30,2641.9333238872764,2665.3956643154665,2617.9533466658386,2630.676513671875,1990777
2021-05-05 00:00:00+05:30,2648.14331355387,2673.503298834241,2632.961691102309,2670.311767578125,1939289
2021-05-06 00:00:00+05:30,2678.7648644721144,2703.3486025617794,2651.593364478274,2683.897216796875,1791671
2021-05-07 00:00:00+05:30,2702.486489466706,2725.6470468101074,2684.1996775869275,2702.400146484375,1912540
2021-05-10 00:00:00+05:30,2713.6569210585,2729.3991418750993,2695.585756267013,2713.268798828125,2137153
2021-05-11 00:00:00+05:30,2695.5855062911596,2698.259611350448,2666.3868398499667,2693.515380859375,2415625
2021-05-12 00:00:00+05:30,2691.272698807051,2691.272698807051,2648.6609653129904,2663.324951171875,1978558
2021-05-14 00:00:00+05:30,2672.726908249209,2672.726908249209,2622.265548193511,2632.185302734375,2043935
2021-05-17 00:00:00+05:30,2635.204812888748,2652.6290382727884,2618.8156503863306,2647.927978515625,2890462
2021-05-18 00:00:00+05:30,2674.020799535241,2694.722896047772,2655.043877732088,2664.35986328125,2098538
2021-05-19 00:00:00+05:30,2660.2195595772832,2689.5475313754764,2645.641916655821,2658.494384765625,1986041
2021-05-20 00:00:00+05:30,2645.64203321326,2664.3601386258806,2632.7032215557847,2639.517578125,2329027
2021-05-21 00:00:00+05:30,2640.3802280410546,2663.8425649498754,2635.291046239091,2657.20068359375,1685566
2021-05-24 00:00:00+05:30,2658.062744140625,2678.3335455319293,2649.8681648547786,2658.062744140625,1652260
2021-05-25 00:00:00+05:30,2680.1665788575788,2711.5883248095797,2671.585276336339,2699.236328125,1841613
2021-05-26 00:00:00+05:30,2704.437746111683,2743.4440597575244,2690.395515523739,2737.809814453125,1923753
2021-05-27 00:00:00+05:30,2740.800137468123,2789.1680066186677,2740.6702010773824,2756.446044921875,5959785
2021-05-28 00:00:00+05:30,2764.680391926616,2772.0482500019803,2718.0027593529935,2724.89404296875,1763701
2021-05-31 00:00:00+05:30,2730.4418480607005,2748.081453855223,2711.89226428172,2738.373046875,1652799
2021-06-01 00:00:00+05:30,2746.5640183190408,2747.7340804858504,2714.8388058619767,2733.041748046875,1377441
2021-06-02 00:00:00+05:30,2731.1782099155653,2738.6326212021613,2700.1031024025397,2712.62841796875,2240078
2021-06-03 00:00:00+05:30,2734.3855066677797,2734.3855066677797,2706.7342420318428,2722.85693359375,1281706
2021-06-04 00:00:00+05:30,2711.3717184393636,2736.379179711541,2708.7712979932903,2725.02392578125,1836060
2021-06-07 00:00:00+05:30,2726.1070211368938,2765.5033425995257,2716.2255095885403,2759.218994140625,2559821
2021-06-08 00:00:00+05:30,2772.0480711734235,2800.6526947971643,2762.6865156629224,2773.91162109375,2574057
2021-06-09 00:00:00+05:30,2775.5154470964185,2791.1179699095774,2761.8198569692045,2773.99853515625,1710925
2021-06-10 00:00:00+05:30,2782.4501531684887,2794.585449786669,2767.7144358464125,2788.344482421875,1874324
2021-06-11 00:00:00+05:30,2783.7937124543178,2868.2640016376467,2783.316926339826,2837.75244140625,3452954
2021-06-14 00:00:00+05:30,2842.2595999383007,2868.003720504315,2834.761805496382,2839.962646484375,1847360
2021-06-15 00:00:00+05:30,2858.7290139704332,2858.7290139704332,2818.4658777931895,2828.174072265625,1304985
2021-06-16 00:00:00+05:30,2827.611106785101,2855.8688870863793,2819.7230786942005,2838.2294921875,1635552
2021-06-17 00:00:00+05:30,2830.5582119479855,2891.7114871168055,2825.790773526392,2875.848876953125,2273413
2021-06-18 00:00:00+05:30,2904.5832834904045,2910.737697398462,2838.7927215544855,2858.12255859375,3380431
2021-06-21 00:00:00+05:30,2830.124044333925,2848.3269861198405,2818.5954722116307,2837.145263671875,1130569
2021-06-22 00:00:00+05:30,2863.930031360667,2883.9099729657505,2847.460700066523,2861.5029296875,1708688
2021-06-23 00:00:00+05:30,2885.600136660066,2885.600136660066,2822.669871800225,2827.00390625,1467104
2021-06-24 00:00:00+05:30,2846.5942600902313,2932.4081552634752,2841.8268214694954,2924.26025390625,4155204
2021-06-25 00:00:00+05:30,2925.6899119294194,2946.839915081533,2903.803038282662,2930.500732421875,2722861
2021-06-28 00:00:00+05:30,2939.7752998610995,2939.7752998610995,2889.0671014114832,2892.317626953125,1355238
2021-06-29 00:00:00+05:30,2896.8680809773546,2917.9315267632273,2883.4325767119,2895.871337890625,1497322
2021-06-30 00:00:00+05:30,2900.335842346634,2931.5408902618997,2893.83479069762,2900.119140625,1693146
2021-07-01 00:00:00+05:30,2910.7371261210815,2914.2043531921013,2888.503617177266,2896.434814453125,990310
2021-07-02 00:00:00+05:30,2887.3332807186644,2894.874457109893,2856.3015567820694,2882.5224609375,1682274
2021-07-05 00:00:00+05:30,2896.8689624266035,2924.606786124285,2862.1966828045015,2878.666015625,1972858
2021-07-06 00:00:00+05:30,2871.7307511288595,2884.7328523262436,2822.4095319025464,2827.78369140625,2159420
2021-07-07 00:00:00+05:30,2838.7919178154184,2845.4662870228362,2809.840658936255,2838.74853515625,2640710
2021-07-08 00:00:00+05:30,2858.7293534278137,2858.7293534278137,2801.433328735768,2824.490478515625,2485811
2021-07-09 00:00:00+05:30,2817.122141165437,2844.8599591707584,2774.648607344789,2780.84619140625,6365067
2021-07-12 00:00:00+05:30,2804.1199002548983,2804.9867070246833,2763.6834490935203,2767.80078125,1892226
2021-07-13 00:00:00+05:30,2785.9177257097294,2785.9177257097294,2752.1122523734884,2762.99072265625,1809339
2021-07-14 00:00:00+05:30,2762.5134715755094,2792.8517117716633,2760.7798578500147,2786.39404296875,2044279
2021-07-15 00:00:00+05:30,2803.8117415227093,2807.5037106455648,2774.6233831528752,2782.398193359375,2232968
2021-07-16 00:00:00+05:30,2791.128386115713,2797.0790558997232,2772.8857169254143,2775.318115234375,1256526
2021-07-19 00:00:00+05:30,2762.461177532685,2779.66144992292,2758.9863835986816,2766.457275390625,1597058
2021-07-20 00:00:00+05:30,2766.4571704217306,2792.8655184842964,2741.7425298362173,2784.87353515625,1811945
2021-07-22 00:00:00+05:30,2771.1485254858558,2801.50949904565,2771.1485254858558,2794.038818359375,2859334
2021-07-23 00:00:00+05:30,2805.896141243119,2815.9296512858455,2785.6119465337315,2790.998046875,1776193
2021-07-26 00:00:00+05:30,2779.8348115794524,2800.900747260953,2771.8863062489186,2777.70654296875,1259611
2021-07-27 00:00:00+05:30,2779.835278038972,2788.5222632828436,2746.0862555326894,2765.02392578125,1121367
2021-07-28 00:00:00+05:30,2769.411028043648,2783.7010770355455,2721.1113029465578,2777.92431640625,1660654
2021-07-29 00:00:00+05:30,2780.052189087591,2801.943347409682,2771.4086820063676,2776.1865234375,1731997
2021-07-30 00:00:00+05:30,2796.340284995809,2800.2494279850853,2747.12860308686,2751.558837890625,2999943
2021-08-02 00:00:00+05:30,2762.4618330249154,2801.4663193554675,2751.1687500597195,2796.6884765625,2608669
2021-08-03 00:00:00+05:30,2805.027244694332,2858.017849193048,2796.296783011644,2853.58740234375,3804735
2021-08-04 00:00:00+05:30,2866.7048319330083,2871.2220213724718,2832.999290280032,2844.0751953125,2929598
2021-08-05 00:00:00+05:30,2844.9878853404775,2879.735828978224,2834.129152953682,2852.7626953125,2534521
2021-08-06 00:00:00+05:30,2842.859484842023,2887.5539828638334,2836.300768366551,2875.218505859375,2292362
2021-08-09 00:00:00+05:30,2887.4669563649913,2898.8469919313166,2875.39213164299,2886.424560546875,1510489
2021-08-10 00:00:00+05:30,2880.2565531069713,2910.052739110011,2880.2565531069713,2896.153564453125,2040777
2021-08-11 00:00:00+05:30,2910.140300921831,2918.8272868947324,2890.2471878777355,2905.101806640625,1929707
2021-08-12 00:00:00+05:30,2889.2914124559466,2925.776751999888,2889.2914124559466,2911.660400390625,1310205
2021-08-13 00:00:00+05:30,2919.4785717498116,3023.0708709928867,2916.6553015398326,3008.650390625,4363584
2021-08-16 00:00:00+05:30,3005.6964431368747,3035.536317803578,2985.282030878575,3016.946044921875,2083489
2021-08-17 00:00:00+05:30,3024.8954190032327,3093.2619550301024,3008.303191243384,3086.529541015625,4336019
2021-08-18 00:00:00+05:30,3104.598410915286,3122.9713004918467,3072.239389790579,3093.044677734375,2631309
2021-08-20 00:00:00+05:30,3045.656954266312,3105.5971510274003,3040.4447632436086,3092.13232421875,2836148
2021-08-23 00:00:00+05:30,3109.9409844692086,3190.729954177487,3094.2174549932124,3159.80419921875,3744176
2021-08-24 00:00:00+05:30,3176.830532268057,3185.821646910204,3122.449919318279,3138.781494140625,2511141
2021-08-25 00:00:00+05:30,3136.0018846668745,3212.2301853260205,3133.4392662639175,3178.568115234375,2123263
2021-08-26 00:00:00+05:30,3179.4367940527254,3203.412959628608,3168.925456429799,3189.73095703125,1902533
2021-08-27 00:00:00+05:30,3184.6485399994513,3239.8108919607075,3171.7050178376517,3231.6884765625,3944728
2021-08-30 00:00:00+05:30,3227.2146023966848,3249.2361919871105,3203.4123507283152,3215.3134765625,2033114
2021-08-31 00:00:00+05:30,3222.3501843175904,3304.616103294764,3217.181470574093,3289.283447265625,3207480
2021-09-01 00:00:00+05:30,3297.578942242385,3315.5609557012417,3220.264788960095,3227.1708984375,2643336
2021-09-02 00:00:00+05:30,3243.720469722299,3352.438011237074,3233.296086852276,3332.979248046875,3403717
2021-09-03 00:00:00+05:30,3322.771899500522,3350.483297959247,3305.0070568599826,3337.583251953125,1746812
2021-09-06 00:00:00+05:30,3344.228513568609,3368.4653285384056,3313.216020086968,3346.2265625,1723693
2021-09-07 00:00:00+05:30,3356.6504424908985,3361.819155284344,3308.220509217382,3314.865966796875,1585039
2021-09-08 00:00:00+05:30,3309.7408220937587,3314.08431398627,3262.8311096546345,3278.597900390625,4147175
2021-09-09 00:00:00+05:30,3292.106262958881,3308.611532453073,3270.6494550333446,3293.5830078125,1441148
2021-09-13 00:00:00+05:30,3272.38733704224,3346.5741060930313,3272.38733704224,3340.449951171875,1691473
2021-09-14 00:00:00+05:30,3344.4458673337895,3384.883826372717,3322.771881400139,3375.675537109375,1991188
2021-09-15 00:00:00+05:30,3372.374362683401,3457.419856737662,3358.3882327004526,3435.3115234375,2461369
2021-09-16 00:00:00+05:30,3413.984978155691,3458.9401238604128,3381.0613910627826,3390.790771484375,2946666
2021-09-17 00:00:00+05:30,3405.297788603952,3427.015248990457,3305.3974708260303,3325.247314453125,6477148
2021-09-20 00:00:00+05:30,3308.8728648310816,3362.7321763615428,3307.8739463058937,3321.468994140625,2002008
2021-09-21 00:00:00+05:30,3351.438998276078,3363.209906018723,3319.861721221568,3355.739013671875,1568129
2021-09-22 00:00:00+05:30,3355.3475863065564,3385.187461325402,3346.6171249272134,3355.04345703125,1744067
2021-09-23 00:00:00+05:30,3361.8629496086937,3369.681235538016,3331.458504327995,3361.21142578125,2003869
2021-09-24 00:00:00+05:30,3379.2368053039554,3426.49391383993,3348.8323610402954,3362.9921875,2320754
2021-09-27 00:00:00+05:30,3387.9235731251433,3391.3983665334767,3303.5728783040245,3333.152099609375,1673362
2021-09-28 00:00:00+05:30,3344.489268897925,3344.489268897925,3258.7052908969717,3282.94189453125,2253075
2021-09-29 00:00:00+05:30,3266.1329691904434,3306.266801239433,3233.4263403457007,3294.01806640625,2489161
2021-09-30 00:00:00+05:30,3305.3973338425376,3305.3973338425376,3257.7058776440495,3279.814208984375,2252412
2021-10-01 00:00:00+05:30,3285.2001457205783,3309.740875307835,3235.9015119479486,3240.418701171875,1578374
2021-10-04 00:00:00+05:30,3235.728229979652,3286.8510096871387,3220.6562261020495,3277.860107421875,1356860
2021-10-05 00:00:00+05:30,3261.0941015516205,3335.802171006452,3250.322325208248,3329.98193359375,1877966
2021-10-06 00:00:00+05:30,3332.327365878328,3350.9609058383885,3296.7107282346856,3310.52294921875,1678154
2021-10-07 00:00:00+05:30,3327.115055968153,3387.055248882462,3318.4715488271363,3381.756103515625,1647233
2021-10-08 00:00:00+05:30,3409.641755966438,3466.0202061548184,3387.924292552639,3418.893310546875,2934339
2021-10-11 00:00:00+05:30,3261.962635608468,3264.1343817040797,3179.436283975231,3201.675048828125,11845402
2021-10-12 00:00:00+05:30,3219.3970767689025,3220.265775386487,3153.897285836865,3173.225830078125,5752877
2021-10-13 00:00:00+05:30,3170.7494119404887,3192.857745560252,3166.4059195953646,3175.2666015625,3545655
2021-10-14 00:00:00+05:30,3155.0744992445157,3194.2409413041028,3140.4523183772935,3143.281005859375,6442299
2021-10-18 00:00:00+05:30,3136.31810253628,3179.1835977264323,3134.577371767137,3174.35302734375,3590107
2021-10-19 00:00:00+05:30,3193.3704027509225,3211.7351962506837,3155.2483587152783,3163.0380859375,3135441
2021-10-20 00:00:00+05:30,3143.760120959149,3159.426699635025,3114.4288467142956,3141.0185546875,2933693
2021-10-21 00:00:00+05:30,3136.883919403963,3139.7995159026163,3056.0704096897393,3074.565673828125,4871211
2021-10-22 00:00:00+05:30,3098.5003387692245,3099.893008187751,3033.2229439917833,3045.277587890625,2691670
2021-10-25 00:00:00+05:30,3048.889547465273,3058.942308854021,3002.7601880545794,3040.142333984375,2595594
2021-10-26 00:00:00+05:30,3041.491294437399,3071.518894854652,3024.51917246243,3031.134033203125,3878763
2021-10-27 00:00:00+05:30,3031.48318688044,3056.0710134751494,3031.48318688044,3037.358154296875,2510813
2021-10-28 00:00:00+05:30,3061.944982824926,3061.944982824926,2972.297361099239,2978.085205078125,2424942
2021-10-29 00:00:00+05:30,2959.286307007717,3012.335042563208,2947.0140682693504,2957.284423828125,3960501
2021-11-01 00:00:00+05:30,2992.272290245628,3034.9637499899923,2970.5131581120604,3025.73779296875,2020718
2021-11-02 00:00:00+05:30,3041.055988589113,3058.1152313923385,3019.9496326293856,3032.5263671875,3087414
2021-11-03 00:00:00+05:30,3049.934515859704,3063.599210695511,3016.730159499854,3039.53369140625,1537639
2021-11-04 00:00:00+05:30,3057.5497421995287,3057.8108942881813,3050.63038055364,3053.80712890625,328991
2021-11-08 00:00:00+05:30,3088.0563970942476,3088.0563970942476,3029.915946668684,3048.67236328125,2526082
2021-11-09 00:00:00+05:30,3053.2413845838532,3076.7412470079594,3042.7970012842507,3051.239501953125,1782692
2021-11-10 00:00:00+05:30,3044.537486197328,3063.424368641989,3029.044943054569,3032.613525390625,1516489
2021-11-11 00:00:00+05:30,3028.871591142207,3055.0261139031104,2990.5755135530526,3036.008544921875,1284514
2021-11-12 00:00:00+05:30,3051.5012786043276,3076.001981112753,3033.8328174078774,3068.9521484375,1747259
2021-11-15 00:00:00+05:30,3070.64890396437,3106.8561869215628,3070.64890396437,3092.669189453125,1809157
2021-11-16 00:00:00+05:30,3106.334120705863,3112.03505658905,3082.834254844541,3095.367431640625,2013204
2021-11-17 00:00:00+05:30,3090.3192548089405,3100.9812302018886,3051.8489368672776,3065.339599609375,1632914
2021-11-18 00:00:00+05:30,3059.464777964114,3064.426030619223,3004.1532281043856,3025.12890625,2136598
2021-11-22 00:00:00+05:30,3027.478349628783,3060.1606067143043,2994.317561657031,3010.071044921875,3167936
2021-11-23 00:00:00+05:30,2998.408553382316,3029.6981444091452,2966.0310056960593,3015.1630859375,2153461
2021-11-24 00:00:00+05:30,3022.0829202611835,3040.230125174157,2980.131347413317,2996.929443359375,2161746
2021-11-25 00:00:00+05:30,2997.450675821812,3014.074736407611,2988.87770595789,2999.19140625,1849619
2021-11-26 00:00:00+05:30,2981.0014741153645,3037.5752247190135,2969.599602458624,3000.01904296875,1941251
2021-11-29 00:00:00+05:30,3000.2796653058103,3071.8238631118234,2964.8558400184647,3048.019287109375,2981745
2021-11-30 00:00:00+05:30,3038.4457895244395,3101.764876086428,3038.4457895244395,3071.650146484375,5588446
2021-12-01 00:00:00+05:30,3076.741243695098,3124.6113337667334,3076.741243695098,3113.992919921875,2102118
2021-12-02 00:00:00+05:30,3123.9145107603354,3175.092023372198,3110.7721246716433,3170.653076171875,3152938
2021-12-03 00:00:00+05:30,3173.7436764559898,3190.715800719207,3160.16610454034,3168.521484375,2486263
2021-12-06 00:00:00+05:30,3168.5220214040664,3183.796978328204,3065.4272710967566,3077.96044921875,1849642
2021-12-07 00:00:00+05:30,3100.6761833719834,3131.5741495501466,3067.4282735320944,3119.82421875,1484458
2021-12-08 00:00:00+05:30,3134.185891998146,3173.7439580228324,3134.185891998146,3156.728271484375,1428660
2021-12-09 00:00:00+05:30,3142.018892996894,3163.5604352688256,3103.722817846793,3134.83837890625,1567957
2021-12-10 00:00:00+05:30,3120.259518567422,3169.8703393647284,3111.6429873202883,3165.344482421875,1510718
2021-12-13 00:00:00+05:30,3176.833930938431,3187.278316464804,3134.7952366964664,3141.714599609375,1883864
2021-12-14 00:00:00+05:30,3137.6671180553103,3163.7780788158257,3113.035735906248,3154.030029296875,1747007
2021-12-15 00:00:00+05:30,3150.7230831951033,3153.334179672889,3096.890892481452,3107.509521484375,1603233
2021-12-16 00:00:00+05:30,3117.649086578987,3140.6702105630893,3107.2047010293086,3117.301025390625,2072320
2021-12-17 00:00:00+05:30,3135.4908923462717,3178.0083208796227,3110.424330014637,3119.69384765625,4333992
2021-12-20 00:00:00+05:30,3123.741303523864,3138.5375147693103,3055.112909309398,3095.802490234375,2312310
2021-12-21 00:00:00+05:30,3118.2143081191102,3169.1742414013142,3104.0708713088916,3140.539306640625,2340989
2021-12-22 00:00:00+05:30,3154.203647877505,3165.344365511799,3138.7546647787667,3160.07861328125,1224328
2021-12-23 00:00:00+05:30,3175.0931217159045,3194.676344094909,3159.4265438127013,3187.887451171875,1792861
2021-12-24 00:00:00+05:30,3207.296161626964,3224.7034677959027,3172.307518725703,3195.02392578125,2209923
2021-12-27 00:00:00+05:30,3195.1107788469503,3220.351370671129,3179.5313261313895,3216.95703125,1534135
2021-12-28 00:00:00+05:30,3229.0554523377605,3242.110932603277,3214.9991369151708,3226.052734375,1456218
2021-12-29 00:00:00+05:30,3213.606416952969,3237.715494300175,3207.296268256941,3215.73876953125,1456923
2021-12-30 00:00:00+05:30,3204.1195040416433,3255.1663458319385,3202.94442584533,3249.7265625,1966475
2021-12-31 00:00:00+05:30,3257.6033077203024,3272.573548475662,3247.5941067076774,3253.730224609375,1207141
2022-01-03 00:00:00+05:30,3263.8699085224853,3333.4991332376317,3259.5180819777884,3322.837158203125,2346158
2022-01-04 00:00:00+05:30,3334.456838580845,3384.9813780824193,3317.571622986017,3381.15185546875,2488606
2022-01-05 00:00:00+05:30,3363.9620338385444,3368.3138605317376,3318.180732029534,3360.43701171875,1733031
2022-01-06 00:00:00+05:30,3317.8327634933953,3337.8511668408105,3283.0181489761508,3313.87255859375,1810293
2022-01-07 00:00:00+05:30,3324.7949155394444,3363.8742262778524,3304.254212740038,3353.9521484375,2460591
2022-01-10 00:00:00+05:30,3462.3132338266632,3462.3132338266632,3360.4804916552907,3376.886962890625,3937092
2022-01-11 00:00:00+05:30,3356.1291115460645,3416.184326457029,3356.1291115460645,3408.263916015625,1906106
2022-01-12 00:00:00+05:30,3416.1838154603215,3419.665276673529,3339.200046881566,3359.52294921875,3203744
2022-01-13 00:00:00+05:30,3410.09159730068,3414.443424249762,3356.9993085218794,3392.59716796875,6684507
2022-01-14 00:00:00+05:30,3375.1466505790668,3461.443297528625,3359.6541035054447,3453.740478515625,3348123
2022-01-17 00:00:00+05:30,3475.1077846169696,3518.8872054066355,3448.6487622565855,3498.12890625,3442604
2022-01-18 00:00:00+05:30,3511.0097459064323,3517.7550763790796,3464.053584662884,3473.279541015625,2389041
2022-01-19 00:00:00+05:30,3498.0416342208123,3498.0416342208123,3409.5443196960337,3413.16259765625,3102539
2022-01-20 00:00:00+05:30,3409.108201339722,3417.827148146218,3322.790627955417,3336.3486328125,6176776
2022-01-21 00:00:00+05:30,3319.3032369219345,3358.1461897142185,3288.0023012626775,3342.408447265625,3112358
2022-01-24 00:00:00+05:30,3348.076447569016,3356.4901482873624,3260.9742313837155,3288.220947265625,3258414
2022-01-25 00:00:00+05:30,3286.607137805823,3321.3956518901114,3245.36647509271,3286.955810546875,3330501
2022-01-27 00:00:00+05:30,3253.0393597437615,3255.1318220283392,3160.7057895166804,3181.761962890625,5718297
2022-01-28 00:00:00+05:30,3178.928199480695,3251.9930207471753,3178.928199480695,3217.335205078125,3143862
2022-01-31 00:00:00+05:30,3268.7336020486573,3276.5806552410922,3244.669220445881,3257.616943359375,2739393
2022-02-01 00:00:00+05:30,3287.0428712143316,3320.1748683247147,3257.7471254655034,3313.766357421875,2105169
2022-02-02 00:00:00+05:30,3337.525533494624,3369.0010163346046,3313.7664036563433,3362.2001953125,1984212
2022-02-03 00:00:00+05:30,3357.6661257987425,3385.1308058721415,3327.1934519093306,3334.648193359375,1960538
2022-02-04 00:00:00+05:30,3326.539803558479,3334.735528375889,3286.171037442491,3326.19091796875,2307366
2022-02-07 00:00:00+05:30,3305.3526284106038,3340.9259728140128,3274.9670146178178,3294.889892578125,1919149
2022-02-08 00:00:00+05:30,3305.832508802573,3312.938365711903,3244.3202929778845,3263.894287109375,2946443
2022-02-09 00:00:00+05:30,3269.605179127238,3293.974593822682,3266.204874886914,3278.8037109375,1638721
2022-02-10 00:00:00+05:30,3304.3059624398647,3304.3059624398647,3276.579673560549,3287.34765625,2112459
2022-02-11 00:00:00+05:30,3271.7850066553174,3271.7850066553174,3217.2915854918374,3221.607421875,3851488
2022-02-14 00:00:00+05:30,3246.9357944321227,3307.3145011357815,3234.729268889145,3255.436767578125,5951745
2022-02-15 00:00:00+05:30,3300.9936738175647,3343.716518513038,3267.8616718088306,3328.719970703125,3931683
2022-02-16 00:00:00+05:30,3351.5635338648667,3360.3697562876455,3318.431532229366,3324.6220703125,3256906
2022-02-17 00:00:00+05:30,3334.9976674318455,3343.716615581994,3294.890505941162,3299.42431640625,3134372
2022-02-18 00:00:00+05:30,3286.171253915909,3327.1066691225346,3276.2317390898334,3307.88134765625,3688883
2022-02-21 00:00:00+05:30,3321.918793472412,3337.4385616421955,3230.8494350012497,3242.925048828125,7465922
2022-02-22 00:00:00+05:30,3182.4154755643576,3198.022304668423,3112.6639034971936,3126.962890625,5408531
2022-02-23 00:00:00+05:30,3148.4119344468936,3158.7873968002073,3100.1524750080293,3107.258544921875,2426203
2022-02-24 00:00:00+05:30,3028.962533260586,3037.550782181064,2956.682539532843,2965.880859375,5039136
2022-02-25 00:00:00+05:30,3023.7309413943226,3077.78841497173,3018.499572983606,3069.723388671875,2549723
2022-02-28 00:00:00+05:30,3042.912824650469,3107.215065572524,3013.181127091719,3098.888427734375,3288942
2022-03-02 00:00:00+05:30,3097.4060013989642,3114.3643111770593,3056.8628968064095,3091.869384765625,2761341
2022-03-03 00:00:00+05:30,3106.4303788627763,3120.1627215451904,3077.8758250310893,3090.34375,1928039
2022-03-04 00:00:00+05:30,3052.93918222262,3104.9912513670993,3040.340346833838,3072.862060546875,2370257
2022-03-07 00:00:00+05:30,3008.037021468879,3093.4827107743718,2991.9506051879243,3038.466064453125,3054130
2022-03-08 00:00:00+05:30,3016.7554860347927,3146.6677887571,3016.7554860347927,3138.777099609375,3300992
2022-03-09 00:00:00+05:30,3143.1809779872883,3185.903826231776,3136.249456406327,3167.245361328125,2719654
2022-03-10 00:00:00+05:30,3212.059914730972,3212.059914730972,3151.8991834290077,3157.0869140625,2005441
2022-03-11 00:00:00+05:30,3141.654687525225,3173.5661198059825,3132.5870674744247,3138.079833984375,1623423
2022-03-14 00:00:00+05:30,3121.383371952632,3180.9774664485976,3121.383371952632,3176.312744140625,1765688
2022-03-15 00:00:00+05:30,3190.2631230599486,3190.2631230599486,3126.0915796310483,3133.502685546875,3651133
2022-03-16 00:00:00+05:30,3174.1324778294074,3198.109580738433,3152.989032536903,3187.5595703125,3090475
2022-03-17 00:00:00+05:30,3223.0464856446897,3234.729791118925,3191.3966610184343,3202.251708984375,3600452
2022-03-21 00:00:00+05:30,3222.523182319606,3238.1736514139975,3151.8997034863028,3162.100830078125,2413831
2022-03-22 00:00:00+05:30,3173.697164295669,3235.601696895942,3160.61874191533,3226.839111328125,2907611
2022-03-23 00:00:00+05:30,3232.985769686814,3251.993118025489,3217.291664008723,3236.822021484375,1596195
2022-03-24 00:00:00+05:30,3226.0108118905273,3276.7550474937625,3221.6513378204054,3269.474853515625,1879046
2022-03-25 00:00:00+05:30,3278.2366923518357,3295.325913070277,3201.597235823272,3232.505859375,1690133
2022-03-28 00:00:00+05:30,3221.6508570404744,3237.3449613508205,3192.1807741513976,3232.723876953125,1760990
2022-03-29 00:00:00+05:30,3221.4333669266766,3245.192500629566,3218.163761371233,3230.675537109375,2689063
2022-03-30 00:00:00+05:30,3259.1422326604416,3259.1422326604416,3231.4159399540727,3253.5185546875,1583455
2022-03-31 00:00:00+05:30,3260.8859224608136,3273.659093668878,3243.622366180688,3260.84228515625,2168110
2022-04-01 00:00:00+05:30,3267.8615064848686,3280.9399276687727,3250.4672488832616,3277.234375,1387014
2022-04-04 00:00:00+05:30,3280.0672517122903,3295.761353395124,3258.357162863654,3287.34765625,1472994
2022-04-05 00:00:00+05:30,3288.7866261011463,3344.2392110933524,3288.7866261011463,3326.103759765625,2314947
2022-04-06 00:00:00+05:30,3321.308698504881,3321.308698504881,3253.1699963861447,3274.27001953125,2051729
2022-04-07 00:00:00+05:30,3265.6819935656586,3265.6819935656586,3207.7009890076247,3212.191162109375,2494829
2022-04-08 00:00:00+05:30,3217.2913621519056,3230.369782323255,3175.8763649426332,3213.49853515625,2296773
2022-04-11 00:00:00+05:30,3217.2915409273724,3236.778473211479,3187.734394843684,3222.87158203125,2291660
2022-04-12 00:00:00+05:30,3211.1880563374766,3260.014157655668,3180.9769912928095,3218.25048828125,4483476
2022-04-13 00:00:00+05:30,3232.113615146046,3234.5986001579863,3187.2546759280217,3192.834716796875,1621672
2022-04-18 00:00:00+05:30,3147.5403623845255,3147.5403623845255,3071.2495641272826,3076.088623046875,3820792
2022-04-19 00:00:00+05:30,3095.2261642756557,3107.0403799545356,2998.576552281814,3027.131103515625,3170014
2022-04-20 00:00:00+05:30,3051.631369077155,3111.922800837386,3034.193475539571,3101.155029296875,2640370
2022-04-21 00:00:00+05:30,3121.383187052368,3177.184450731517,3110.3972281195647,3163.80078125,2280996
2022-04-22 00:00:00+05:30,3122.342380367201,3153.64331680634,3113.9721056051544,3149.763427734375,1581465
2022-04-25 00:00:00+05:30,3102.201593746609,3124.870857781857,3080.49149910498,3093.656982421875,1960694
2022-04-26 00:00:00+05:30,3117.153786482466,3128.2704422488705,3067.4557959973617,3091.999755859375,1943469
2022-04-27 00:00:00+05:30,3091.7386978183854,3111.3126918404437,3057.124519775637,3104.991455078125,1727648
2022-04-28 00:00:00+05:30,3128.358292147701,3142.65728057788,3084.8071929445496,3125.13232421875,1703660
2022-04-29 00:00:00+05:30,3136.2047275460936,3159.091959711255,3083.7603549878772,3092.348388671875,2051115
2022-05-02 00:00:00+05:30,3068.9822217914025,3093.4389119139187,3045.3103646568115,3088.599853515625,1324161
2022-05-04 00:00:00+05:30,3085.199399623491,3091.259025222723,3021.376750080482,3033.9755859375,2305825
2022-05-05 00:00:00+05:30,3062.181404468486,3080.403918216015,3038.8582216741816,3063.314697265625,1612262
2022-05-06 00:00:00+05:30,3015.8836567465128,3029.398024101116,2985.803290699171,2992.86572265625,2010812
2022-05-09 00:00:00+05:30,2962.698561915311,3013.2684608532413,2918.1012275668895,3003.764892578125,2481830
2022-05-10 00:00:00+05:30,2994.08652734233,3020.9409278192593,2983.6237904966374,2998.22802734375,1622685
2022-05-11 00:00:00+05:30,2994.958855292442,3006.6857986302757,2948.879126623255,2974.9052734375,1841769
2022-05-12 00:00:00+05:30,2945.2606403315326,3007.7754550444442,2920.934860508519,2971.984130859375,2807195
2022-05-13 00:00:00+05:30,2994.958028386916,2999.2302268913486,2948.878312440302,2977.432861328125,2187823
2022-05-16 00:00:00+05:30,2977.5209406181148,2990.5993634905226,2935.3213146291287,2944.214599609375,1195813
2022-05-17 00:00:00+05:30,2938.2851908443163,3022.858978236571,2921.1959692768205,3009.431884765625,1754076
2022-05-18 00:00:00+05:30,3021.1153753446147,3047.2722184211916,3001.9773277332397,3006.99072265625,1866781
2022-05-19 00:00:00+05:30,2961.826835852279,2968.801994723877,2816.220394407672,2844.077392578125,4642963
2022-05-20 00:00:00+05:30,2885.971870225431,2889.372174896334,2851.139714546002,2871.149658203125,3065125
2022-05-23 00:00:00+05:30,2881.4379784431057,2911.169463412706,2848.480312420623,2896.216552734375,2293690
2022-05-24 00:00:00+05:30,2890.4614049004085,2898.9189531249863,2855.978142487524,2866.78955078125,1711510
2022-05-25 00:00:00+05:30,2890.357885421766,2890.357885421766,2768.523667729061,2780.461181640625,3548046
2022-05-26 00:00:00+05:30,2800.957469317206,2845.2847498563847,2791.7848372931185,2832.51318359375,2813186
2022-05-27 00:00:00+05:30,2855.554544933507,2878.113137542295,2834.488114923966,2862.66455078125,3103153
2022-05-30 00:00:00+05:30,2894.000221627102,2972.648296384456,2884.6520809710146,2962.685546875,2094624
2022-05-31 00:00:00+05:30,2944.1652479237173,2969.839960148592,2918.5783982122985,2953.11865234375,4840965
2022-06-01 00:00:00+05:30,2973.8777450085313,2973.8777450085313,2931.7888156507142,2945.0869140625,1493835
2022-06-02 00:00:00+05:30,2944.911390433282,3012.4995207055213,2937.274852340207,3004.599609375,2657939
2022-06-03 00:00:00+05:30,3036.550107803173,3052.262281379866,3011.7970965329273,3019.653076171875,1913622
2022-06-06 00:00:00+05:30,3000.210585639355,3030.932461150583,2964.3536823588743,3011.57763671875,1084210
2022-06-07 00:00:00+05:30,2985.3321578943005,3000.9564672739875,2945.788676454605,2951.669677734375,2308256
2022-06-08 00:00:00+05:30,2966.987037508978,2996.6556349491925,2937.450233831093,2988.053466796875,2185707
2022-06-09 00:00:00+05:30,2971.2446127851863,3016.8885477526396,2943.2438999381434,3008.19873046875,1279197
2022-06-10 00:00:00+05:30,2968.6104222087392,2978.2658671065205,2942.277390669336,2949.211669921875,1527582
2022-06-13 00:00:00+05:30,2887.8560463627555,2890.4893497484964,2802.229755076651,2826.061279296875,3030921
2022-06-14 00:00:00+05:30,2800.07974578441,2843.0025125943066,2786.649853360226,2818.117919921875,2611493
2022-06-15 00:00:00+05:30,2825.095932347547,2838.70133453844,2809.734994390088,2814.38720703125,1404536
2022-06-16 00:00:00+05:30,2843.9682844078216,2848.2255448740734,2750.091040842458,2757.947021484375,2032028
2022-06-17 00:00:00+05:30,2714.0580800045273,2737.5383690213844,2654.2382892194128,2711.3369140625,5240434
2022-06-20 00:00:00+05:30,2715.814242112141,2755.094360836937,2693.8700417072273,2731.965087890625,1502769
2022-06-21 00:00:00+05:30,2747.413640178998,2841.9931353001757,2743.375821953139,2819.3466796875,2964461
2022-06-22 00:00:00+05:30,2808.7688757910482,2853.2279399309514,2793.934686861493,2829.00146484375,3336315
2022-06-23 00:00:00+05:30,2829.0019403695915,2912.433820057707,2829.0019403695915,2904.3583984375,3692578
2022-06-24 00:00:00+05:30,2930.8666036304303,2936.1332102856513,2876.883885414416,2890.5771484375,2132118
2022-06-27 00:00:00+05:30,2940.522604717636,2951.8457254461277,2902.339699253392,2909.537353515625,2037686
2022-06-28 00:00:00+05:30,2902.778160142834,2922.966819859582,2872.5830330686026,2912.565185546875,1400046
2022-06-29 00:00:00+05:30,2871.1786926111868,2925.600300358632,2871.1786926111868,2888.295166015625,2133994
2022-06-30 00:00:00+05:30,2872.0565922599853,2906.2016781293732,2857.1345378380965,2867.755615234375,2719603
2022-07-01 00:00:00+05:30,2861.5233311117086,2925.600387299179,2854.5451192222854,2909.888427734375,1502879
2022-07-04 00:00:00+05:30,2907.166743052194,2912.3894182241925,2830.8448812294623,2839.62255859375,2622535
2022-07-05 00:00:00+05:30,2857.134368050925,2872.0564215860604,2814.9575797580337,2823.164794921875,2170627
2022-07-06 00:00:00+05:30,2825.0959473592156,2868.9843417565935,2810.832219180068,2862.181640625,2182144
2022-07-07 00:00:00+05:30,2871.1785207492608,2913.6623972444418,2865.955845113616,2885.968994140625,1989921
2022-07-08 00:00:00+05:30,2896.6338058043334,2901.022644904037,2852.745414807298,2866.306884765625,2136916
2022-07-11 00:00:00+05:30,2814.255336753604,2830.801346623151,2726.3469713524055,2733.193603515625,6974600
2022-07-12 00:00:00+05:30,2734.158936312343,2752.8554340083,2703.7443666293075,2707.650390625,3734815
2022-07-13 00:00:00+05:30,2724.591492698478,2729.858099965292,2664.025509130116,2667.317138671875,3863530
2022-07-14 00:00:00+05:30,2689.539400531471,2690.419485413844,2611.2118460002866,2639.154541015625,4764908
2022-07-15 00:00:00+05:30,2656.580186606266,2665.688935952516,2598.8905812888142,2635.502197265625,4574806
2022-07-18 00:00:00+05:30,2660.4964567532797,2707.976990638422,2652.839761660094,2696.139892578125,3202795
2022-07-19 00:00:00+05:30,2666.7016042300606,2709.7376748973434,2666.7016042300606,2705.601318359375,1865074
2022-07-20 00:00:00+05:30,2735.1276457438817,2791.5850009840688,2726.54681875147,2785.29248046875,3402251
2022-07-21 00:00:00+05:30,2787.228540686377,2802.189982174116,2767.03063765082,2796.29345703125,2420640
2022-07-22 00:00:00+05:30,2803.0697207419284,2813.6307369582246,2766.546206327238,2790.74853515625,2075886
2022-07-25 00:00:00+05:30,2785.468640525085,2804.3464181965073,2771.475376902359,2787.0087890625,1797504
2022-07-26 00:00:00+05:30,2785.2045320841903,2788.9008455480016,2725.1827872039253,2742.25634765625,2639367
2022-07-27 00:00:00+05:30,2741.4646247415117,2811.0794303717553,2737.064199982697,2806.458984375,1389808
2022-07-28 00:00:00+05:30,2830.3525856367887,2872.5966540791287,2817.7232833962703,2869.516357421875,2106333
2022-07-29 00:00:00+05:30,2895.4794676833635,2919.505829643421,2882.2781935145945,2905.952392578125,2430257
2022-08-01 00:00:00+05:30,2928.0419799310016,2928.0419799310016,2878.757233650227,2903.2236328125,1306913
2022-08-02 00:00:00+05:30,2895.4792807916037,2915.6331387759437,2879.3296371550764,2897.0634765625,1269114
2022-08-03 00:00:00+05:30,2886.678646457179,2947.4045082271623,2884.0824388181722,2939.043701171875,2895824
2022-08-04 00:00:00+05:30,2948.284004184291,2981.6391313007757,2910.7484743753057,2952.640380859375,2150567
2022-08-05 00:00:00+05:30,2958.141372288894,2972.0467569139196,2952.684888790702,2961.52978515625,1106933
2022-08-08 00:00:00+05:30,2961.4857307835255,2973.718825122396,2935.9632683191207,2969.802490234375,1068836
2022-08-10 00:00:00+05:30,2979.0872677998295,2979.0872677998295,2935.0830245531556,2952.024658203125,1878359
2022-08-11 00:00:00+05:30,2992.2886658829434,3017.547059589707,2970.330590557669,3012.090576171875,1449248
2022-08-12 00:00:00+05:30,3009.010515943408,3009.010515943408,2975.7873082871156,2993.653076171875,1472354
2022-08-16 00:00:00+05:30,3001.969855860818,3005.358268967292,2981.287858906045,2985.8642578125,839942
2022-08-17 00:00:00+05:30,2979.174748577188,3008.0854015165114,2966.853563006056,2993.256103515625,1622326
2022-08-18 00:00:00+05:30,2983.4878523567468,2985.248022181146,2958.845474815157,2975.787109375,1430659
2022-08-19 00:00:00+05:30,2980.847420528017,3011.2103481950435,2966.986083984375,2979.747314453125,1398410
2022-08-22 00:00:00+05:30,2961.4856625107705,2978.2953698990436,2945.996082460912,2952.288818359375,1536532
2022-08-23 00:00:00+05:30,2921.837677410358,2941.155497044556,2877.877481785338,2890.726806640625,1849256
2022-08-24 00:00:00+05:30,2897.2396465133943,2911.3210056702032,2860.4520527433338,2864.984619140625,1691923
2022-08-25 00:00:00+05:30,2883.158010542912,2885.0501070521514,2829.252812696223,2832.2890625,1946930
2022-08-26 00:00:00+05:30,2846.458193615582,2866.436074774527,2831.0567102540363,2835.80908203125,1457962
2022-08-29 00:00:00+05:30,2750.264984792601,2765.842442693576,2711.5412538067208,2756.90966796875,2539173
2022-08-30 00:00:00+05:30,2776.667312913455,2839.59337087647,2765.314305884084,2826.083984375,3431525
2022-09-01 00:00:00+05:30,2807.470361006476,2807.470361006476,2746.7445130724805,2756.161376953125,3546935
2022-09-02 00:00:00+05:30,2783.7076906483003,2783.7076906483003,2746.1281198397464,2755.016845703125,2052900
2022-09-05 00:00:00+05:30,2749.076887768465,2770.462992067452,2739.0440066723772,2757.65771484375,2147912
2022-09-06 00:00:00+05:30,2759.5064994471986,2764.2150401121958,2733.8521078108315,2752.06982421875,1936453
2022-09-07 00:00:00+05:30,2730.023159097114,2782.7401547857316,2730.023159097114,2771.915283203125,1291534
2022-09-08 00:00:00+05:30,2789.868662483827,2801.7498066300514,2781.1559093890387,2789.560546875,1346113
2022-09-09 00:00:00+05:30,2811.871338156078,2845.75460780209,2788.5490876205113,2831.80517578125,1561185
2022-09-12 00:00:00+05:30,2851.386743228349,2877.7014084575,2838.2735652602178,2854.071044921875,1785928
2022-09-13 00:00:00+05:30,2872.1125680484006,2872.1125680484006,2838.2733519875155,2842.101806640625,1972678
2022-09-14 00:00:00+05:30,2759.065876894723,2764.698333727928,2740.408121912217,2746.216552734375,5090269
2022-09-15 00:00:00+05:30,2754.6651513933716,2761.485807918387,2728.2626100062143,2732.091064453125,2138023
2022-09-16 00:00:00+05:30,2707.140883675961,2723.2905259336594,2640.2544379154365,2647.9111328125,5322221
2022-09-19 00:00:00+05:30,2671.93739753417,2677.2179062249493,2629.5173540244687,2665.600830078125,2072220
2022-09-20 00:00:00+05:30,2684.2589485371036,2710.617448353941,2666.6572505139093,2675.72216796875,1544295
2022-09-21 00:00:00+05:30,2664.8966169537493,2676.6896666312164,2638.626001280077,2641.310302734375,2253818
2022-09-22 00:00:00+05:30,2631.4534566835873,2666.612800197156,2622.0365926375753,2646.766845703125,2017983
2022-09-23 00:00:00+05:30,2643.7748504500028,2660.056419935131,2621.772729524154,2624.45703125,2652374
2022-09-26 00:00:00+05:30,2604.9194100878144,2663.00501422092,2575.2165443379304,2635.326171875,2925489
2022-09-27 00:00:00+05:30,2648.527090847732,2662.256499568145,2619.1323446991073,2655.61181640625,2227447
2022-09-28 00:00:00+05:30,2622.652760305555,2684.214650414333,2622.652760305555,2671.62939453125,2739767
2022-09-29 00:00:00+05:30,2687.779187014094,2689.407429965768,2631.453755459116,2637.87841796875,2493902
2022-09-30 00:00:00+05:30,2632.2014274292333,2657.5917422646244,2596.33797567958,2644.258544921875,2817353
2022-10-03 00:00:00+05:30,2635.853683293181,2658.471817168587,2617.371904545549,2627.0087890625,1763331
2022-10-04 00:00:00+05:30,2666.6124941578328,2726.5022987280186,2660.4959486942544,2720.4736328125,2145875
2022-10-06 00:00:00+05:30,2737.943814323573,2749.3849167299395,2721.6181983015977,2729.97900390625,1790816
2022-10-07 00:00:00+05:30,2725.9748289925205,2732.663560045022,2691.387665003336,2697.3720703125,1939879
2022-10-10 00:00:00+05:30,2649.055370612203,2752.0252969781927,2644.6549464085288,2744.588623046875,3064063
2022-10-11 00:00:00+05:30,2728.263387926248,2767.867211299371,2687.2075103085745,2701.46484375,4730645
2022-10-12 00:00:00+05:30,2714.974150685142,2736.976275848283,2694.8643372047336,2728.923583984375,1665247
2022-10-13 00:00:00+05:30,2728.922977087694,2737.063761587593,2686.326958190763,2731.167236328125,2054781
2022-10-14 00:00:00+05:30,2767.866373622807,2772.2667971102837,2702.740106008153,2727.514404296875,2245977
2022-10-17 00:00:00+05:30,2711.191188700507,2760.3829006019378,2710.132396730235,2745.691650390625,1517005
2022-10-18 00:00:00+05:30,2779.4419453117853,2784.1626709744187,2760.515312292103,2774.765380859375,1793722
2022-10-19 00:00:00+05:30,2787.3831970318834,2787.3831970318834,2745.9121586461606,2754.603515625,1194289
2022-10-20 00:00:00+05:30,2739.7354565904398,2788.265392214425,2739.7354565904398,2785.883056640625,1587601
2022-10-21 00:00:00+05:30,2786.324544285981,2788.6185576972553,2759.1477342638077,2768.32421875,1021913
2022-10-24 00:00:00+05:30,2797.177844444988,2804.1484230161673,2783.8540826356225,2789.765869140625,260949
2022-10-25 00:00:00+05:30,2806.3535456635836,2809.662404583954,2780.4561236786158,2790.1181640625,2069643
2022-10-27 00:00:00+05:30,2788.8832750526153,2800.618740078452,2765.6331510594896,2785.971435546875,2438421
2022-10-28 00:00:00+05:30,2779.4419971424763,2804.589329497575,2775.0301844485994,2791.13330078125,1355739
2022-10-31 00:00:00+05:30,2822.678265363278,2822.678265363278,2803.9722192864997,2817.516357421875,1919414
2022-11-01 00:00:00+05:30,2836.354077010689,2878.7957967468583,2826.603928917729,2876.23681640625,2991060
2022-11-02 00:00:00+05:30,2885.3251479156916,2885.3251479156916,2843.0159124546703,2860.354248046875,1405955
2022-11-03 00:00:00+05:30,2848.310478720669,2848.310478720669,2819.148353296513,2829.51611328125,1422652
2022-11-04 00:00:00+05:30,2838.559982987403,2841.251231526313,2793.6917665316887,2838.912841796875,1464013
2022-11-07 00:00:00+05:30,2849.148105941495,2861.3247497880584,2819.2361076279935,2853.295166015625,1474498
2022-11-09 00:00:00+05:30,2867.502397918926,2867.502397918926,2825.016503885574,2837.72265625,1162267
2022-11-10 00:00:00+05:30,2797.0892715513423,2845.6192115940316,2797.0892715513423,2828.54541015625,1573092
2022-11-11 00:00:00+05:30,2884.972741372326,2948.502846331555,2872.1343229110385,2925.8701171875,3265394
2022-11-14 00:00:00+05:30,2932.972948442887,2955.032010931176,2919.737510949914,2943.1201171875,1342074
2022-11-15 00:00:00+05:30,2930.3257883875335,2947.046514255534,2904.7372765347063,2940.561279296875,1400708
2022-11-16 00:00:00+05:30,2946.1199747492524,2971.7084864646695,2930.72279268046,2960.635009765625,1748235
2022-11-17 00:00:00+05:30,2947.090720002706,2964.7379698230816,2927.4581545775386,2955.031982421875,1417986
2022-11-18 00:00:00+05:30,2955.914282904037,2967.164404428522,2930.3257712012855,2950.134765625,1164540
2022-11-21 00:00:00+05:30,2931.6494426143504,2941.531859652826,2887.9724983225788,2897.2373046875,1304194
2022-11-22 00:00:00+05:30,2894.149505432855,2928.5174877257564,2872.311029743995,2924.988037109375,1149739
2022-11-23 00:00:00+05:30,2938.267096023946,2938.267096023946,2903.8549588633055,2919.119873046875,1150011
2022-11-24 00:00:00+05:30,2926.1342203599343,2993.811371305719,2919.11948257653,2982.51708984375,1296591
2022-11-25 00:00:00+05:30,2985.0327653272407,3002.9889309440055,2954.1500734010056,2990.900390625,1588981
2022-11-28 00:00:00+05:30,2970.032689280981,3015.0331845731166,2969.6356691713404,2995.841796875,2195437
2022-11-29 00:00:00+05:30,2985.0323478503824,3025.6210229911208,2985.0323478503824,2997.6943359375,1576028
2022-11-30 00:00:00+05:30,2985.032567947061,3013.179847701842,2977.973667402108,2991.9150390625,3410702
2022-12-01 00:00:00+05:30,3022.0918682867737,3070.6218106972183,3017.6800553403696,3066.783447265625,2180856
2022-12-02 00:00:00+05:30,3051.297846000532,3060.827188659679,3011.5032111008086,3034.576904296875,2411749
2022-12-05 00:00:00+05:30,3029.1503577484414,3034.576800767576,3006.2089335417827,3022.885498046875,1475065
2022-12-06 00:00:00+05:30,3000.0763974160222,3007.046974384895,2971.7966386935204,2987.105712890625,1166999
2022-12-07 00:00:00+05:30,2972.0621794423473,2994.4741047527577,2959.444350368291,2982.915283203125,1167505
2022-12-08 00:00:00+05:30,2964.737940576892,2982.914693880783,2946.6053484812223,2956.399658203125,1285619
2022-12-09 00:00:00+05:30,2977.1789463074856,2977.1789463074856,2890.9280250014735,2905.398681640625,1797896
2022-12-12 00:00:00+05:30,2872.531012608813,2908.266692538365,2855.4132669095334,2899.840087890625,1527610
2022-12-13 00:00:00+05:30,2891.6785277132994,2943.958509197416,2883.3844058485947,2940.120361328125,1378016
2022-12-14 00:00:00+05:30,2954.8558406430157,2979.73842222779,2947.88504703309,2969.458984375,1213311
2022-12-15 00:00:00+05:30,2963.6797061285474,2968.929720801703,2910.870215460734,2916.296875,1415694
2022-12-16 00:00:00+05:30,2889.7372933102192,2904.737456359463,2845.7955961171497,2859.0751953125,2703680
2022-12-19 00:00:00+05:30,2847.3835518123956,2863.7072567112273,2818.70677293607,2825.36865234375,2120965
2022-12-20 00:00:00+05:30,2822.5893692776544,2866.7958175446647,2791.4860905554474,2862.33984375,1529971
2022-12-21 00:00:00+05:30,2866.796154401474,2896.8406447177717,2858.854890815874,2884.04638671875,1432566
2022-12-22 00:00:00+05:30,2906.5018913277986,2906.5018913277986,2863.3544539726518,2876.23681640625,1384101
2022-12-23 00:00:00+05:30,2838.5605375865457,2882.5464001920377,2838.5605375865457,2848.575439453125,1360281
2022-12-26 00:00:00+05:30,2848.574989923709,2887.090025891861,2845.6631506643457,2870.23681640625,870157
2022-12-27 00:00:00+05:30,2884.619664842959,2888.678618824853,2851.3546391063023,2876.060791015625,835883
2022-12-28 00:00:00+05:30,2867.5018256081944,2881.884378094464,2846.501554071851,2873.943115234375,910795
2022-12-29 00:00:00+05:30,2851.00155026507,2886.6489089761594,2848.2661403561187,2884.222412109375,1037927
2022-12-30 00:00:00+05:30,2899.487515031026,2910.9140670266365,2864.3252810692306,2873.590087890625,1163131
2023-01-02 00:00:00+05:30,2877.3842299429016,2882.546136946802,2854.6192334296225,2877.78125,709547
2023-01-03 00:00:00+05:30,2869.442736681144,2929.4433843116235,2863.5309512487165,2921.81103515625,1245178
2023-01-04 00:00:00+05:30,2917.707917742617,2935.9288318835124,2899.6194872236865,2924.72265625,1231668
2023-01-05 00:00:00+05:30,2938.4433252143804,2944.708184643928,2895.8693379101937,2921.59033203125,1826057
2023-01-06 00:00:00+05:30,2911.7961377349775,2913.163842641352,2823.559891136948,2833.751220703125,2488376
2023-01-09 00:00:00+05:30,2849.148823161941,2935.6203575905165,2842.2221906134705,2929.399658203125,2885060
2023-01-10 00:00:00+05:30,2898.5609212000154,2910.0316341301827,2850.119304301601,2899.796142578125,3864655
2023-01-11 00:00:00+05:30,2903.0608113950348,2955.4730552710416,2886.3398704670703,2937.119873046875,2720512
2023-01-12 00:00:00+05:30,2937.3849869866353,2955.914600902742,2925.5172535387624,2942.105712890625,2250391
2023-01-13 00:00:00+05:30,2949.649271801032,2981.502641592047,2916.207821977424,2977.576171875,1742837
2023-01-16 00:00:00+05:30,2993.324159475769,3025.8112471276013,2976.223361566918,3008.71044921875,1843607
2023-01-17 00:00:00+05:30,3005.0551874608955,3051.8005344403805,2996.933416683974,3048.732177734375,1688475
2023-01-18 00:00:00+05:30,3050.1762493662427,3076.3012356043387,3043.1825020489086,3059.200439453125,2421189
2023-01-19 00:00:00+05:30,3050.176310188505,3056.4932433752856,3033.030348681528,3043.94970703125,1585044
2023-01-20 00:00:00+05:30,3036.640045144708,3063.3966813383663,3028.1573943638814,3034.925537109375,1529349
2023-01-23 00:00:00+05:30,3057.3954283238595,3085.370416009231,3028.1571422247093,3081.67041015625,1067916
2023-01-24 00:00:00+05:30,3090.7850432164355,3115.1051909529156,3083.8364610513177,3100.982421875,1387863
2023-01-25 00:00:00+05:30,3091.055568934269,3099.8089883897333,3072.7364208055433,3095.0712890625,874110
2023-01-27 00:00:00+05:30,3091.6874086767493,3109.7357881786565,3052.251743528508,3078.1962890625,1785879
2023-01-30 00:00:00+05:30,3086.27313262084,3120.971100823279,3055.1848405969054,3098.591064453125,1953798
2023-01-31 00:00:00+05:30,3112.4433186610536,3112.4433186610536,3024.0062513288462,3030.954833984375,2820375
2023-02-01 00:00:00+05:30,3034.834977460141,3085.3704394695874,3027.615625744506,3075.759765625,2205161
2023-02-02 00:00:00+05:30,3092.5895219474696,3130.4911151548795,3086.362919761668,3122.730224609375,1813847
2023-02-03 00:00:00+05:30,3162.076345772332,3162.076345772332,3115.9626442696253,3142.493896484375,1804469
2023-02-06 00:00:00+05:30,3134.2368393436204,3134.2368393436204,3101.4792019506117,3122.324951171875,1138714
2023-02-07 00:00:00+05:30,3130.4011068970385,3152.149492409252,3123.632964557196,3133.695068359375,1455647
2023-02-08 00:00:00+05:30,3138.658461421749,3194.4729446376878,3138.658461421749,3176.605224609375,1986946
2023-02-09 00:00:00+05:30,3172.0029459457633,3201.421894965321,3163.249525265047,3195.33056640625,1655427
2023-02-10 00:00:00+05:30,3176.5147978181903,3196.683950073236,3165.8210448180002,3192.352294921875,1187821
2023-02-13 00:00:00+05:30,3202.6849319015614,3202.6849319015614,3134.461969485681,3142.583740234375,1087939
2023-02-14 00:00:00+05:30,3162.978405332995,3180.8915095356965,3153.9542158741274,3158.556640625,1579818
2023-02-15 00:00:00+05:30,3146.7350075745903,3181.929348066534,3122.504969647513,3177.101318359375,1429449
2023-02-16 00:00:00+05:30,3183.0123357780853,3226.148009166878,3182.8318960368056,3210.85205078125,1618931
2023-02-17 00:00:00+05:30,3182.064379197295,3193.570220400415,3149.4420234423537,3159.50390625,1061369
2023-02-20 00:00:00+05:30,3160.271129596154,3178.319508405955,3135.9509832133717,3147.005615234375,1296082
2023-02-21 00:00:00+05:30,3153.0518176626792,3166.497771917962,3108.6076842854936,3114.247802734375,1139541
2023-02-22 00:00:00+05:30,3081.716107289756,3110.638683938109,3063.71289004058,3069.623779296875,1218430
2023-02-23 00:00:00+05:30,3087.175351151494,3115.5112191854573,3075.443904333321,3080.677978515625,1441570
2023-02-24 00:00:00+05:30,3088.5289980581183,3098.861651446193,3052.2517986673643,3068.630615234375,977592
2023-02-27 00:00:00+05:30,3059.2004305919913,3059.2004305919913,2992.4214241424907,3006.724853515625,1128022
2023-02-28 00:00:00+05:30,3003.70187186879,3061.0054827636877,2977.892598362493,2989.5791015625,4116217
2023-03-01 00:00:00+05:30,2998.738199575175,3058.297850845702,2991.5188479060203,3055.31982421875,1669307
2023-03-02 00:00:00+05:30,3033.0305628388037,3041.0620046165113,2994.2265419515475,2997.33984375,1556538
2023-03-03 00:00:00+05:30,3026.713284379806,3030.3229603301693,3006.047977690829,3016.01953125,1043190
2023-03-06 00:00:00+05:30,3033.8422880766893,3072.6914693231265,3031.22536115521,3042.821533203125,1334132
2023-03-08 00:00:00+05:30,3035.7375059029696,3064.614913806922,3005.8224042793245,3059.561279296875,1844590
2023-03-09 00:00:00+05:30,3054.688696842155,3054.688696842155,3005.822790010675,3011.2373046875,1648500
2023-03-10 00:00:00+05:30,2989.623405611254,3011.597393364564,2968.958101481584,3005.957275390625,1024404
2023-03-13 00:00:00+05:30,3007.762131470913,3040.971190367257,2952.714579709819,2961.693603515625,1901233
2023-03-14 00:00:00+05:30,2959.934084802029,2981.9530185255367,2896.223220337673,2901.231689453125,2670334
2023-03-15 00:00:00+05:30,2932.8617458363906,2942.2018705999863,2880.521443910695,2886.748046875,1780522
2023-03-16 00:00:00+05:30,2894.960227384223,2905.608815924938,2862.4731425382656,2874.20458984375,1901060
2023-03-17 00:00:00+05:30,2843.0710795687405,2907.0524989935184,2837.2053560273353,2869.060791015625,6739966
2023-03-20 00:00:00+05:30,2860.3520931076205,2860.3520931076205,2793.031772654829,2836.573486328125,2289468
2023-03-21 00:00:00+05:30,2836.573850929424,2848.7113431184507,2795.1978492579433,2803.00390625,1815297
2023-03-22 00:00:00+05:30,2824.616398697249,2836.753889168361,2803.003509518878,2825.293212890625,1123939
2023-03-23 00:00:00+05:30,2810.9445796742175,2839.3258306983194,2798.4010449295647,2819.7431640625,1372218
2023-03-24 00:00:00+05:30,2841.6266543197817,2860.6677803537095,2802.9129734317416,2815.998046875,1329577
2023-03-27 00:00:00+05:30,2829.0837247587583,2845.1016629132937,2802.913572280926,2817.623046875,1524217
2023-03-28 00:00:00+05:30,2821.864106617975,2842.2136983642395,2806.6582589143677,2811.84716796875,1303530
2023-03-29 00:00:00+05:30,2823.6686802623394,2842.619476774167,2801.1985382394446,2832.6025390625,1740616
2023-03-31 00:00:00+05:30,2878.671402631456,2899.472204338833,2844.424646148771,2893.06494140625,2382581
2023-04-03 00:00:00+05:30,2910.2557859956287,2910.2557859956287,2864.0519824028015,2887.740478515625,1521830
2023-04-05 00:00:00+05:30,2874.6553489199614,2945.811165900153,2874.6553489199614,2923.65673828125,2655065
2023-04-06 00:00:00+05:30,2910.3013442933197,2939.494687765259,2901.277154078457,2906.4208984375,1703464
2023-04-10 00:00:00+05:30,2905.78896386189,2952.7147483714607,2901.276869197508,2944.953857421875,2203187
2023-04-11 00:00:00+05:30,2945.4959753413264,2953.5725823132193,2880.657074154327,2900.194580078125,2348779
2023-04-12 00:00:00+05:30,2912.963319978562,2942.7431464979895,2886.8383344135827,2925.326416015625,2417727
2023-04-13 00:00:00+05:30,2896.765029058617,2914.813409301973,2869.6924586935834,2877.678955078125,4174070
2023-04-17 00:00:00+05:30,2828.2715566379666,2854.7122578378658,2770.6520137188445,2833.14453125,5505048
2023-04-18 00:00:00+05:30,2847.0870328322676,2848.8017612748336,2807.064878818241,2825.24853515625,2617302
2023-04-19 00:00:00+05:30,2825.248469834299,2833.59584613262,2771.7801405720834,2788.114013671875,3298034
2023-04-20 00:00:00+05:30,2788.474964066555,2809.2306029576653,2777.6459350798887,2801.830810546875,2419999
2023-04-21 00:00:00+05:30,2806.523039363576,2855.6597089636048,2798.2208287767953,2852.4111328125,1929184
2023-04-24 00:00:00+05:30,2843.6119859525866,2870.549055104752,2821.096460503156,2864.999267578125,1640676
2023-04-25 00:00:00+05:30,2872.399452036514,2879.799243193542,2840.363580045532,2866.08251953125,2024090
2023-04-26 00:00:00+05:30,2870.5939197329512,2895.3201042878854,2870.5939197329512,2886.0703125,2000029
2023-04-27 00:00:00+05:30,2874.20436323212,2887.018668292053,2861.254563139059,2876.866455078125,2434446
2023-04-28 00:00:00+05:30,2888.101618768192,2912.331656535757,2884.3566681237626,2905.1123046875,2931312
2023-05-02 00:00:00+05:30,2919.325382723846,2919.325382723846,2896.7649083596743,2905.24755859375,2321159
2023-05-03 00:00:00+05:30,2902.1799581876826,2902.1799581876826,2863.5112098592144,2869.6025390625,2468285
2023-05-04 00:00:00+05:30,2869.827763052802,2909.8049697680735,2867.8876502834637,2906.4208984375,1953253
2023-05-05 00:00:00+05:30,2905.788985628069,2927.447040179334,2896.809961242115,2915.44482421875,1710027
2023-05-08 00:00:00+05:30,2928.349198292563,2937.2381121830967,2915.9861039841476,2933.40283203125,928235
2023-05-09 00:00:00+05:30,2935.2078913616624,2976.177622538405,2929.2518383140277,2962.866943359375,1107375
2023-05-10 00:00:00+05:30,2968.958008749041,2983.847919735168,2947.345121411385,2966.0703125,1559987
2023-05-11 00:00:00+05:30,2986.1043045039883,2986.7359537053417,2952.714803365684,2961.874267578125,1719623
2023-05-12 00:00:00+05:30,2959.1671272317485,2968.9584613481547,2941.8858917917887,2954.79052734375,1027479
2023-05-15 00:00:00+05:30,2963.5436844116543,2970.7630356526083,2931.372538570999,2937.418701171875,1150390
2023-05-16 00:00:00+05:30,2938.456635647952,2964.446346309158,2933.2677265181874,2940.21630859375,986306
2023-05-17 00:00:00+05:30,2938.231342296513,2959.9345651071476,2886.161805748151,2895.592041015625,1588815
2023-05-18 00:00:00+05:30,2911.1582258666713,2913.8654825847825,2883.228404788249,2887.605224609375,1369364
2023-05-19 00:00:00+05:30,2896.7646688524947,2918.873931901369,2890.492901561237,2908.36083984375,1152449
2023-05-22 00:00:00+05:30,2914.8129497334676,2985.6076660126437,2903.1266694318583,2976.80908203125,1333243
2023-05-23 00:00:00+05:30,2983.397162487744,3003.2052151323046,2969.048788762343,2975.320556640625,1687418
2023-05-24 00:00:00+05:30,2956.324369747154,2993.5039850346407,2956.324369747154,2981.005615234375,1016555
2023-05-25 00:00:00+05:30,2972.567908676655,2983.3969356663692,2948.2929279682253,2972.11669921875,1374917
2023-05-26 00:00:00+05:30,2972.1169557498865,3012.861085188572,2969.860908265637,3004.0625,1791115
2023-05-29 00:00:00+05:30,3032.849480091868,3042.9565276981425,2988.811393753336,2996.3466796875,1210372
2023-05-30 00:00:00+05:30,2991.518459812908,3002.30232090628,2979.200530752283,2992.601318359375,1344224
2023-05-31 00:00:00+05:30,2986.1042492714746,3002.9794392550057,2946.5330909329136,2968.507080078125,5815424
2023-06-01 00:00:00+05:30,2990.61667880025,3014.0795736852247,2975.7267647386316,2999.640869140625,1177314
2023-06-02 00:00:00+05:30,3001.670995775546,3010.379250409834,2975.681286269555,2983.0361328125,2030661
2023-06-05 00:00:00+05:30,2991.5190448102617,3002.3480730267693,2964.491639283323,2967.9658203125,1861468
2023-06-06 00:00:00+05:30,2959.9340095974917,2967.920505036819,2906.3304147456515,2916.888671875,2022849
2023-06-07 00:00:00+05:30,2935.568899857537,2958.8965182829807,2924.739872252775,2955.331787109375,1567196
2023-06-08 00:00:00+05:30,2942.7879725257776,2950.9097424591514,2917.52024384417,2920.633544921875,1759366
2023-06-09 00:00:00+05:30,2928.3498614294867,2932.86195674756,2892.569033684028,2896.133544921875,1775689
2023-06-12 00:00:00+05:30,2901.277372301193,2936.8325962952204,2897.667695943742,2930.064453125,2324605
2023-06-13 00:00:00+05:30,2941.885742306206,2946.3978370029945,2922.9349445796934,2927.17626953125,1371928
2023-06-14 00:00:00+05:30,2927.176458412748,2938.140981423725,2911.068411496085,2933.809326171875,1658544
2023-06-15 00:00:00+05:30,2950.4006679163926,2952.3552093195044,2918.3083232724543,2924.035888671875,2273810
2023-06-16 00:00:00+05:30,2906.489819361,2908.6716434866084,2869.2154738515223,2886.39794921875,4156189
2023-06-19 00:00:00+05:30,2900.1257053530403,2922.7629614182097,2886.488750625675,2918.671875,1468186
2023-06-20 00:00:00+05:30,2921.944618191877,2938.7635277863233,2910.1714258668903,2934.399658203125,1528452
2023-06-21 00:00:00+05:30,2954.674080653028,2965.0380794151984,2930.991187092349,2962.12890625,1645987
2023-06-22 00:00:00+05:30,2963.7652990268452,2970.7200582622286,2936.5823870603735,2944.218994140625,1529603
2023-06-23 00:00:00+05:30,2943.1277797551047,2954.1281240159633,2917.535626765662,2924.08154296875,1119505
2023-06-26 00:00:00+05:30,2913.7633478828543,2921.8545208154455,2884.6711709305137,2899.80810546875,1978803
2023-06-27 00:00:00+05:30,2911.035472947951,2917.9902315635795,2893.1256488765357,2906.80810546875,863542
2023-06-28 00:00:00+05:30,2916.4899632002866,2937.354458913725,2903.2165722164345,2923.262939453125,1575872
2023-06-30 00:00:00+05:30,2927.3998078961313,3009.2215416572035,2922.036027465169,3002.17578125,2672406
2023-07-03 00:00:00+05:30,3013.130740028882,3017.221826572155,2971.719808516399,2974.947265625,1687264
2023-07-04 00:00:00+05:30,2991.0388296361334,3013.7670882199945,2979.4929186666623,3008.176025390625,1656681
2023-07-05 00:00:00+05:30,3018.31307903841,3026.495253047851,3004.676122356007,3018.267578125,1453008
2023-07-06 00:00:00+05:30,3006.085313308048,3025.9951812448,3001.9487253976645,3020.949462890625,1848238
2023-07-07 00:00:00+05:30,3001.9483663386086,3051.8595329506525,3001.9483663386086,3026.72216796875,1789326
2023-07-10 00:00:00+05:30,3022.6310315390187,3022.6310315390187,2968.492276589758,2974.62890625,1407431
2023-07-11 00:00:00+05:30,2995.58452074979,2995.58452074979,2964.4923069892843,2975.0380859375,1110172
2023-07-12 00:00:00+05:30,2982.811311383607,2990.266136197233,2954.764772000077,2963.674072265625,1515240
2023-07-13 00:00:00+05:30,2985.5842369007783,3061.4511244735218,2975.3565198894707,3036.99560546875,4585146
2023-07-14 00:00:00+05:30,3059.223633971811,3204.548209497131,3047.4049393977743,3195.27490234375,6306101
2023-07-17 00:00:00+05:30,3191.047775615765,3227.3219906075915,3161.0919726546085,3174.41064453125,2743228
2023-07-18 00:00:00+05:30,3160.137072859517,3203.775329331685,3150.136639084645,3179.092529296875,2600090
2023-07-19 00:00:00+05:30,3181.9564387643286,3197.275374973218,3132.545112140107,3154.72802734375,2405370
2023-07-20 00:00:00+05:30,3147.481366184457,3170.997743413203,3131.9403423330245,3156.778564453125,1715404
2023-07-21 00:00:00+05:30,3102.772693816824,3130.8921637786366,3061.7554440058743,3070.186767578125,3770223
2023-07-24 00:00:00+05:30,3081.763335590572,3111.3412917464984,3073.6511224189344,3094.29638671875,1680132
2023-07-25 00:00:00+05:30,3096.8022755718303,3105.2792181395616,3081.0333776826646,3098.30615234375,1272980
2023-07-26 00:00:00+05:30,3099.400300884362,3118.0859374639376,3085.408771798231,3088.416748046875,1066803
2023-07-27 00:00:00+05:30,3094.4782454445894,3109.700159270894,3085.454538799316,3096.255615234375,1701769
2023-07-28 00:00:00+05:30,3085.4085459262187,3093.338502704607,3036.1878482954903,3058.42822265625,2599831
2023-07-31 00:00:00+05:30,3066.6317666989726,3123.3722948817326,3063.4415361987367,3118.632568359375,2743678
2023-08-01 00:00:00+05:30,3112.753742203544,3153.7709950290664,3112.753742203544,3146.524658203125,1956167
2023-08-02 00:00:00+05:30,3130.937826905583,3141.374393886134,3111.477553853232,3136.13330078125,1914899
2023-08-03 00:00:00+05:30,3117.3109079687597,3129.3882090010948,3069.913198256954,3099.035400390625,2026351
2023-08-04 00:00:00+05:30,3100.220594527487,3163.7973343932103,3100.220594527487,3138.77685546875,2248493
2023-08-07 00:00:00+05:30,3148.2563099923013,3179.292741496562,3136.680374620139,3175.6923828125,1853889
2023-08-08 00:00:00+05:30,3175.6921726071587,3181.06990066204,3150.67169533121,3163.4326171875,1634225
2023-08-09 00:00:00+05:30,3158.2373025425936,3160.1515300654332,3121.9143791043803,3156.0498046875,1794589
2023-08-10 00:00:00+05:30,3144.6557951355153,3158.236973179639,3126.471525696296,3137.455078125,1096701
2023-08-11 00:00:00+05:30,3133.8088225124093,3159.831808251447,3111.841719602854,3143.561767578125,1679974
2023-08-14 00:00:00+05:30,3136.178979187144,3149.213394617888,3109.1076379281085,3144.519287109375,1190425
2023-08-16 00:00:00+05:30,3144.655548093036,3159.2394578812937,3131.165387032337,3152.31201171875,1328445
2023-08-17 00:00:00+05:30,3149.213751006194,3154.5004640383327,3111.113233332602,3131.66748046875,1843241
2023-08-18 00:00:00+05:30,3108.1962872876197,3108.1962872876197,3059.431330874163,3069.09326171875,2526749
2023-08-21 00:00:00+05:30,3076.293480989737,3107.967910164372,3073.558997895524,3100.584716796875,1375579
2023-08-22 00:00:00+05:30,3099.081055570498,3109.1074942796968,3067.224369814653,3082.810791015625,1222012
2023-08-23 00:00:00+05:30,3088.143509067167,3100.9044326583535,3077.2055745604357,3097.486328125,1330046
2023-08-24 00:00:00+05:30,3106.3730455778173,3110.9761369975763,3079.1194508870794,3087.915283203125,1152881
2023-08-25 00:00:00+05:30,3076.2934297630904,3086.1376132448922,3053.7339446114943,3082.035888671875,1158046
2023-08-28 00:00:00+05:30,3093.6121942799687,3093.6121942799687,3062.712621128665,3076.795166015625,1037485
2023-08-29 00:00:00+05:30,3081.8084975473785,3089.556200731551,3067.178966440109,3077.342041015625,944517
2023-08-30 00:00:00+05:30,3097.2581115677926,3106.464294438142,3083.6313141767887,3090.83203125,1188200
2023-08-31 00:00:00+05:30,3099.992352350308,3114.940771005091,3047.718061218018,3059.704345703125,3417652
2023-09-01 00:00:00+05:30,3068.0906309950083,3089.0550054789314,3059.7049257080084,3080.122314453125,1277950
2023-09-04 00:00:00+05:30,3079.0285628462316,3129.0241274875875,3071.782225743971,3115.944091796875,1828332
2023-09-05 00:00:00+05:30,3117.311177679923,3141.921529082659,3103.7753953952833,3125.833740234375,1501842
2023-09-06 00:00:00+05:30,3130.071933045149,3139.095639063221,3097.349371389577,3126.334716796875,1314818
2023-09-07 00:00:00+05:30,3127.15492515693,3153.770516220787,3119.4072230217057,3149.44091796875,1885092
2023-09-08 00:00:00+05:30,3149.441245179643,3158.3283161992513,3131.029101522507,3137.272705078125,1518917
2023-09-11 00:00:00+05:30,3155.5937353709564,3177.1961089834826,3140.098329969077,3172.593017578125,1783604
2023-09-12 00:00:00+05:30,3182.9386422827856,3272.173860566186,3174.7351921738095,3263.87939453125,4476016
2023-09-13 00:00:00+05:30,3255.0377963035894,3271.2168221792035,3231.2477030451937,3252.075439453125,1754929
2023-09-14 00:00:00+05:30,3254.0807646975677,3279.2834969091505,3231.794770182642,3244.9658203125,2604721
2023-09-15 00:00:00+05:30,3252.0753624763356,3288.079391037457,3247.153159229306,3279.830322265625,2952897
2023-09-18 00:00:00+05:30,3263.1959666407256,3298.9721261758623,3258.820748484001,3286.98583984375,1395753
2023-09-20 00:00:00+05:30,3263.1502992373726,3304.167551602088,3263.1502992373726,3286.894775390625,1649396
2023-09-21 00:00:00+05:30,3270.943558229628,3285.937597907689,3215.752523000923,3267.981201171875,2004073
2023-09-22 00:00:00+05:30,3266.796010717758,3312.1428582437647,3249.52323591542,3284.706787109375,1989083
2023-09-25 00:00:00+05:30,3283.6582274126836,3299.6093777193378,3243.6891132026085,3260.5517578125,1238778
2023-09-26 00:00:00+05:30,3251.847543695411,3276.7767822705646,3223.0442313478416,3268.345458984375,1726062
2023-09-27 00:00:00+05:30,3272.264954709884,3294.1408207023737,3241.000651722388,3271.626953125,1541134
2023-09-28 00:00:00+05:30,3281.38005186612,3283.9322808574702,3215.160068443675,3223.72802734375,1755753
2023-09-29 00:00:00+05:30,3224.1380349399456,3252.622235715334,3195.28932540776,3216.29931640625,2243791
2023-10-03 00:00:00+05:30,3221.40351413728,3221.40351413728,3172.091799849083,3202.854736328125,1948148
2023-10-04 00:00:00+05:30,3177.7430606044213,3233.982222159653,3169.539610773689,3224.639404296875,1788138
2023-10-05 00:00:00+05:30,3239.451432181438,3303.2560467713934,3236.8992030912727,3271.6728515625,2990768
2023-10-06 00:00:00+05:30,3273.176401347944,3313.236535855373,3258.63811012588,3300.8857421875,2075691
2023-10-09 00:00:00+05:30,3322.443150428711,3353.3883449301275,3309.636607893801,3316.336181640625,4233074
2023-10-10 00:00:00+05:30,3317.8857096422857,3325.1320466518578,3282.6109158249983,3307.722412109375,1848148
2023-10-11 00:00:00+05:30,3326.9543322636387,3326.9543322636387,3285.9370870713474,3290.4033203125,2426417
2023-10-12 00:00:00+05:30,3258.592598284596,3271.0344082830998,3224.9585427168286,3229.0146484375,4241281
2023-10-13 00:00:00+05:30,3217.575421151711,3260.4156604701616,3213.0179488837907,3254.81005859375,2890357
2023-10-16 00:00:00+05:30,3250.389494786418,3258.273833459736,3207.6404903319494,3212.15234375,1671104
2023-10-17 00:00:00+05:30,3217.5752462064243,3221.3578589700005,3193.2840093522973,3196.656494140625,1672065
2023-10-18 00:00:00+05:30,3200.2571247966926,3210.9215657245095,3175.6467737942685,3178.609130859375,1408245
2023-10-19 00:00:00+05:30,3170.6127629599455,3177.3296712861907,3154.5288620352453,3157.955810546875,1514545
2023-10-20 00:00:00+05:30,3153.158141056141,3198.0284103099434,3147.3553086674356,3193.5048828125,1481211
2023-10-23 00:00:00+05:30,3173.810985687688,3179.248365587948,3108.2877801873806,3116.375244140625,1106272
2023-10-25 00:00:00+05:30,3098.418186283159,3129.946110609001,3086.2638983706042,3098.052734375,1518537
2023-10-26 00:00:00+05:30,3077.9024700555783,3083.065649974906,3043.1303207181386,3049.298828125,1984471
2023-10-27 00:00:00+05:30,3061.4075190461313,3072.3737549352513,3049.5274301662507,3062.275634765625,1108851
2023-10-30 00:00:00+05:30,3061.4074995333685,3091.4276593319496,3046.557388528169,3087.498046875,910972
2023-10-31 00:00:00+05:30,3106.1862890625,3106.1862890625,3061.4532301686027,3078.542236328125,999811
2023-11-01 00:00:00+05:30,3065.976774735599,3081.146823579833,3025.7672432636564,3043.724365234375,1563475
2023-11-02 00:00:00+05:30,3055.193202126613,3085.1218868690776,3055.193202126613,3070.637451171875,1245384
2023-11-03 00:00:00+05:30,3090.6504056818926,3096.0420483703,3056.198197111951,3062.2294921875,1402598
2023-11-06 00:00:00+05:30,3084.2537855610026,3100.063486624272,3069.6321379850096,3089.051513671875,1099852
2023-11-07 00:00:00+05:30,3086.99533768145,3110.8925036423684,3076.0291020236123,3080.095703125,1191144
2023-11-08 00:00:00+05:30,3081.009497872084,3108.8820129756928,3079.273266502525,3090.239501953125,992899
2023-11-09 00:00:00+05:30,3098.0531123476367,3099.3324172908847,3054.14243153224,3059.0771484375,2112352
2023-11-10 00:00:00+05:30,3050.441278848814,3059.0771449775716,3036.139568807074,3046.283203125,1338557
2023-11-13 00:00:00+05:30,3066.890289328859,3066.890289328859,3040.388555601047,3044.546630859375,1030990
2023-11-15 00:00:00+05:30,3091.6561463483945,3118.9802615645867,3066.9363782941077,3111.02978515625,2059802
2023-11-16 00:00:00+05:30,3134.5609961485866,3225.3066282942846,3120.076339309424,3196.520263671875,3951984
2023-11-17 00:00:00+05:30,3196.5207753389523,3220.8748683172735,3191.6773098626118,3200.724365234375,2021292
2023-11-20 00:00:00+05:30,3190.4889097792343,3229.464646386725,3190.4889097792343,3216.396728515625,1475621
2023-11-21 00:00:00+05:30,3216.396747586853,3234.1711418231757,3199.398994448308,3207.806396484375,1807236
2023-11-22 00:00:00+05:30,3198.485265113703,3228.3224741290987,3181.2135339255397,3226.037841796875,1798051
2023-11-23 00:00:00+05:30,3225.9009601530765,3238.694901638103,3198.485371256592,3206.024658203125,2729804
2023-11-24 00:00:00+05:30,3193.230552452981,3202.6432821116277,3155.5341196594813,3159.281005859375,1989733
2023-11-28 00:00:00+05:30,3159.2809411434473,3181.350399374295,3137.25699707058,3171.20654296875,1689195
2023-11-29 00:00:00+05:30,3181.12233920591,3214.9349006970383,3176.370348158616,3211.051025390625,1441634
2023-11-30 00:00:00+05:30,3197.982587796699,3213.7008135539186,3181.1220458782195,3187.153564453125,3266235
2023-12-01 00:00:00+05:30,3198.4852942750963,3213.9750570070746,3189.3925021316686,3209.131591796875,1172141
2023-12-04 00:00:00+05:30,3239.2880745982866,3242.166844637981,3196.6569328758364,3209.862060546875,1625213
2023-12-05 00:00:00+05:30,3233.2116065096975,3233.2116065096975,3201.044028590681,3227.363037109375,1377656
2023-12-06 00:00:00+05:30,3228.276707900282,3301.6134000384272,3221.4683255949626,3293.6171875,1896572
2023-12-07 00:00:00+05:30,3294.4397617823906,3317.788748405097,3282.2854733793333,3303.48681640625,1967653
2023-12-08 00:00:00+05:30,3320.027581556413,3330.993816342727,3291.7438789584367,3314.270263671875,1641155
2023-12-11 00:00:00+05:30,3310.797648664154,3338.304710750083,3303.5782998526,3329.07470703125,1102503
2023-12-12 00:00:00+05:30,3325.4654041320105,3379.7939215758247,3318.2003172411905,3355.759765625,2236866
2023-12-13 00:00:00+05:30,3329.668470857527,3335.5627768963504,3256.0575819401906,3283.975830078125,3850968
2023-12-14 00:00:00+05:30,3317.2856435659382,3361.150577695736,3315.0924861028857,3351.32666015625,3290396
2023-12-15 00:00:00+05:30,3350.824558139156,3560.3253463636993,3350.824558139156,3528.38623046875,8531230
2023-12-18 00:00:00+05:30,3525.7363506427123,3590.528439137833,3500.19398079059,3526.741455078125,2521612
2023-12-19 00:00:00+05:30,3513.7645660221524,3522.9945699903956,3463.5026541544753,3487.445556640625,2004435
2023-12-20 00:00:00+05:30,3497.543479836221,3562.9296988605265,3442.072653930527,3454.40966796875,2586083
2023-12-21 00:00:00+05:30,3432.660113142662,3478.763949441548,3420.871499435154,3461.218017578125,1517562
2023-12-22 00:00:00+05:30,3472.640774140298,3514.632267300616,3437.9143663988953,3494.5732421875,2413058
2023-12-26 00:00:00+05:30,3490.7813789656334,3503.712309330165,3463.639767096589,3468.57470703125,1285231
2023-12-27 00:00:00+05:30,3471.7270162885334,3489.2729465846164,3443.397577619161,3482.8759765625,1293976
2023-12-28 00:00:00+05:30,3494.5739961540417,3507.3679386085805,3465.4221736618024,3472.550048828125,1682889
2023-12-29 00:00:00+05:30,3465.3303142807017,3493.2943032121766,3441.0217370731516,3466.609619140625,1574996
2024-01-01 00:00:00+05:30,3463.5027692673525,3501.8845941510544,3447.967268719188,3482.78515625,825907
2024-01-02 00:00:00+05:30,3482.785206409597,3482.785206409597,3442.7126637044803,3457.28857421875,1344068
2024-01-03 00:00:00+05:30,3442.4837365673884,3446.916012198502,3369.4212447573177,3373.71630859375,1803075
2024-01-04 00:00:00+05:30,3382.8548848897744,3398.6188470061647,3336.4768514169155,3350.915771484375,3598144
2024-01-05 00:00:00+05:30,3358.409607550091,3424.8924099852666,3358.2726188503784,3415.890869140625,1963127
2024-01-08 00:00:00+05:30,3415.8905458931986,3417.581262942363,3356.033183042012,3361.425048828125,1067805
2024-01-09 00:00:00+05:30,3390.349165935751,3429.0966701233606,3365.4924069544254,3372.0263671875,1370944
2024-01-10 00:00:00+05:30,3372.1172861265227,3407.9860133570014,3370.2895802803837,3393.181640625,1292227
2024-01-11 00:00:00+05:30,3403.1881186966993,3447.966909732182,3387.6526197660214,3413.7431640625,1777909
2024-01-12 00:00:00+05:30,3516.505979741258,3568.824058571868,3492.3803522837784,3548.30810546875,6813450
2024-01-15 00:00:00+05:30,3618.8582551619093,3623.4275206355987,3550.31927305657,3567.499755859375,2801505
2024-01-16 00:00:00+05:30,3563.1128581170137,3563.1128581170137,3523.4059897648553,3528.66064453125,1432672
2024-01-17 00:00:00+05:30,3490.0040444785163,3573.11891681027,3484.1097382002936,3549.952880859375,3458696
2024-01-18 00:00:00+05:30,3562.198287399789,3572.0679424637656,3529.299585925599,3566.402099609375,2239110
2024-01-19 00:00:00+05:30,3630.265574324088,3647.3356893209884,3602.7050479129484,3628.47119140625,2941975
2024-01-23 00:00:00+05:30,3588.8559304230384,3620.051280568456,3536.173365803367,3550.436767578125,2618854
2024-01-24 00:00:00+05:30,3570.4516563375996,3573.8103676439687,3501.9874154730123,3535.29931640625,2657709
2024-01-25 00:00:00+05:30,3533.550617096936,3552.9673375818998,3477.2332310375527,3506.312255859375,2205154
2024-01-29 00:00:00+05:30,3497.570151432114,3515.2383200453005,3479.211818227295,3497.754150390625,1646747
2024-01-30 00:00:00+05:30,3503.689267668841,3540.8202098796714,3484.8708260966287,3497.33984375,1411621
2024-01-31 00:00:00+05:30,3507.140188249078,3528.1212358360913,3493.566951882729,3511.51123046875,2459358
2024-02-01 00:00:00+05:30,3515.2384129880293,3593.3649569612444,3501.481176697016,3546.663818359375,2363107
2024-02-02 00:00:00+05:30,3565.896430136547,3666.522292350957,3563.089715877142,3649.866455078125,2826510
2024-02-05 00:00:00+05:30,3665.2337000204675,3701.122254954135,3646.001205318622,3656.3076171875,1691523
2024-02-06 00:00:00+05:30,3678.1170862666413,3818.818548187844,3671.675550213635,3806.027587890625,4474396
2024-02-07 00:00:00+05:30,3821.671387213115,3823.511826118587,3748.927994541734,3757.6240234375,2124267
2024-02-08 00:00:00+05:30,3763.697529491343,3826.272451742055,3760.062707616723,3804.279296875,2345173
2024-02-09 00:00:00+05:30,3806.533887272955,3850.8886480018823,3772.9000434452996,3803.91162109375,2100596
2024-02-12 00:00:00+05:30,3800.5063475256047,3827.7449332471438,3778.006802130109,3791.948486328125,1013716
2024-02-13 00:00:00+05:30,3796.3195851121786,3837.3151826933213,3755.875759751269,3818.45068359375,1257415
2024-02-14 00:00:00+05:30,3779.3416123963243,3786.611256823303,3726.4289893837145,3772.9921875,1391283
2024-02-15 00:00:00+05:30,3798.6657441778602,3815.505579737829,3757.255870513131,3775.844482421875,1091582
2024-02-16 00:00:00+05:30,3785.092771105926,3817.024566750078,3772.9919748251077,3798.94189453125,1307556
2024-02-19 00:00:00+05:30,3794.110709187132,3798.941861408623,3731.489953932272,3776.396484375,772291
2024-02-20 00:00:00+05:30,3756.427991026826,3771.059390745061,3690.0800773274027,3709.08251953125,1193648
2024-02-21 00:00:00+05:30,3692.8406262355356,3739.1737650742916,3663.0256061355944,3673.055908203125,1885939
2024-02-22 00:00:00+05:30,3654.1919577495937,3768.253129931845,3654.1919577495937,3761.029541015625,2982052
2024-02-23 00:00:00+05:30,3800.5060448617196,3800.5060448617196,3723.575614717989,3728.821044921875,2538072
2024-02-26 00:00:00+05:30,3714.0056182761105,3726.8886902919344,3665.0039336444943,3681.843994140625,1379284
2024-02-27 00:00:00+05:30,3679.957687485479,3794.985122078048,3679.957687485479,3776.94873046875,2960475
2024-02-28 00:00:00+05:30,3768.8514059644444,3823.420247389611,3762.7778668644,3790.338623046875,1939225
2024-02-29 00:00:00+05:30,3771.97987960793,3807.9605533454464,3740.2783615123485,3768.39111328125,3772719
2024-03-01 00:00:00+05:30,3779.5255936695676,3809.708612609149,3760.752981650241,3767.70068359375,2043265
2024-03-04 00:00:00+05:30,3777.500781504877,3789.371522353806,3750.722306075315,3755.139404296875,1749271
2024-03-05 00:00:00+05:30,3737.9310635150186,3739.771502246439,3662.4730755267788,3692.01220703125,2070859
2024-03-06 00:00:00+05:30,3675.402916839171,3747.1339854041835,3642.6430111880313,3740.04833984375,1744204
2024-03-07 00:00:00+05:30,3740.692062833141,3794.9850103625763,3715.570026925066,3780.813720703125,2688905
2024-03-11 00:00:00+05:30,3762.7773878887397,3821.6714335783654,3762.7773878887397,3793.466796875,2304068
2024-03-12 00:00:00+05:30,3793.467268682179,3892.482985177985,3792.2707136347426,3857.79052734375,4039801
2024-03-13 00:00:00+05:30,3869.522767451965,3902.6506674824695,3802.2546361359555,3817.990478515625,2837260
2024-03-14 00:00:00+05:30,3822.086214963553,3887.92774653845,3760.017224226297,3871.916015625,2919608
2024-03-15 00:00:00+05:30,3858.1127125937037,3900.8108113691155,3843.7571972372716,3882.636474609375,3373143
2024-03-18 00:00:00+05:30,3878.9547030215235,3915.30336817053,3789.325426164842,3821.2109375,1526904
2024-03-19 00:00:00+05:30,3728.0389511805306,3734.2504323086932,3650.1424666014186,3659.98876953125,8931209
2024-03-20 00:00:00+05:30,3667.9945238818095,3697.441544645537,3644.252818458466,3654.09912109375,1817913
2024-03-21 00:00:00+05:30,3671.7219275853204,3688.6078209191865,3633.0266519750294,3655.986083984375,3829582
2024-03-22 00:00:00+05:30,3586.094783172481,3623.8237762723197,3547.445570728744,3598.8857421875,5852485
2024-03-26 00:00:00+05:30,3565.851062255702,3631.8307647201955,3562.584237640262,3568.151611328125,3440925
2024-03-27 00:00:00+05:30,3578.2737319961457,3584.255159090906,3523.8886665462896,3534.47119140625,1968575
2024-03-28 00:00:00+05:30,3542.9366841718333,3602.65883138375,3534.1024883599725,3567.04638671875,4311783
2024-04-01 00:00:00+05:30,3586.73930579266,3619.499208082045,3577.8592779642013,3604.26953125,1569676
2024-04-02 00:00:00+05:30,3579.653802211397,3597.9202488822098,3564.0100709420926,3573.948486328125,2142666
2024-04-03 00:00:00+05:30,3543.7651451703696,3663.3936751293795,3543.7651451703696,3632.38232421875,3973090
2024-04-04 00:00:00+05:30,3658.700888118243,3707.2424702980325,3621.2940525690565,3683.9150390625,3394637
2024-04-05 00:00:00+05:30,3660.632928826098,3682.7181953650183,3644.529088641468,3661.783203125,1636819
2024-04-08 00:00:00+05:30,3665.2341685019233,3710.9229755652163,3644.0691205793664,3655.617919921875,2302538
2024-04-09 00:00:00+05:30,3666.1545588206272,3695.4636403269888,3611.9076631803105,3631.6923828125,1876992
2024-04-10 00:00:00+05:30,3640.755756416513,3671.859215464032,3605.4194231451925,3666.751953125,2101965
2024-04-12 00:00:00+05:30,3654.1916765092096,3693.163062647417,3630.7260789894453,3682.166259765625,4354821
2024-04-15 00:00:00+05:30,3682.166211852168,3739.9560412971437,3606.3862709398386,3626.76904296875,4200329
2024-04-16 00:00:00+05:30,3590.6965366993572,3615.2663527431537,3554.670032660961,3563.826171875,3051420
2024-04-18 00:00:00+05:30,3567.5069887926393,3621.983938050233,3542.84506135503,3553.8876953125,3476284
2024-04-19 00:00:00+05:30,3531.802482817412,3545.1917216335364,3497.6622490979976,3520.94384765625,2957749
2024-04-22 00:00:00+05:30,3530.8818836618084,3568.6108795518617,3507.8763983629956,3556.280029296875,1728883
2024-04-23 00:00:00+05:30,3567.7368242988855,3584.254718312047,3552.599259445536,3565.57421875,1807586
2024-04-24 00:00:00+05:30,3579.653877353025,3587.0156333989953,3519.3334438187635,3525.406982421875,1317312
2024-04-25 00:00:00+05:30,3507.1406281722816,3564.608292894232,3506.9566291988567,3544.86962890625,2856271
2024-04-26 00:00:00+05:30,3547.583950815871,3567.5068368634634,3499.1805421614235,3516.480712890625,2039178
2024-04-29 00:00:00+05:30,3531.8025697028056,3568.427352070046,3514.5023975397753,3561.43359375,1110693
2024-04-30 00:00:00+05:30,3563.0892905547325,3572.061429135029,3506.0356913774613,3515.8359375,2203078
2024-05-02 00:00:00+05:30,3476.635273211625,3562.261741296734,3476.635273211625,3555.083984375,2491044
2024-05-03 00:00:00+05:30,3579.7917453667596,3582.966682325397,3494.625611625741,3536.771484375,2962234
2024-05-06 00:00:00+05:30,3545.605583246127,3625.6186204477826,3545.605583246127,3608.2265625,2053831
2024-05-07 00:00:00+05:30,3617.198604098228,3669.8351109068294,3601.278762922236,3661.507080078125,2062112
2024-05-08 00:00:00+05:30,3644.9895357076884,3666.43069555621,3624.3767082288086,3659.6669921875,1247685
2024-05-09 00:00:00+05:30,3645.9096138402,3654.191589237616,3598.1042563399305,3644.253173828125,1726486
2024-05-10 00:00:00+05:30,3646.4614392288563,3656.5838525037266,3575.0983807084344,3583.2421875,1672489
2024-05-13 00:00:00+05:30,3574.5925909400316,3639.4680646589845,3561.2494084020914,3632.842529296875,931326
2024-05-14 00:00:00+05:30,3621.9836417268198,3631.001836986879,3582.322094809196,3589.9599609375,1058317
2024-05-15 00:00:00+05:30,3592.9972050666793,3613.656088871118,3566.3108383239633,3570.81982421875,1115021
2024-05-16 00:00:00+05:30,3606.6908950730917,3623.745907431527,3562.569994938758,3615.82080078125,2599399
2024-05-17 00:00:00+05:30,3632.5515570276343,3633.4784647992665,3550.0567653523444,3553.857177734375,2765804
2024-05-21 00:00:00+05:30,3550.613121462056,3563.728776359017,3531.5651208470945,3540.97314453125,1908117
2024-05-22 00:00:00+05:30,3554.6913678959663,3560.484541572459,3538.5168722503677,3551.91064453125,1311168
2024-05-23 00:00:00+05:30,3560.2067218121256,3619.575215874568,3545.886040544983,3608.869384765625,2095742
2024-05-24 00:00:00+05:30,3594.7799452001173,3599.9243284199265,3563.311472664004,3568.13134765625,1309452
2024-05-27 00:00:00+05:30,3573.2294672441094,3622.6800874842297,3560.5772666527496,3565.860595703125,1841538
2024-05-28 00:00:00+05:30,3576.0105212093163,3587.1334155210093,3550.057101148699,3559.2333984375,1801993
2024-05-29 00:00:00+05:30,3567.57539103945,3567.57539103945,3522.2496895007944,3525.6328125,1568095
2024-05-30 00:00:00+05:30,3500.930948347214,3517.0590544137885,3443.8797249385125,3463.0205078125,2919230
2024-05-31 00:00:00+05:30,3466.6348590080306,3475.718599887057,3386.689068476094,3402.6318359375,10956800
2024-06-03 00:00:00+05:30,3459.961281200074,3477.340801445973,3425.8510308716222,3432.200439453125,2156773
2024-06-04 00:00:00+05:30,3429.5585424903265,3471.2693896287224,3328.989055501083,3443.462158203125,3395997
2024-06-05 00:00:00+05:30,3444.389229413079,3507.2336206771465,3429.5587052821297,3472.613525390625,2799670
2024-06-06 00:00:00+05:30,3504.637854175688,3559.23262470231,3468.025001692234,3550.427001953125,4328036
2024-06-07 00:00:00+05:30,3556.8235246852323,3628.844219100155,3556.8235246852323,3609.332763671875,4552445
2024-06-10 00:00:00+05:30,3610.3057325626605,3620.4089366489284,3561.08683988795,3576.658935546875,1734661
2024-06-11 00:00:00+05:30,3563.960611925237,3596.3559953752433,3560.2529805994373,3570.541748046875,1419898
2024-06-12 00:00:00+05:30,3591.211490093849,3608.9155195936296,3547.693214139478,3551.586181640625,2177001
2024-06-13 00:00:00+05:30,3574.8983964608374,3605.6716931586984,3570.4491933283566,3594.687744140625,1932323
2024-06-14 00:00:00+05:30,3604.7443844726295,3604.7443844726295,3548.2030094526167,3551.95703125,1860730
2024-06-18 00:00:00+05:30,3546.395689059985,3561.179823442644,3517.661546809407,3536.24609375,1774045
2024-06-19 00:00:00+05:30,3547.8784064893566,3553.6254156533255,3515.7147523909116,3523.8251953125,1509050
2024-06-20 00:00:00+05:30,3518.542084048452,3531.4724028758133,3503.757949581445,3510.431640625,2846526
2024-06-21 00:00:00+05:30,3547.2766091658877,3594.363576752115,3520.442670146163,3532.21435546875,4642195
2024-06-24 00:00:00+05:30,3530.359880582307,3575.0831793648726,3514.185385660008,3537.821533203125,1702154
2024-06-25 00:00:00+05:30,3538.0072761024458,3566.416911288198,3515.668706319215,3557.889404296875,1338808
2024-06-26 00:00:00+05:30,3563.496840516408,3584.3058742192884,3560.252663395376,3574.017333984375,1639845
2024-06-27 00:00:00+05:30,3550.983551295317,3653.870310416638,3539.0265319698215,3646.593994140625,4526556
2024-06-28 00:00:00+05:30,3631.439292021709,3670.554754499888,3612.947527343435,3618.786865234375,2731571
2024-07-01 00:00:00+05:30,3600.1098911444064,3709.206893822337,3600.1098911444064,3687.424560546875,2658723
2024-07-02 00:00:00+05:30,3701.699052905465,3729.320724102144,3691.4566765329196,3723.75927734375,2307449
2024-07-03 00:00:00+05:30,3726.169344471108,3731.8235725519535,3665.9203376575206,3675.421142578125,1821198
2024-07-04 00:00:00+05:30,3707.4921862442698,3751.5203059355035,3691.039573096493,3727.0498046875,2518001
2024-07-05 00:00:00+05:30,3716.900368316538,3732.4260743437953,3696.508396221036,3718.56884765625,1668616
2024-07-08 00:00:00+05:30,3728.023360391662,3736.597257975855,3687.2858057778326,3701.328369140625,1758882
2024-07-09 00:00:00+05:30,3693.727708193667,3714.0732898340816,3684.551411180989,3694.191162109375,1305801
2024-07-10 00:00:00+05:30,3692.522405623858,3710.68988827446,3616.7940867398565,3623.42138671875,2669716
2024-07-11 00:00:00+05:30,3643.6744309405326,3689.092911509367,3610.8619865173036,3636.907958984375,4872189
2024-07-12 00:00:00+05:30,3689.092963601374,3892.9665108049144,3681.0289111762886,3878.135986328125,13509164
2024-07-15 00:00:00+05:30,3926.1034789200803,3930.089001351756,3853.201819687219,3864.464111328125,4848030
2024-07-16 00:00:00+05:30,3867.0591058147356,3887.9606943936283,3841.939815447988,3873.037841796875,2029521
2024-07-18 00:00:00+05:30,3855.9359040243958,4008.8756694484405,3855.9359040243958,4000.1162109375,5613364
2024-07-19 00:00:00+05:30,4011.1260943754664,4049.5428404415234,3981.2568871814256,3997.190185546875,3903354
2024-07-22 00:00:00+05:30,3994.9142619649265,4013.4954737488206,3962.443412915425,3983.2080078125,1896386
2024-07-23 00:00:00+05:30,3979.167115356308,4052.2843764255626,3963.6516196739526,3997.14453125,2365208
2024-07-24 00:00:00+05:30,3983.3469610338807,4031.2865743722073,3965.323277758002,4000.766845703125,1809793
2024-07-25 00:00:00+05:30,3990.315092493855,4034.909999231854,3970.990814364529,4015.8642578125,2810342
2024-07-26 00:00:00+05:30,4041.4138211460827,4108.724446589915,4029.3823042903405,4076.578857421875,3552210
2024-07-29 00:00:00+05:30,4101.802189759301,4116.667158057409,4060.923526939503,4070.30712890625,1746803
2024-07-30 00:00:00+05:30,4079.5976241161015,4086.0080507932844,4020.3232924395934,4055.67431640625,1797906
2024-07-31 00:00:00+05:30,4041.4139618583135,4100.87384543508,4036.7686584538783,4074.25634765625,2330091
2024-08-01 00:00:00+05:30,4087.3087768878186,4105.796990579302,4055.395457172885,4085.172119140625,2202244
2024-08-02 00:00:00+05:30,4055.34909195336,4086.008088524829,3967.088344247617,3979.21240234375,2811282
2024-08-05 00:00:00+05:30,3938.2877856411073,3938.2877856411073,3818.9035015045465,3860.29296875,2787771
2024-08-06 00:00:00+05:30,3875.065098154798,3956.17189885466,3865.6347711065923,3875.29736328125,2203067
2024-08-07 00:00:00+05:30,3928.0680935195514,3943.8158516524645,3883.7517228332504,3902.47265625,1237666
2024-08-08 00:00:00+05:30,3884.4022569734157,3931.7843462117903,3864.891984934085,3876.551513671875,2441283
2024-08-09 00:00:00+05:30,3917.8481873983887,3951.8981645067097,3907.2102630563363,3928.7646484375,1302536
2024-08-12 00:00:00+05:30,3929.926507307199,3938.288053067427,3889.3731010986708,3898.01318359375,936912
2024-08-13 00:00:00+05:30,3914.1326781305343,3933.6429525764734,3886.260857493479,3899.221435546875,1495593
2024-08-14 00:00:00+05:30,3910.4158901229916,4000.7207578523953,3891.044886752686,3990.54736328125,3226545
2024-08-16 00:00:00+05:30,4041.413561593398,4112.951226936545,4018.280043659057,4102.77783203125,3457058
2024-08-19 00:00:00+05:30,4107.376754658791,4175.430440991918,4078.901139092339,4171.48193359375,2055210
2024-08-20 00:00:00+05:30,4185.417806867609,4241.161440255413,4180.772504085293,4202.41943359375,2212298
2024-08-21 00:00:00+05:30,4197.496096539259,4236.516644581457,4173.851321089861,4228.61962890625,1896990
2024-08-22 00:00:00+05:30,4236.516374666815,4237.39916370202,4178.171549911448,4182.630859375,1829872
2024-08-23 00:00:00+05:30,4180.772575829952,4186.346939264392,4138.964850071652,4147.2333984375,1809253
2024-08-26 00:00:00+05:30,4170.553269172667,4229.223358650871,4166.837026562577,4183.04931640625,1844164
2024-08-27 00:00:00+05:30,4185.417727677566,4190.063030371992,4168.50864441272,4178.12451171875,930697
2024-08-28 00:00:00+05:30,4179.611593409034,4238.83920976465,4141.101848062617,4186.3935546875,1848058
2024-08-29 00:00:00+05:30,4143.610677557092,4232.800503800473,4143.610677557092,4191.73583984375,2133641
2024-08-30 00:00:00+05:30,4180.771985657425,4266.477811363402,4169.43726681697,4230.708984375,3637222
2024-09-02 00:00:00+05:30,4251.3811612563195,4262.5298880777955,4191.921284875112,4200.3291015625,1216500
2024-09-03 00:00:00+05:30,4200.329136859027,4232.706988670382,4176.9633540945715,4192.24658203125,1717263
2024-09-04 00:00:00+05:30,4159.357971016076,4168.694848446134,4121.9632824379705,4161.49462890625,1265505
2024-09-05 00:00:00+05:30,4163.120285213532,4179.843374955519,4138.1749189531665,4158.4287109375,1688793
2024-09-06 00:00:00+05:30,4156.570844055927,4198.378570967705,4125.029055295338,4140.5908203125,1649179
2024-09-09 00:00:00+05:30,4138.964928860649,4171.714314661398,4116.202944403391,4133.9013671875,1184938
2024-09-10 00:00:00+05:30,4127.30496423786,4217.888362209953,4125.446843253818,4188.0654296875,1385591
2024-09-11 00:00:00+05:30,4200.701434505407,4226.622135770557,4154.062408672436,4161.587890625,1325919
2024-09-12 00:00:00+05:30,4190.295602177849,4211.0601974701785,4116.94608580757,4197.21728515625,2742216
2024-09-13 00:00:00+05:30,4208.644488913913,4224.43851900476,4185.417974074432,4201.76953125,1458786
2024-09-16 00:00:00+05:30,4205.857102070119,4223.555524057743,4175.6163626806965,4193.08251953125,1155120
2024-09-17 00:00:00+05:30,4193.0829242332575,4214.033060161901,4149.184809090063,4186.02197265625,1699364
2024-09-18 00:00:00+05:30,4178.03182491242,4178.03182491242,4014.47088636393,4037.836669921875,2961779
2024-09-19 00:00:00+05:30,4078.6232411061633,4108.492909161809,3978.0524080877503,3991.384521484375,2927551
2024-09-20 00:00:00+05:30,4010.661579574174,4023.4828879317256,3927.6036533634933,3980.931640625,5447908
2024-09-23 00:00:00+05:30,3994.960476501186,4003.693555186361,3951.294629432452,3965.695068359375,1702319
2024-09-24 00:00:00+05:30,3950.0401935138225,3986.598816855598,3939.216728843565,3968.296142578125,3012026
2024-09-25 00:00:00+05:30,3950.6913284717216,3985.2988392847856,3939.2173381849816,3971.502197265625,2713073
2024-09-26 00:00:00+05:30,3957.7979636084015,4010.5684216660406,3957.7979636084015,3987.992431640625,3964251
2024-09-27 00:00:00+05:30,4027.4778141813813,4067.4274211040574,3995.0069638417276,4003.043701171875,3012477
2024-09-30 00:00:00+05:30,3982.7896922279247,3993.799150781273,3957.8443250356186,3965.695068359375,2503416
2024-10-01 00:00:00+05:30,3953.664034258638,3991.012455419667,3941.958232489669,3983.71923828125,1823365
2024-10-03 00:00:00+05:30,3960.2137504333123,3975.4502533375357,3911.345072809307,3932.481201171875,3350119
2024-10-04 00:00:00+05:30,3925.280999271066,3993.1024224537377,3924.398210251953,3950.597900390625,2965463
2024-10-07 00:00:00+05:30,3970.7119044131277,3992.4055595878863,3929.368708787632,3969.736572265625,1472619
2024-10-08 00:00:00+05:30,3969.5042681636573,3975.821698560318,3905.7243509858204,3951.52685546875,1541867
2024-10-09 00:00:00+05:30,3957.7974974173485,3990.3146130064583,3945.4411749506053,3951.247802734375,1082504
2024-10-10 00:00:00+05:30,3951.527295380479,3989.24724931777,3900.754220484527,3927.510986328125,2378875
2024-10-11 00:00:00+05:30,3849.0977975212186,3941.028518940875,3820.7151796266107,3854.858154296875,5759183
2024-10-14 00:00:00+05:30,3846.3109301040067,3869.908978898292,3829.773832682932,3843.198486328125,2137590
2024-10-15 00:00:00+05:30,3837.995705676313,3874.1365268299264,3804.5032516700458,3824.756591796875,2759474
2024-10-16 00:00:00+05:30,3795.2124356440127,3823.0842527968452,3778.67511210238,3804.45654296875,2359151
2024-10-17 00:00:00+05:30,3821.0402585925135,3836.974010815032,3802.5985417542856,3817.510009765625,2522659
2024-10-18 00:00:00+05:30,3809.128265067552,3861.4221966319437,3799.8149930258223,3839.908447265625,2361000
2024-10-21 00:00:00+05:30,3848.8025545031073,3855.647899798256,3790.501385728475,3799.675048828125,1595450
2024-10-22 00:00:00+05:30,3786.7759141091938,3808.941544128123,3731.222344636917,3739.743896484375,1928049
2024-10-23 00:00:00+05:30,3724.9359293106554,3831.0603786284396,3720.7913418501003,3787.0087890625,1966476
2024-10-24 00:00:00+05:30,3729.033775833075,3798.8833095961822,3729.033775833075,3769.9189453125,2676744
2024-10-25 00:00:00+05:30,3778.440830569176,3810.990668738502,3755.762923689694,3778.906494140625,1759676
2024-10-28 00:00:00+05:30,3789.5232343448033,3850.1061056967715,3772.8059589205664,3809.91943359375,1532534
2024-10-29 00:00:00+05:30,3814.5762988806255,3821.7008604425628,3781.281354135695,3795.390869140625,1445885
2024-10-30 00:00:00+05:30,3795.158047833668,3824.960515939356,3781.2347527404995,3804.145263671875,1935002
2024-10-31 00:00:00+05:30,3790.5016133417075,3798.231674391787,3688.0556237919313,3695.92529296875,3740372
2024-11-01 00:00:00+05:30,3715.855640568731,3724.3305810268316,3703.003280699814,3710.593505859375,154895
2024-11-04 00:00:00+05:30,3693.9228999424704,3717.7647384247807,3644.51594943524,3691.92041015625,2269192
2024-11-05 00:00:00+05:30,3670.453574014962,3712.2700726947464,3670.453574014962,3698.626220703125,967590
2024-11-06 00:00:00+05:30,3728.661529286281,3864.8212879793314,3702.258313204772,3855.368408203125,3792017
2024-11-07 00:00:00+05:30,3883.3549260647524,3916.975471746434,3804.5179478782275,3865.845703125,3724349
2024-11-08 00:00:00+05:30,3869.664484727288,3883.4015608162717,3834.8793231384825,3862.2138671875,1648039
2024-11-11 00:00:00+05:30,3844.704960664376,3943.518408459811,3834.879186284666,3910.363525390625,1406487
2024-11-12 00:00:00+05:30,3926.4753642711526,3928.3380186185295,3878.3724067000553,3909.152587890625,1587640
2024-11-13 00:00:00+05:30,3891.1778229560005,3908.5469823117096,3847.358610327207,3865.33349609375,1098813
2024-11-14 00:00:00+05:30,3851.0375903197846,3874.3207680121654,3833.7616543718636,3861.18896484375,1825432
2024-11-18 00:00:00+05:30,3923.6812860911455,3923.6812860911455,3716.181551430071,3743.469482421875,3313944
2024-11-19 00:00:00+05:30,3743.8418634756777,3848.383334503383,3738.440347986104,3762.142578125,1776233
2024-11-21 00:00:00+05:30,3767.1252292109634,3811.4098822098795,3747.660582048356,3793.156005859375,2384347
2024-11-22 00:00:00+05:30,3791.4326091135326,3962.7504103811857,3775.6000484761144,3953.111083984375,3096553
2024-11-25 00:00:00+05:30,3986.0805866028463,4030.877517790061,3960.189871234577,4018.770263671875,4052167
2024-11-26 00:00:00+05:30,4024.311458618838,4066.73368798975,4014.020474337387,4053.788330078125,2060669
2024-11-27 00:00:00+05:30,4059.608149405842,4076.7908603023225,4027.104472178454,4035.020751953125,1558993
2024-11-28 00:00:00+05:30,4022.4020594566896,4041.913545627335,3942.3079225932315,3953.390625,2558544
2024-11-29 00:00:00+05:30,3930.200035419068,4003.495653998375,3907.5221314685823,3977.55810546875,2017425
2024-12-02 00:00:00+05:30,3976.766970418375,3993.7173066183545,3939.560268502564,3982.960205078125,1670944
2024-12-03 00:00:00+05:30,4018.0715527591838,4027.9900963818563,3972.529744122267,4007.26806640625,2010905
2024-12-04 00:00:00+05:30,4017.3260445950987,4085.6858211811555,3994.5085294279797,4055.370849609375,3302642
2024-12-05 00:00:00+05:30,4098.584281260393,4180.727516616581,4060.586315983135,4157.49072265625,3746747
2024-12-06 00:00:00+05:30,4147.199308267314,4158.375232745017,4109.713394915021,4140.21435546875,1842087
2024-12-09 00:00:00+05:30,4126.198190317889,4162.47310676674,4112.321053205062,4146.40771484375,2066639
2024-12-10 00:00:00+05:30,4122.193406026578,4185.1975942064855,4109.108442002176,4128.15380859375,2087828
2024-12-11 00:00:00+05:30,4127.502045111503,4143.148158287083,4104.358476029229,4123.404296875,1635256
2024-12-12 00:00:00+05:30,4125.825703197917,4177.002312539005,4122.054010099808,4149.01611328125,1914642
2024-12-13 00:00:00+05:30,4130.389630221359,4186.222421425734,4092.624040484277,4166.66455078125,1967048
2024-12-16 00:00:00+05:30,4152.788043789598,4167.689279201268,4095.0457565693796,4111.99609375,1646224
2024-12-17 00:00:00+05:30,4107.152424631981,4128.526563027335,4021.470333233763,4031.249267578125,3225027
2024-12-18 00:00:00+05:30,4015.6033671632454,4062.448939888911,3995.020946646264,4049.270751953125,1575404
2024-12-19 00:00:00+05:30,3987.94311687329,4064.3119481632502,3969.3165726562265,3978.53662109375,3015763
2024-12-20 00:00:00+05:30,4031.71487338267,4081.0752079378285,3867.335646043321,3883.9130859375,4116989
2024-12-23 00:00:00+05:30,3911.6199645875045,3927.4061398642916,3832.317557835385,3872.737060546875,2195338
2024-12-24 00:00:00+05:30,3872.737372652853,3928.337783494026,3872.737372652853,3892.481689453125,1181886
2024-12-26 00:00:00+05:30,3892.482098814087,3911.527922278893,3858.628263566546,3882.79638671875,1208464
2024-12-27 00:00:00+05:30,3877.114844483566,3893.8323483767854,3862.4464421773887,3878.837890625,858100
2024-12-30 00:00:00+05:30,3865.938711530591,3910.9216276232846,3829.6169553875666,3873.202880859375,1527169
2024-12-31 00:00:00+05:30,3851.0374473961565,3855.6476983079733,3755.1573706922877,3813.59814453125,1555429
2025-01-01 00:00:00+05:30,3813.22564967337,3850.1062943866386,3804.890317466962,3830.036376953125,763161
2025-01-02 00:00:00+05:30,3837.0680112666887,3895.7416240603297,3815.6011015015547,3888.989501953125,1720835
2025-01-03 00:00:00+05:30,3892.900907869697,3892.900907869697,3811.269950829448,3818.347900390625,1791953
2025-01-06 00:00:00+05:30,3823.563603014824,3864.681605615779,3787.148620607623,3813.78466796875,2085593
2025-01-07 00:00:00+05:30,3832.364669490885,3856.020287112112,3736.065309985075,3751.6650390625,2669054
2025-01-08 00:00:00+05:30,3757.8118581960475,3842.655853224678,3741.839688389106,3826.264404296875,2181277
2025-01-09 00:00:00+05:30,3819.372861544339,3853.599136272882,3748.871437714519,3761.490966796875,2392472
2025-01-10 00:00:00+05:30,3911.574279957844,4001.9130192806797,3883.6344636724307,3972.7158203125,7894300
2025-01-13 00:00:00+05:30,3953.4839382998034,4026.0810749677194,3937.0924887364367,3996.418212890625,4003771
2025-01-14 00:00:00+05:30,4006.5699337869346,4017.6526374004793,3929.316154488744,3942.354736328125,3441709
2025-01-15 00:00:00+05:30,3928.338278958004,3964.1479930593564,3918.5129585242826,3957.768310546875,1653474
2025-01-16 00:00:00+05:30,3967.4538586211947,3999.118983314416,3903.984001105146,3917.44140625,2637705
2025-01-17 00:00:00+05:30,3945.5156582213353,3946.179768328342,3888.7499900580783,3911.750244140625,1761466
2025-01-20 00:00:00+05:30,3932.142300220547,3932.142300220547,3858.446917151911,3867.64697265625,1287799
2025-01-21 00:00:00+05:30,3884.245030505511,3899.135870393051,3822.3102791739225,3827.85888671875,1971591
2025-01-22 00:00:00+05:30,3841.2796202434547,3948.598240960883,3835.7784821299006,3942.385986328125,2409223
2025-01-23 00:00:00+05:30,3953.1984717808796,3975.3452017162494,3926.6887142484056,3931.810791015625,1822998
2025-01-24 00:00:00+05:30,3892.4966488174464,3962.682991900412,3892.4966488174464,3938.35498046875,1910099
2025-01-27 00:00:00+05:30,3890.599675788401,3942.148791419916,3832.7908361324735,3855.648681640625,1551782
2025-01-28 00:00:00+05:30,3861.007499214359,3890.5995312485556,3820.6977771085412,3832.079345703125,2468272
2025-01-29 00:00:00+05:30,3845.0734688360117,3896.148353343233,3845.0734688360117,3888.512939453125,1217089
2025-01-30 00:00:00+05:30,3888.6080671418995,3917.0619915773636,3849.3417440444105,3888.750244140625,1531251
2025-01-31 00:00:00+05:30,3898.1871578608666,3915.6865044368305,3874.7126731511203,3900.46337890625,1492943
2025-02-01 00:00:00+05:30,3901.032960408717,3922.7526963272944,3846.970505085766,3863.236572265625,437172
2025-02-03 00:00:00+05:30,3823.1637429283855,3866.8880293594016,3792.623246059982,3858.96826171875,1265713
2025-02-04 00:00:00+05:30,3873.242905885086,3906.5815588564824,3856.5026066809596,3895.389404296875,2547132
2025-02-05 00:00:00+05:30,3936.126163727403,3936.126163727403,3865.939817675396,3880.26171875,1693912
2025-02-06 00:00:00+05:30,3893.8244160755,3926.1671344471406,3842.749763323274,3872.341796875,2284536
2025-02-07 00:00:00+05:30,3879.218228908592,3879.218228908592,3801.444171507491,3821.7412109375,1548940
2025-02-10 00:00:00+05:30,3831.7949614241543,3843.176530616503,3807.4669498989556,3828.902099609375,1339511
2025-02-11 00:00:00+05:30,3811.3082763326493,3831.795194749814,3751.1757413949294,3759.28515625,1810908
2025-02-12 00:00:00+05:30,3766.445947952812,3814.4855628593755,3737.090798282343,3746.575439453125,1678002
2025-02-13 00:00:00+05:30,3763.5054582381317,3779.10764599597,3701.143945163747,3708.63671875,2277310
2025-02-14 00:00:00+05:30,3722.721744594235,3744.536419785488,3699.010141125482,3732.064208984375,1681975
2025-02-17 00:00:00+05:30,3657.7520405391615,3731.2580130898646,3657.4674549788515,3703.2783203125,1799806
2025-02-18 00:00:00+05:30,3697.492313192335,3722.1523795147264,3665.33947318774,3673.591064453125,2149879
2025-02-19 00:00:00+05:30,3672.6425540939376,3675.2508303067148,3573.9548205315027,3589.0830078125,4366672
2025-02-20 00:00:00+05:30,3567.6478288188787,3592.782128290818,3557.9735409942346,3584.625244140625,2888572
2025-02-21 00:00:00+05:30,3581.4955514917533,3620.287642408916,3580.4521483085296,3590.88525390625,1833931
2025-02-24 00:00:00+05:30,3550.2436192378755,3569.2603724469545,3480.863556771993,3486.175048828125,2508516
2025-02-25 00:00:00+05:30,3438.1824887498096,3469.4818051991183,3434.625748244206,3442.498046875,4101954
2025-02-27 00:00:00+05:30,3425.5674922476032,3450.5121425585785,3415.1343879133137,3426.373779296875,3823856
2025-02-28 00:00:00+05:30,3400.196049414815,3414.470479257877,3278.840124109578,3303.7373046875,7085018
2025-03-03 00:00:00+05:30,3305.397532195103,3341.6762855972443,3297.0035319217445,3313.03271484375,4990439
2025-03-04 00:00:00+05:30,3294.964557324782,3367.9962990962294,3285.764501101665,3350.02294921875,2797737
2025-03-05 00:00:00+05:30,3339.3997995005207,3414.8026927498004,3339.3997995005207,3364.24951171875,2501894
2025-03-06 00:00:00+05:30,3373.6866911774378,3423.433585251506,3353.863884772035,3415.98828125,2786513
2025-03-07 00:00:00+05:30,3414.4707542689284,3438.1823567291294,3390.1899807262357,3425.093505859375,2051315
2025-03-10 00:00:00+05:30,3420.636010676855,3435.4321442725973,3397.9678097594306,3404.654296875,1004626
2025-03-11 00:00:00+05:30,3374.6354690920352,3403.8007419067008,3355.3341308822914,3391.0439453125,1995450
2025-03-12 00:00:00+05:30,3381.2743716748964,3385.305343927244,3307.1519980581174,3325.504638671875,3174167
2025-03-13 00:00:00+05:30,3321.8059194545594,3342.672130004524,3304.5439188567675,3330.10498046875,1693004
2025-03-17 00:00:00+05:30,3309.1912796488264,3348.505070694925,3298.141765391246,3317.44287109375,2690906
2025-03-18 00:00:00+05:30,3317.44287109375,3317.44287109375,3317.44287109375,3317.44287109375,0
2025-03-19 00:00:00+05:30,3364.2022912119846,3364.2022912119846,3284.294187734508,3316.8740234375,3051244
2025-03-20 00:00:00+05:30,3331.0059291540974,3394.505554527131,3331.0059291540974,3379.519775390625,2845192
2025-03-21 00:00:00+05:30,3295.912959410607,3429.8835221492395,3286.4283178007922,3393.69970703125,4161925
2025-03-24 00:00:00+05:30,3414.470721860925,3461.6568103088644,3382.792113898217,3441.9287109375,1834751
2025-03-25 00:00:00+05:30,3457.1514681076355,3518.8016314620927,3450.512219746386,3469.244384765625,3135390
2025-03-26 00:00:00+05:30,3459.7598808023267,3490.8220797184467,3438.988609875757,3448.42578125,1734499
2025-03-27 00:00:00+05:30,3428.555935669893,3474.2243946717267,3424.4300237407233,3463.032470703125,2528474
2025-03-28 00:00:00+05:30,3462.8421711364117,3472.2793419166683,3406.787854378717,3420.303466796875,2051919
2025-04-01 00:00:00+05:30,3388.577422151902,3399.2951120927096,3343.335733852344,3367.80615234375,2618493
2025-04-02 00:00:00+05:30,3361.3567956889556,3380.4210168658315,3348.1257677061367,3361.309326171875,1764313
2025-04-03 00:00:00+05:30,3311.0882917953854,3321.52139726939,3221.1263760619972,3227.765625,4537821
2025-04-04 00:00:00+05:30,3189.305420015634,3224.445829064787,3125.663387385046,3129.3623046875,5317367
2025-04-07 00:00:00+05:30,2940.2383981100197,3121.774314969891,2898.553451648533,3105.318603515625,6623955
2025-04-08 00:00:00+05:30,3131.875989149625,3176.4063332063806,3087.535291604866,3123.244873046875,5557558
2025-04-09 00:00:00+05:30,3092.5147195117684,3101.4776590955953,3046.5142098890965,3079.28369140625,2990265
2025-04-11 00:00:00+05:30,3120.020055994998,3128.9355257101774,3040.7758359181594,3064.961669921875,7108961
2025-04-15 00:00:00+05:30,3143.5893021337306,3143.5893021337306,3071.69590901875,3080.801025390625,3512160
2025-04-16 00:00:00+05:30,3080.801013758816,3109.1602290119804,3062.5905495252055,3105.081787109375,2384391
2025-04-17 00:00:00+05:30,3078.2405325476193,3133.346394679939,3052.157767289551,3128.888427734375,2932346
2025-04-21 00:00:00+05:30,3120.5418377878595,3181.148601343861,3114.851053170071,3150.41845703125,2432946
2025-04-22 00:00:00+05:30,3151.367191167024,3162.084651201983,3125.189487058646,3143.589599609375,2710498
2025-04-23 00:00:00+05:30,3191.5816342442954,3244.6006837766467,3165.3092254984945,3237.10791015625,3543923
2025-04-24 00:00:00+05:30,3225.821178130507,3236.6335756939984,3213.111620905439,3226.29541015625,2252175
2025-04-25 00:00:00+05:30,3243.7474467195657,3298.568721809185,3229.5204842339535,3270.304443359375,2742991
2025-04-28 00:00:00+05:30,3257.9739444135007,3279.5989706182713,3229.5200235015927,3266.035888671875,1593296
2025-04-29 00:00:00+05:30,3276.9436254865236,3314.8821913387555,3253.6113148639492,3293.541748046875,1578332
2025-04-30 00:00:00+05:30,3293.0671433029925,3329.013837756505,3192.5299551721982,3275.710205078125,2809332
2025-05-02 00:00:00+05:30,3293.0674491310842,3311.562499608635,3243.7473145242825,3254.180419921875,1721761
2025-05-05 00:00:00+05:30,3272.2013429677813,3323.892639545098,3268.786779377753,3276.27978515625,1284443
2025-05-06 00:00:00+05:30,3281.685791015625,3294.01582433447,3259.871116682284,3281.685791015625,1324763
2025-05-07 00:00:00+05:30,3244.316583265945,3281.2117462953,3244.316583265945,3267.553955078125,1477128
2025-05-08 00:00:00+05:30,3270.3044338611708,3297.8098945868014,3251.999029204456,3271.157958984375,2543591
2025-05-09 00:00:00+05:30,3223.829123067297,3268.5965773759895,3222.9755980941586,3263.000732421875,2531757
2025-05-12 00:00:00+05:30,3324.3664350329263,3443.3986711517946,3321.710689429311,3433.819091796875,2228678
2025-05-13 00:00:00+05:30,3433.819342081611,3436.2854413701325,3329.5832299005933,3333.851318359375,3062887
2025-05-14 00:00:00+05:30,3339.542044274439,3377.4806076856794,3327.7811822404,3365.814453125,2119499
2025-05-15 00:00:00+05:30,3380.326007773164,3414.4707149223877,3332.9977424314357,3395.406494140625,3548330
2025-05-16 00:00:00+05:30,3408.6849264465072,3408.6849264465072,3363.348529175367,3377.76513671875,1666727
2025-05-19 00:00:00+05:30,3367.0473541083206,3367.0473541083206,3323.1334225866804,3337.455322265625,2537377
2025-05-20 00:00:00+05:30,3349.7852633364228,3374.634974283338,3313.9332771630084,3318.01171875,2038374
2025-05-21 00:00:00+05:30,3327.212019490534,3354.7174780325026,3318.0119641520128,3344.0947265625,1440153
2025-05-22 00:00:00+05:30,3314.881923566922,3317.5376692737764,3273.4340900331863,3297.8095703125,2034383
2025-05-23 00:00:00+05:30,3297.809582057325,3352.820498295267,3286.9971842477944,3333.471923828125,1274331
2025-05-26 00:00:00+05:30,3339.542185709067,3362.3053247198645,3329.204019365113,3355.002197265625,967470
2025-05-27 00:00:00+05:30,3349.9750123424055,3357.5627247146417,3303.595213090552,3318.39111328125,2467680
2025-05-28 00:00:00+05:30,3338.593667057572,3347.129844047208,3312.985136088664,3317.44287109375,1222933
2025-05-29 00:00:00+05:30,3324.0819895701998,3350.449337105284,3306.819989757275,3317.822265625,3188072
2025-05-30 00:00:00+05:30,3310.139637529337,3325.97894134562,3275.1414056184462,3284.910400390625,3404365
2025-06-02 00:00:00+05:30,3272.2008769614918,3281.6855171845687,3242.4191992844703,3272.01123046875,1877585
2025-06-03 00:00:00+05:30,3268.407343175387,3294.490106360913,3225.252225904789,3229.7099609375,2848125
2025-06-04 00:00:00+05:30,3242.9152450223373,3248.465279476926,3224.7342507303856,3235.164306640625,2544807
2025-06-05 00:00:00+05:30,3262.0528233362247,3262.0528233362247,3218.7054627680072,3225.78662109375,3584683
2025-06-06 00:00:00+05:30,3225.7868448606714,3244.7331673196672,3213.9212139850256,3238.322021484375,2070390
2025-06-09 00:00:00+05:30,3253.4410779830223,3285.975488762853,3244.7332451805223,3274.39697265625,1718678
2025-06-10 00:00:00+05:30,3291.7168496023487,3335.5426613582063,3275.6409764041855,3313.629638671875,2419874
2025-06-11 00:00:00+05:30,3320.423693236899,3338.604687522634,3300.424692969312,3322.24169921875,2847013
2025-06-12 00:00:00+05:30,3322.241127070178,3324.920477753163,3275.6404227813555,3286.166259765625,4060134
2025-06-13 00:00:00+05:30,3246.933943792306,3301.76403815699,3246.933943792306,3297.1708984375,2178493
2025-06-16 00:00:00+05:30,3291.716884024651,3357.7426005937496,3278.5116939874692,3345.590087890625,1934088
2025-06-17 00:00:00+05:30,3358.6994089523137,3368.2683531373627,3337.743514633776,3363.77099609375,2111940
2025-06-18 00:00:00+05:30,3367.4071820205213,3385.4923927635227,3294.683207501011,3302.625244140625,2696327
2025-06-19 00:00:00+05:30,3301.2855030665887,3302.242397415304,3265.8804121641356,3276.40625,2672768
2025-06-20 00:00:00+05:30,3277.3633274014865,3297.7452248908758,3263.871022884297,3287.60205078125,2351248
2025-06-23 00:00:00+05:30,3267.7943410253647,3277.3632849229502,3224.7340934862314,3247.31689453125,3123421
2025-06-24 00:00:00+05:30,3286.549310178985,3293.726017546798,3236.2165757260095,3244.25439453125,3403048
2025-06-25 00:00:00+05:30,3260.4262751214173,3301.2856185170967,3253.440899408153,3296.309814453125,1757699
2025-06-26 00:00:00+05:30,3296.3098921986184,3302.625255099875,3268.081507258558,3293.439208984375,2879106
2025-06-27 00:00:00+05:30,3306.0702704397795,3316.978773543857,3283.1048040170426,3292.76953125,1778433
2025-06-30 00:00:00+05:30,3291.6208515129015,3315.5432107745055,3282.1476906920225,3312.768310546875,1468351
2025-07-01 00:00:00+05:30,3306.0700701470973,3334.776901436363,3266.35895353028,3281.860595703125,2375183
2025-07-02 00:00:00+05:30,3336.8820295980254,3339.4655976963195,3272.57877409358,3275.736572265625,3090585
2025-07-03 00:00:00+05:30,3282.147812903343,3287.2193999790024,3251.144527592608,3254.20654296875,2531870
2025-07-04 00:00:00+05:30,3261.096294049881,3279.27728864699,3243.967976797223,3272.3876953125,1109320
2025-07-07 00:00:00+05:30,3270.952315509477,3278.416138875185,3261.4789203702617,3264.63671875,1639174
2025-07-08 00:00:00+05:30,3258.2253086430815,3277.363195918518,3247.125240576613,3259.37353515625,2325242
2025-07-09 00:00:00+05:30,3263.0097947012437,3266.837372173034,3221.8633368794976,3237.939208984375,2034938
2025-07-10 00:00:00+05:30,3234.303008112803,3252.484001353674,3211.33754296644,3236.216796875,3035012
2025-07-11 00:00:00+05:30,3157.6556670087216,3191.242753149758,3120.5283520064395,3125.217041015625,7635550
2025-07-14 00:00:00+05:30,3125.217020314649,3130.9583865491522,3062.0619917351123,3083.783447265625,3924009
2025-07-15 00:00:00+05:30,3067.8034091107847,3118.9014760029677,3067.8034091107847,3112.107666015625,2590889
2025-07-16 00:00:00+05:30,3098.3774165813243,3115.5638600833036,3092.2326031663256,3104.234375,2540733
2025-07-17 00:00:00+05:30,3095.593117992358,3112.7795615982277,3076.3902829424,3081.286865234375,2947640
2025-07-18 00:00:00+05:30,3096.4574198500977,3100.1060057073505,3059.972030096825,3062.75634765625,3432645
2025-07-21 00:00:00+05:30,3062.8521341278406,3070.1493050764375,3026.3667482040605,3032.319580078125,3844346
2025-07-22 00:00:00+05:30,3033.6640625,3053.3469689942053,3028.8633535989743,3033.6640625,3198036
2025-07-23 00:00:00+05:30,3033.6641973444102,3055.1712804131353,3031.7439136986445,3052.386962890625,1922875
2025-07-24 00:00:00+05:30,3038.944885626984,3047.2019644087272,3014.8452328363246,3022.5263671875,2934778
2025-07-25 00:00:00+05:30,3014.8450484057557,3031.0713499661365,3001.0191011832776,3010.8125,2568917
2025-07-28 00:00:00+05:30,2986.0412502746217,2993.7223853235596,2947.5394670779647,2956.56494140625,3374473
2025-07-29 00:00:00+05:30,2938.0339265993125,2951.4759118844077,2919.9832137631183,2934.193359375,4785312
2025-07-30 00:00:00+05:30,2938.033974050545,2946.6752504448114,2925.7441118523307,2931.88916015625,2880121
2025-07-31 00:00:00+05:30,2920.4631457840833,2937.841805411508,2894.827407662822,2915.758544921875,2968371
2025-08-01 00:00:00+05:30,2909.133629601001,2915.7587488570334,2880.4254827204045,2883.305908203125,2053847
2025-08-04 00:00:00+05:30,2889.1627911176092,2956.6605722928375,2872.360309577052,2951.85986328125,2519252
2025-08-05 00:00:00+05:30,2951.86005402892,2954.8365875722943,2920.7515513874637,2941.778564453125,1927996
2025-08-06 00:00:00+05:30,2940.9140476547227,2944.5626330221426,2905.3888045064286,2911.437744140625,1487081
2025-08-07 00:00:00+05:30,2895.7876067904904,2929.9687479023937,2890.890789951502,2925.552001953125,2543076
2025-08-08 00:00:00+05:30,2926.6083584758467,2937.841970823321,2904.4289887975438,2915.37451171875,2762140
2025-08-11 00:00:00+05:30,2915.3743566889298,2928.3362704951187,2900.8763567070323,2919.59912109375,1884215
2025-08-12 00:00:00+05:30,2919.7909498577897,2972.982707005533,2906.2528579377536,2914.4140625,3358232
2025-08-13 00:00:00+05:30,2915.0864995163706,2923.0554886191444,2907.8854362960733,2915.182373046875,2148166
2025-08-14 00:00:00+05:30,2913.0702823357074,2934.0972944331475,2898.764262979319,2901.836669921875,3342174
2025-08-18 00:00:00+05:30,2925.072254664491,2927.472609378642,2883.6900456286708,2891.17919921875,2945609
2025-08-19 00:00:00+05:30,2891.1790271854784,2904.429031301108,2891.083153648401,2895.979736328125,2650784
2025-08-20 00:00:00+05:30,2890.891073287546,2979.7041965902977,2890.891073287546,2975.095703125,4952358
2025-08-21 00:00:00+05:30,3005.2438266480435,3005.2438266480435,2960.2132701020532,2978.93603515625,3230726
2025-08-22 00:00:00+05:30,2962.997732386061,2972.3110613965996,2928.432625981039,2932.273193359375,1593791
2025-08-25 00:00:00+05:30,2964.245782645686,3026.366909314735,2954.4523833109183,3015.42138671875,3448370
2025-08-26 00:00:00+05:30,3004.283909445262,3035.9685911364395,2995.6426326203955,3031.35986328125,5522097
2025-08-28 00:00:00+05:30,3019.645945976872,3021.086158669707,2963.4776509563167,2970.390625,3116051
2025-08-29 00:00:00+05:30,2969.7184911417403,2990.841610057071,2954.548204311535,2961.749267578125,2271789
2025-09-01 00:00:00+05:30,2966.8382982161247,3006.3002217717835,2966.8382982161247,2988.53759765625,1246862
2025-09-02 00:00:00+05:30,2996.6984112924383,3029.2471217848606,2979.4158603599094,2987.48095703125,2185229
2025-09-03 00:00:00+05:30,3005.1478080455095,3016.669509959856,2964.9179592917676,2974.039306640625,1799774
2025-09-04 00:00:00+05:30,2991.8014698280053,2993.7217531847627,2967.60594641478,2972.310546875,1481391
2025-09-05 00:00:00+05:30,2973.655259644998,2979.703965451406,2907.885546409113,2926.80029296875,2802055
2025-09-08 00:00:00+05:30,2928.432609909376,2942.7386295513115,2895.7877873726816,2898.668212890625,2626187
2025-09-09 00:00:00+05:30,2911.2459361835313,2938.0337976334035,2909.997705008497,2927.856201171875,2489301
2025-09-10 00:00:00+05:30,2934.5773210773896,2998.2347696750494,2931.696895660388,2986.041015625,2079428
2025-09-11 00:00:00+05:30,3013.885194748687,3013.885194748687,2986.137189714118,2999.675048828125,2263446
2025-09-12 00:00:00+05:30,3018.685652923867,3023.198272253378,2996.602392740264,3008.508056640625,1447167
2025-09-15 00:00:00+05:30,3009.0844623500607,3009.0844623500607,2972.5990732086116,2987.865234375,1732539
2025-09-16 00:00:00+05:30,3003.3238944500986,3024.4470164698882,2985.1773061151375,3020.318359375,2573429
2025-09-17 00:00:00+05:30,3026.366652151709,3055.5548662005012,3017.149198025987,3046.337646484375,2418271
2025-09-18 00:00:00+05:30,3058.0512540844775,3075.3338043430394,3035.3918166483045,3050.08203125,2633138
2025-09-19 00:00:00+05:30,3043.64975218093,3053.731241896356,3018.6860633617807,3042.881591796875,4901694
2025-09-22 00:00:00+05:30,2971.6388949892716,2983.0644887376598,2942.8346407567424,2951.283935546875,3634901
2025-09-23 00:00:00+05:30,2947.6353061603577,2957.9087764692863,2930.352753876681,2940.338134765625,3177741
2025-09-24 00:00:00+05:30,2928.4322252766387,2935.1532172690772,2912.1098161521463,2914.4140625,1625714
2025-09-25 00:00:00+05:30,2901.548445826189,2908.845617084501,2833.3783797594588,2839.523193359375,4974361
2025-09-26 00:00:00+05:30,2823.7769658283983,2837.0269692313786,2776.057966398974,2783.547119140625,3934636
2025-09-29 00:00:00+05:30,2799.773476015783,2812.5434087793974,2778.6503565122343,2780.666748046875,3110035
2025-09-30 00:00:00+05:30,2794.9727356006983,2799.101392157332,2770.105157137798,2773.2734375,2253458
2025-10-01 00:00:00+05:30,2775.7699233020426,2808.222762784315,2752.342557318892,2798.045166015625,1952902
2025-10-03 00:00:00+05:30,2807.454578770542,2807.454578770542,2775.8660078142957,2786.2353515625,2899519
2025-10-06 00:00:00+05:30,2786.3316788238635,2874.28076699856,2780.1868646812827,2869.287841796875,2112774
2025-10-07 00:00:00+05:30,2875.624650921264,2884.745997894136,2837.699050349848,2855.173583984375,3062943
2025-10-08 00:00:00+05:30,2856.421663900003,2921.711301932003,2849.70067174965,2906.541015625,4121889
2025-10-09 00:00:00+05:30,2913.070135429991,2943.794672125363,2899.628150625765,2939.666015625,3211304
2025-10-10 00:00:00+05:30,2928.432687835625,2947.635525132908,2887.0504796961263,2907.59765625,8817365
2025-10-13 00:00:00+05:30,2906.348987711864,2914.510192335436,2878.6968592818434,2887.338134765625,2866865
2025-10-14 00:00:00+05:30,2900.5884226064827,2906.5412549765147,2837.699133735008,2842.307861328125,3611416
2025-10-15 00:00:00+05:30,2863.2201408860237,2871.604481316868,2843.945686891503,2862.063720703125,4282226
2025-10-16 00:00:00+05:30,2862.1601270799792,2867.075207263124,2836.332545372744,2862.93115234375,3251495
2025-10-17 00:00:00+05:30,2862.2568312933195,2880.374867719902,2848.1863837329993,2854.73974609375,4374683
2025-10-20 00:00:00+05:30,2877.1943748710046,2913.333979311689,2870.4483153754104,2905.81689453125,3133039
2025-10-21 00:00:00+05:30,2921.1404673344027,2921.815026282457,2887.3137006926995,2897.62548828125,310644
2025-10-23 00:00:00+05:30,2944.1731825516827,2985.613263353556,2925.958915568601,2961.712890625,5564758
2025-10-24 00:00:00+05:30,2968.2660284834456,2977.9032558486515,2947.3532921577225,2952.075439453125,2684318
2025-10-27 00:00:00+05:30,2955.256119066933,2981.9511949510156,2949.1846180560947,2972.988525390625,1946312
2025-10-28 00:00:00+05:30,2964.4112497423184,2978.0960660621163,2929.9099274122086,2946.9677734375,3470737
2025-10-29 00:00:00+05:30,2946.96788369373,2964.4113606511696,2935.596142774,2946.678955078125,2895420
2025-10-30 00:00:00+05:30,2938.487165302022,2952.653842834952,2922.778437237614,2925.187744140625,2241536
2025-10-31 00:00:00+05:30,2924.898585437403,2956.1231088421955,2915.357824198127,2947.064208984375,1868085
2025-11-03 00:00:00+05:30,2936.367047373489,2947.06446508497,2900.80576844531,2907.359130859375,2194877
2025-11-04 00:00:00+05:30,2910.0577150577624,2919.405779977123,2868.039303195767,2881.72412109375,2670720
2025-11-06 00:00:00+05:30,2881.627605776501,2914.2977142131544,2881.531139384038,2901.6728515625,2542721
2025-11-07 00:00:00+05:30,2892.1320716871546,2895.023240036059,2853.1012989769483,2883.265869140625,1830520
2025-11-10 00:00:00+05:30,2884.422275161144,2937.3305615709287,2883.4585523829414,2915.4541015625,1556656
2025-11-11 00:00:00+05:30,2934.5359333014544,2944.847720230334,2908.5154176367123,2936.46337890625,2806868
2025-11-12 00:00:00+05:30,2948.991669923252,3022.619995280987,2946.1969680097523,3018.18701171875,4460315
2025-11-13 00:00:00+05:30,3018.186949242595,3018.2831803470704,2989.4679642954256,2993.03369140625,1740435
2025-11-14 00:00:00+05:30,2977.9034333434784,3000.1655239975616,2965.6642009169345,2993.322998046875,2210794
2025-11-17 00:00:00+05:30,2993.322838009285,3010.187986001932,2974.6267109195564,2989.66064453125,2232853
2025-11-18 00:00:00+05:30,2989.4680176661295,2992.3591859617445,2966.338671301208,2975.108642578125,2548350
2025-11-19 00:00:00+05:30,2984.6495543039355,3040.5454775036865,2971.639296317787,3033.51025390625,3151053
2025-11-20 00:00:00+05:30,3033.79944214396,3049.7008686990343,3024.2586803244717,3030.715576171875,2700767
2025-11-21 00:00:00+05:30,3030.715536432949,3055.0013041600305,3021.463703354114,3036.30517578125,4177037
2025-11-24 00:00:00+05:30,3043.4366842823783,3063.578397230728,3017.4161679823073,3027.24609375,6703764
2025-11-25 00:00:00+05:30,3031.197695489111,3035.534448554938,3001.9968444557608,3006.04443359375,2737920
2025-11-26 00:00:00+05:30,3005.658657913636,3062.71099952004,3003.923909850209,3048.15869140625,2508527
2025-11-27 00:00:00+05:30,3064.6384631299097,3064.6384631299097,3011.6337098367826,3022.81298828125,2836233
2025-11-28 00:00:00+05:30,3026.089482694223,3033.12470593688,3011.6336412163846,3023.68017578125,1616690
2025-12-01 00:00:00+05:30,3024.0657566161144,3039.581788202742,3008.935355329588,3019.72900390625,1747647
2025-12-02 00:00:00+05:30,3017.416350282513,3029.9447477765,3007.2007935969305,3021.94580078125,2512003
2025-12-03 00:00:00+05:30,3026.089516693691,3095.3810901757683,3025.125793917674,3064.638427734375,3952112
2025-12-04 00:00:00+05:30,3078.130714428876,3132.0991928283806,3071.7700496468055,3112.0537109375,5025905
2025-12-05 00:00:00+05:30,3112.824814585589,3152.9157793761647,3105.5004267906515,3120.727294921875,5244013
2025-12-08 00:00:00+05:30,3125.353065437683,3141.6398867746047,3092.2010949656524,3119.0888671875,2544725
2025-12-09 00:00:00+05:30,3112.824602659864,3116.390329915732,3065.794883587669,3091.911865234375,2734893
2025-12-10 00:00:00+05:30,3108.005961204973,3108.005961204973,3062.8074569989867,3073.504638671875,1386849
2025-12-11 00:00:00+05:30,3088.73179730002,3092.0083609433445,3038.714674477584,3076.10693359375,1914362
2025-12-12 00:00:00+05:30,3081.696263178982,3106.078496384854,3070.131589906683,3103.669189453125,1146554
2025-12-15 00:00:00+05:30,3094.610369719165,3120.727116365754,3081.31094805451,3113.017333984375,1562190
2025-12-16 00:00:00+05:30,3103.187255724176,3103.187255724176,3075.3357623562265,3088.827880859375,1734623
2025-12-17 00:00:00+05:30,3084.394687896739,3119.474102184826,3084.394687896739,3101.067138671875,1376350
2025-12-18 00:00:00+05:30,3110.897128527372,3168.5277977297296,3104.1510690788923,3161.78173828125,2307422
2025-12-19 00:00:00+05:30,3179.3215200364916,3197.5357868591873,3159.854366515901,3162.938232421875,3902511
2025-12-22 00:00:00+05:30,3189.9226061933546,3207.8479451634685,3171.6118722000997,3204.281982421875,2632816
2025-12-23 00:00:00+05:30,3199.463369445318,3199.463369445318,3174.0211805268714,3189.922607421875,2365420
2025-12-24 00:00:00+05:30,3184.236571775606,3206.4021959958864,3176.5267894381177,3198.595947265625,1367708
2025-12-26 00:00:00+05:30,3192.9103071634727,3199.559900795541,3153.108505919085,3161.010986328125,1176664
2025-12-29 00:00:00+05:30,3161.010777477703,3168.7205598617948,3125.2565675579217,3133.544677734375,2079473
2025-12-30 00:00:00+05:30,3132.099002526,3148.9641510011397,3121.9799134409154,3129.01513671875,2807593
2025-12-31 00:00:00+05:30,3122.461816571668,3128.2441532690227,3082.4673210816295,3089.887939453125,3362634
2026-01-01 00:00:00+05:30,3098.368779137981,3116.775978595714,3082.1781891606697,3110.31884765625,1255735
2026-01-02 00:00:00+05:30,3116.679314934201,3136.242933448354,3102.7053353217875,3132.7734375,1184324
2026-01-05 00:00:00+05:30,3122.94369701057,3129.207895137578,3075.2394189664337,3099.428955078125,2341703
2026-01-06 00:00:00+05:30,3093.550169667909,3144.8201752673103,3088.7315556964636,3137.688720703125,2912325
2026-01-07 00:00:00+05:30,3125.2565425983025,3180.8635358265738,3106.271250685878,3176.044921875,1989442
2026-01-08 00:00:00+05:30,3167.6606296336045,3167.6606296336045,3066.566193971062,3087.671630859375,4159336
2026-01-09 00:00:00+05:30,3075.239584998998,3112.5356118812538,3075.239584998998,3091.43017578125,1938673
2026-01-12 00:00:00+05:30,3086.804068110982,3134.026484388671,3059.145271347969,3122.076416015625,2228342
2026-01-13 00:00:00+05:30,3127.2806634050835,3161.0109633185434,3094.0322249189585,3149.4462890625,5645341
2026-01-14 00:00:00+05:30,3141.7363480080267,3141.7363480080267,3067.529691935444,3076.68505859375,3539511
2026-01-15 00:00:00+05:30,3076.68505859375,3076.68505859375,3076.68505859375,3076.68505859375,0
2026-01-16 00:00:00+05:30,3159.0110444402844,3161.464149941515,3111.519017760894,3146.54931640625,4293470
2026-01-19 00:00:00+05:30,3128.2002715520307,3159.600023336744,3092.973770842994,3104.258056640625,3387562
2026-01-20 00:00:00+05:30,3092.4832014713097,3100.7255406282875,3033.118044759914,3044.10791015625,4499273
2026-01-21 00:00:00+05:30,3041.8509292683366,3079.6287553253787,3024.188569033875,3064.027099609375,2015150
2026-01-22 00:00:00+05:30,3090.9130188550284,3100.7254411371077,3063.7326570458863,3091.305419921875,2269827
2026-01-23 00:00:00+05:30,3130.457047950816,3134.578217290946,3092.875423666008,3103.178466796875,2068857
2026-01-27 00:00:00+05:30,3115.4440572399217,3115.4440572399217,3071.2881572160486,3098.762939453125,4279874
2026-01-28 00:00:00+05:30,3116.425451779539,3145.0776781720924,3111.1268393421374,3140.073486328125,2751234
2026-01-29 00:00:00+05:30,3140.07335254898,3140.07335254898,3066.9708064954257,3085.41796875,2457641
2026-01-30 00:00:00+05:30,3082.082073579965,3082.082073579965,3034.001200735196,3065.302734375,3022068
2026-02-02 00:00:00+05:30,3138.0126916764966,3138.0126916764966,3075.2131881532646,3110.1455078125,2636272
2026-02-03 00:00:00+05:30,3287.1616459496977,3287.1616459496977,3126.532332237451,3164.80078125,4366060
2026-02-04 00:00:00+05:30,3061.475843095512,3061.475843095512,2929.9893806035893,2942.84375,10852595
2026-02-05 00:00:00+05:30,2933.9143670738968,2972.869637012123,2916.5464269268496,2935.38623046875,3521545
2026-02-06 00:00:00+05:30,2920.765595757455,2929.0079343210614,2861.302223276454,2886.422119140625,4687389
2026-02-09 00:00:00+05:30,2903.5941220720847,2921.15826303242,2882.3991930324937,2892.8984375,2380318
2026-02-10 00:00:00+05:30,2894.468444356794,2955.109263473934,2888.2865702537815,2928.61572265625,3547763
2026-02-11 00:00:00+05:30,2924.1019081110685,2941.76426862986,2849.723697569715,2855.21875,3363513
2026-02-12 00:00:00+05:30,2815.9690535680857,2825.977676593803,2688.603761759382,2698.514404296875,10612156
2026-02-13 00:00:00+05:30,2536.5113141072056,2662.110326952746,2536.5113141072056,2641.700439453125,11168735
2026-02-16 00:00:00+05:30,2649.3540277067937,2668.7826718221954,2620.898002964758,2655.830322265625,2918730
2026-02-17 00:00:00+05:30,2665.0538469624375,2708.228504276998,2644.6439610469733,2666.427490234375,4209118
2026-02-18 00:00:00+05:30,2678.7913077273606,2678.7913077273606,2607.4550449905755,2644.349609375,2950820
2026-02-19 00:00:00+05:30,2657.2039438116426,2697.140454434555,2616.5806115438327,2627.66845703125,3238849
2026-02-20 00:00:00+05:30,2616.973184248376,2651.905505554349,2597.838959616639,2635.81298828125,2293482
2026-02-23 00:00:00+05:30,2635.616634548502,2653.2789947204583,2610.3005370564806,2626.0986328125,4699596
2026-02-24 00:00:00+05:30,2591.460746119642,2597.8388206557183,2513.255787797201,2525.423095703125,7798833
2026-02-25 00:00:00+05:30,2547.3048106742554,2604.4130601353972,2546.3235684513456,2579.980224609375,3621285
2026-02-26 00:00:00+05:30,2600.292061423079,2620.8981494569975,2585.573427113137,2598.03515625,3464267
2026-02-27 00:00:00+05:30,2631.299321894741,2638.168017666852,2576.8403768444346,2587.92822265625,5083717
2026-03-02 00:00:00+05:30,2543.37985460111,2574.5834053591284,2531.8993684474203,2564.4765625,3374385
2026-03-04 00:00:00+05:30,2575.7609535201655,2585.5733762002424,2531.997452542583,2539.2587890625,3446434
2026-03-05 00:00:00+05:30,2551.229777430436,2560.551578540278,2498.6350985020495,2530.427490234375,2960636
2026-03-06 00:00:00+05:30,2523.7550365456814,2570.069622274581,2505.7002751879877,2509.625244140625,3998643
2026-03-09 00:00:00+05:30,2482.54302502939,2511.9802941008847,2458.0119674698108,2479.99169921875,3653428
2026-03-10 00:00:00+05:30,2493.3365235176843,2497.45769299971,2443.39138949283,2465.9599609375,4323710
2026-03-11 00:00:00+05:30,2461.053921737681,2473.711851651557,2413.954291083466,2418.6640625,2720664
2026-03-12 00:00:00+05:30,2413.6596961153996,2426.513825649523,2390.3060830242093,2396.5859375,2752075
2026-03-13 00:00:00+05:30,2391.287343235487,2400.0203033629555,2352.0376535639975,2365.284423828125,2466488
2026-03-16 00:00:00+05:30,2364.793830777467,2379.5124645789865,2321.7173916761253,2364.0087890625,3807907
2026-03-17 00:00:00+05:30,2374.6063631722786,2374.6063631722786,2315.7318252423875,2346.837158203125,2993367
2026-03-18 00:00:00+05:30,2364.793804301608,2436.326267951688,2364.793804301608,2395.01611328125,3082388
2026-03-19 00:00:00+05:30,2371.6624152761565,2378.5311107279285,2306.115387909886,2311.806640625,2757060
2026-03-20 00:00:00+05:30,2341.2440023374425,2362.6351312433567,2319.8528734315287,2345.7578125,4206320
2026-03-23 00:00:00+05:30,2320.6378037995523,2361.6537756859007,2303.956686393805,2339.085205078125,3860515
2026-03-24 00:00:00+05:30,2359.0045869106293,2389.7172776589064,2334.47353068287,2353.803955078125,3420182
2026-03-25 00:00:00+05:30,2355.864368126978,2376.1762738846405,2325.3478785890734,2332.80517578125,5843778
2026-03-27 00:00:00+05:30,2358.8080275261386,2376.6668272056972,2340.262645780238,2344.97265625,4979411
2026-03-30 00:00:00+05:30,2330.5484146912077,2353.0187649541185,2302.1903717438945,2314.652099609375,6804756
2026-04-01 00:00:00+05:30,2383.437228779803,2425.6306420517385,2352.9205014959025,2363.02734375,4132661
2026-04-02 00:00:00+05:30,2341.24390183887,2423.570027038862,2331.1370592120925,2404.730224609375,5378361
2026-04-06 00:00:00+05:30,2427.593337237373,2435.4432752720936,2402.2772391631793,2427.4951171875,2572417
2026-04-07 00:00:00+05:30,2414.837240451596,2496.182129281132,2402.0810908677395,2492.1591796875,4516550
2026-04-08 00:00:00+05:30,2523.755016821873,2531.899375247164,2492.453485493659,2511.195068359375,4769337
2026-04-09 00:00:00+05:30,2506.0927992754805,2556.136155878084,2483.622446743067,2540.436279296875,5628261
2026-04-10 00:00:00+05:30,2517.671257898199,2517.671257898199,2454.1849361455575,2476.94970703125,10480239
2026-04-13 00:00:00+05:30,2443.195026142192,2457.9136601554055,2423.6684008424363,2426.2197265625,3739587
2026-04-15 00:00:00+05:30,2454.9699887251027,2510.9990192902537,2446.629429262826,2506.975830078125,5261384
2026-04-16 00:00:00+05:30,2523.754997213638,2545.3423261167095,2510.0176060935014,2528.56298828125,3905403
2026-04-17 00:00:00+05:30,2521.7923752088177,2540.435976426315,2507.9567647966655,2533.07666015625,2718206
2026-04-20 00:00:00+05:30,2538.571963483115,2545.3424392975157,2513.15764504414,2531.212646484375,2288558
2026-04-21 00:00:00+05:30,2511.9802240950007,2564.9673069470045,2511.9802240950007,2561.532958984375,2719959
2026-04-22 00:00:00+05:30,2531.6050998221144,2531.6050998221144,2456.6382849386455,2490.883544921875,5232045
2026-04-23 00:00:00+05:30,2481.5617226658205,2511.4896121641627,2469.0999936393873,2474.496826171875,2509050
2026-04-24 00:00:00+05:30,2441.3307179215667,2458.0118361710306,2343.991534636913,2351.939453125,5107719
2026-04-27 00:00:00+05:30,2351.9393059532576,2412.874541687738,2351.9393059532576,2401.6884765625,5853425
2026-04-28 00:00:00+05:30,2398.155951805419,2440.349366669426,2381.867235359066,2398.8427734375,4508363
2026-04-29 00:00:00+05:30,2405.024637022461,2441.2323784506298,2401.688509360205,2428.280029296875,2835961
2026-04-30 00:00:00+05:30,2432.4995485090735,2444.2744555611544,2392.26861608113,2427.4951171875,3970446
2026-05-01 00:00:00+05:30,2427.4951171875,2427.4951171875,2427.4951171875,2427.4951171875,0
2026-05-04 00:00:00+05:30,2447.2181772447047,2451.4375668418284,2379.512461835769,2385.6943359375,2632358
2026-05-05 00:00:00+05:30,2384.418837601779,2414.248508305356,2366.9526763935437,2381.76953125,3385720
2026-05-06 00:00:00+05:30,2396.0953597954776,2424.6496051586114,2361.3594798924314,2389.71728515625,3147628
2026-05-07 00:00:00+05:30,2392.4647422177254,2393.9366055534624,2353.018852732181,2356.35498046875,5829594
2026-05-08 00:00:00+05:30,2353.018651512491,2361.8498307717123,2330.5483023329007,2349.486083984375,3792199
2026-05-11 00:00:00+05:30,2326.5252955775945,2369.699953108347,2326.5252955775945,2348.014404296875,1975188
2026-05-12 00:00:00+05:30,2330.450360002076,2330.450360002076,2240.176072372522,2257.151611328125,6347884
2026-05-13 00:00:00+05:30,2262.7444282326155,2265.8843552424923,2226.4384681959255,2230.167236328125,3171843
2026-05-14 00:00:00+05:30,2222.513720137884,2222.513720137884,2165.012827845418,2203.8701171875,5633313
2026-05-15 00:00:00+05:30,2209.7575636145925,2261.665183205434,2209.7575636145925,2221.532470703125,3410637
2026-05-18 00:00:00+05:30,2221.5322685970373,2249.8900714309348,2209.953563101145,2240.3720703125,3773336
2026-05-19 00:00:00+05:30,2256.857213357978,2333.0017090765828,2254.0117066090534,2283.448974609375,10394707
2026-05-20 00:00:00+05:30,2280.308816116464,2298.0693970332622,2274.3233820043192,2283.7431640625,2537422
2026-05-21 00:00:00+05:30,2287.275643394801,2292.0836345084317,2270.594525446405,2283.546875,3299087
2026-05-22 00:00:00+05:30,2287.373709336333,2296.1066687906364,2264.805139514887,2273.83251953125,2617262
2026-05-25 00:00:00+05:30,2312.3217190072714,2313.415817804508,2280.496215777924,2295.61328125,3298364
2026-05-26 00:00:00+05:30,2295.613098349941,2315.205623652634,2260.008270887014,2263.78759765625,3587597
2026-05-27 00:00:00+05:30,2262.5943570616037,2283.0821217701528,2248.571147658945,2271.744140625,2653950
2026-05-28 00:00:00+05:30,2271.744140625,2271.744140625,2271.744140625,2271.744140625,0
2026-05-29 00:00:00+05:30,2278.507085795833,2321.2726050840133,2222.81245602518,2246.58203125,16331582
2026-06-01 00:00:00+05:30,2271.5452382799426,2322.267132829976,2267.5670504720965,2284.8720703125,7505095
2026-06-02 00:00:00+05:30,2307.34897134468,2443.9996279549005,2303.569644295269,2433.556884765625,11306127
2026-06-03 00:00:00+05:30,2379.9508308808004,2379.9508308808004,2212.6680838914085,2229.475830078125,15660062
2026-06-04 00:00:00+05:30,2229.4759194813155,2240.8139007540485,2204.5129359355733,2228.77978515625,4867263
2026-06-05 00:00:00+05:30,2250.560184151513,2259.4117976453776,2180.0469028924485,2186.9091796875,5019717
2026-06-08 00:00:00+05:30,2158.1668832997775,2165.128711955583,2131.6125282744956,2139.668212890625,6536734
2026-06-09 00:00:00+05:30,2162.145087858845,2162.145087858845,2121.169801728995,2139.2705078125,4148655
2026-06-10 00:00:00+05:30,2139.568864676436,2168.907999188303,2133.1043096144995,2142.154541015625,2848650
2026-06-11 00:00:00+05:30,2115.4013888441136,2142.8509821277357,2098.494090484758,2123.95458984375,3079815
2026-06-12 00:00:00+05:30,2138.276030955957,2156.177876796519,2126.3414670622496,2149.61376953125,2124656
2026-06-15 00:00:00+05:30,2180.046856932239,2180.046856932239,2147.525221086398,2150.21044921875,3337083
2026-06-16 00:00:00+05:30,2155.183285992923,2196.954258771743,2148.818282502735,2187.0087890625,3079898
2026-06-17 00:00:00+05:30,2196.9542720106556,2218.8343055028395,2188.6994835403766,2210.8779296875,2865010
2026-06-18 00:00:00+05:30,2196.9542695909468,2201.927004470057,2170.101501243751,2191.285400390625,3735188
2026-06-19 00:00:00+05:30,2093.521413717831,2126.341464384191,2048.6672473500757,2113.412353515625,13286502
2026-06-22 00:00:00+05:30,2120.5729308842238,2145.237743488044,2109.434053749718,2116.197021484375,4566101
2026-06-23 00:00:00+05:30,2099.4885101234904,2102.4721508294924,2043.7938836114508,2048.368896484375,6392736
2026-06-24 00:00:00+05:30,2049.7612582514666,2109.1356624395376,2049.7612582514666,2097.49951171875,4747277
2026-06-25 00:00:00+05:30,2121.965363861958,2136.78401555451,2076.61392807904,2083.27734375,4738903
2026-06-26 00:00:00+05:30,2083.27734375,2083.27734375,2083.27734375,2083.27734375,0
2026-06-29 00:00:00+05:30,2078.6031371123327,2093.521341445675,2059.706744956766,2086.4599609375,3412470
2026-06-30 00:00:00+05:30,2078.60311543387,2092.8251853118586,2007.791421498655,2020.422119140625,6848411
2026-07-01 00:00:00+05:30,2028.776408877907,2040.8104030555382,1966.0205187179013,1971.788818359375,4658295
2026-07-02 00:00:00+05:30,1997.0503819057583,2065.5745732846704,1991.580373389582,2056.82275390625,6040621
2026-07-03 00:00:00+05:30,2088.5485393778363,2105.0581154318793,2073.6303355251375,2082.083984375,4028819
2026-07-06 00:00:00+05:30,2078.6031065753987,2081.5867473982344,2039.4180542258837,2046.3798828125,2567386
2026-07-07 00:00:00+05:30,2038.8212111731864,2111.124724588052,2037.8266642409067,2084.669921875,4769048
2026-07-08 00:00:00+05:30,2082.5813599967723,2098.1956989000228,2037.6278854106638,2046.2803955078125,3666985
2026-07-09 00:00:00+05:30,2046.280350211656,2053.7394523387943,2005.006651774823,2038.323974609375,3791498
2026-07-10 00:00:00+05:30,2093.7200783959847,2121.666943317309,2053.341620075063,2057.717529296875,6714551
2026-07-13 00:00:00+05:30,2063.684994131224,2192.8765503750355,2053.8390761022306,2169.604248046875,12382622
2026-07-14 00:00:00+05:30,2170.996422535663,2215.850586742918,2167.1177865856457,2188.60009765625,9546290
2026-07-15 00:00:00+05:30,2174.10009765625,2202.89990234375,2145.39990234375,2189.199951171875,5426489
2026-07-16 00:00:00+05:30,2206.0,2231.39990234375,2187.800048828125,2201.0,5197595
2026-07-17 00:00:00+05:30,2224.800048828125,2275.0,2215.10009765625,2269.0,5615138
2026-07-20 00:00:00+05:30,2280.10009765625,2283.39990234375,2245.10009765625,2251.10009765625,2202693
2026-07-21 00:00:00+05:30,2245.10009765625,2259.89990234375,2218.5,2221.10009765625,2382160
2026-07-22 00:00:00+05:30,2216.0,2226.800048828125,2201.0,2208.300048828125,1599665
2026-07-23 00:00:00+05:30,2204.0,2250.0,2193.60009765625,2242.89990234375,2503539
2026-07-24 00:00:00+05:30,2205.10009765625,2264.300048828125,2205.10009765625,2254.300048828125,3211699
2026-07-27 00:00:00+05:30,2286.0,2315.0,2272.39990234375,2295.60009765625,4007292
2026-07-28 00:00:00+05:30,2325.0,2417.39990234375,2323.0,2398.0,8248513
2026-07-29 00:00:00+05:30,2440.0,2475.5,2415.10009765625,2446.60009765625,7169419
2026-07-30 00:00:00+05:30,2440.0,2495.0,2423.0,2431.800048828125,4901582
2026-07-31 00:00:00+05:30,2385.0,2391.0,2326.10009765625,2365.60009765625,4343683
2026-08-03 00:00:00+05:30,2383.89990234375,2473.699951171875,2383.0,2473.699951171875,3036839
2026-08-04 00:00:00+05:30,2463.10009765625,2467.39990234375,2435.10009765625,2460.0,2792792
2026-08-05 00:00:00+05:30,2460.0,2460.89990234375,2408.0,2413.0,3014409
2026-08-06 00:00:00+05:30,2417.0,2434.5,2368.5,2373.0,2729141
2026-08-07 00:00:00+05:30,2375.0,2457.699951171875,2375.0,2452.699951171875,4547979
2026-08-10 00:00:00+05:30,2452.699951171875,2472.89990234375,2423.5,2425.699951171875,2322023
2026-08-11 00:00:00+05:30,2438.0,2456.60009765625,2428.0,2445.699951171875,1514105
2026-08-12 00:00:00+05:30,2445.699951171875,2445.800048828125,2300.10009765625,2349.699951171875,7022647
2026-08-13 00:00:00+05:30,2349.699951171875,2375.0,2332.300048828125,2375.0,2123494
2026-08-14 00:00:00+05:30,2375.10009765625,2390.0,2333.39990234375,2361.0,2232160
2026-08-17 00:00:00+05:30,2351.0,2361.10009765625,2310.60009765625,2313.199951171875,2237636
2026-08-18 00:00:00+05:30,2300.0,2307.0,2280.0,2280.0,1797822
2026-08-19 00:00:00+05:30,2293.60009765625,2308.199951171875,2258.300048828125,2289.0,3368922
2026-08-20 00:00:00+05:30,2319.39990234375,2329.0,2288.10009765625,2298.0,2047848
2026-08-21 00:00:00+05:30,2290.10009765625,2307.199951171875,2263.300048828125,2302.0,2066749
2026-08-24 00:00:00+05:30,2302.39990234375,2321.60009765625,2279.5,2284.10009765625,1542723
2026-08-25 00:00:00+05:30,2305.0,2313.5,2262.0,2296.199951171875,3041609
2026-08-26 00:00:00+05:30,2305.10009765625,2306.300048828125,2266.39990234375,2270.0,1660737
2026-08-27 00:00:00+05:30,2270.0,2283.60009765625,2243.89990234375,2248.39990234375,1709113
2026-08-28 00:00:00+05:30,2272.0,2348.5,2263.300048828125,2342.0,4054069
2026-08-31 00:00:00+05:30,2342.0,2399.300048828125,2306.199951171875,2399.300048828125,2905846
2026-09-01 00:00:00+05:30,2355.0,2372.0,2325.0,2369.0,2678034
2026-09-02 00:00:00+05:30,2347.89990234375,2363.0,2303.5,2348.0,2533005
2026-09-03 00:00:00+05:30,2353.60009765625,2353.60009765625,2316.10009765625,2320.10009765625,1892786
2026-09-04 00:00:00+05:30,2330.0,2363.89990234375,2302.39990234375,2304.0,2564322
